pl_name,hostname,discoverymethod,disc_year,pl_orbper,pl_rade,pl_radj,pl_bmasse,pl_bmassj,pl_eqt,sy_dist,st_teff,st_mass,st_rad,DBSCAN_Cluster,Cluster_Name,LOF_Score,LOF_Label,Potential_Outlier,Outlier_Status
HD 2039 b,HD 2039,Radial Velocity,2002,1120.0,12.7,1.14,1999.1507,6.29,210.84,85.6922,5945.0,1.23,1.19,0,Cluster 0,1.0236143914133415,1,False,Normal
KOI-142 b,KOI-142,Transit,2013,10.91647,3.438,0.30671782,9.5,0.03,758.0,376.863,5466.0,0.99,0.897,1,Cluster 1,1.1778966445764993,1,False,Normal
HAT-P-8 b,HAT-P-8,Transit,2008,3.07634,15.6926,1.4,406.8224,1.28,1713.0,211.553,6200.0,1.27,1.57,0,Cluster 0,0.9706937065056558,1,False,Normal
K2-43 b,K2-43,Transit,2016,3.471149,4.51,0.40235525,18.5,0.0583,939.3,182.536,3840.6,0.571,0.542,1,Cluster 1,1.3080589455970784,1,False,Normal
Kepler-1753 b,Kepler-1753,Transit,2021,16.00460052,2.22678077,0.19866042,5.59,0.0176,583.0,707.688,5180.0,0.86,0.769,1,Cluster 1,0.9880749153081736,1,False,Normal
Kepler-1176 b,Kepler-1176,Transit,2016,24.1738579,2.45,0.21857436,6.57,0.0207,595.0,864.699,5844.0,1.01,1.02,1,Cluster 1,0.9794531475245314,1,False,Normal
K2-126 b,K2-126,Transit,2017,7.385655,1.97,0.17575163,4.54,0.0143,601.0,102.953,4339.0,0.69,0.65,1,Cluster 1,0.9730122241414282,1,False,Normal
Kepler-1263 b,Kepler-1263,Transit,2016,4.55139967,1.14,0.10170399,1.55,0.00489,907.0,664.83,5213.0,0.84,0.8,1,Cluster 1,0.9985954014174961,1,False,Normal
Kepler-1416 b,Kepler-1416,Transit,2016,1.49514952,0.88,0.07850834,0.615,0.00193,1870.0,949.59,6019.0,1.09,1.15,1,Cluster 1,1.0552828789278441,1,False,Normal
Kepler-1542 c,Kepler-1542,Transit,2016,2.89223021,0.65,0.05798912,0.208,0.000653,1287.0,399.114,5564.0,0.94,0.99,1,Cluster 1,1.0396648081636648,1,False,Normal
K2-85 b,K2-85,Transit,2016,0.68453862616,1.4,0.12489985,3.2,0.01006833,1355.0,97.2179,4232.0,0.7,0.71,1,Cluster 1,1.240099106544117,1,False,Normal
Kepler-368 c,Kepler-368,Transit,2014,72.379334,3.88,0.346,14.3,0.0451,575.0,770.978,5502.0,1.165,2.019,1,Cluster 1,1.7565548575371932,-1,True,Potential Outlier
K2-123 b,K2-123,Transit,2017,30.951524,2.76,0.24623071,8.05,0.0253,338.0,161.555,4035.0,0.62,0.59,1,Cluster 1,0.9966388187166558,1,False,Normal
Kepler-770 b,Kepler-770,Transit,2016,18.92540274,2.3,0.20519226,5.9,0.0186,1171.0,930.457,5598.0,0.94,0.92,1,Cluster 1,1.008496946974754,1,False,Normal
Kepler-1399 b,Kepler-1399,Transit,2016,1.638653058,1.25,0.11151753,2.1,0.0066,1610.0,1385.7,5735.0,0.97,0.96,1,Cluster 1,0.9919899825556662,1,False,Normal
Kepler-723 b,Kepler-723,Transit,2016,4.082275068,12.19,1.08751896,,,1016.0,1071.8,5539.0,0.92,0.89,0,Cluster 0,0.9849371361720453,1,False,Normal
K2-107 b,K2-107,Transit,2017,3.313959,15.98,1.42564011,266.9772,0.84,1649.0,685.2,6061.0,1.3,1.81,0,Cluster 0,0.9902025755008947,1,False,Normal
K2-45 b,K2-45,Transit,2016,1.7292684,6.71,0.5986261,36.4,0.114,1073.56,495.317,4103.0,0.503,0.445,1,Cluster 1,1.6783359404849332,-1,True,Potential Outlier
K2-365 b,K2-365,Transit,2022,23.448172,2.906,0.2592564,8.78,0.0276,,187.222,5561.0,0.823,1.051,1,Cluster 1,1.139848556559762,1,False,Normal
K2-127 b,K2-127,Transit,2017,3.588163,8.37,0.74672138,52.9,0.167,809.0,709.999,4575.0,0.72,0.66,0,Cluster 0,1.030980368028459,1,False,Normal
K2-195 b,K2-195,Transit,2018,15.852975,3.13,0.2792399,9.96,0.0313,720.0,315.014,5713.0,0.94,0.99,1,Cluster 1,1.011363666343303,1,False,Normal
K2-80 c,K2-80,Transit,2016,5.605,1.47,0.13114462,2.76,0.00869,1002.42,200.802,5441.0,0.9,0.87,1,Cluster 1,0.9781713881930527,1,False,Normal
K2-229 c,K2-229,Transit,2018,8.32727,2.03,0.18110447,7.0,0.02202446,750.0,102.564,5315.0,0.87,0.79,1,Cluster 1,1.1290162619647885,1,False,Normal
HAT-P-3 b,HAT-P-3,Transit,2007,2.8997,10.53646,0.94,206.5895,0.65,1189.0,134.554,5185.0,1.06,0.87,0,Cluster 0,1.0547908568440165,1,False,Normal
WASP-32 b,WASP-32,Transit,2010,2.71866,10.76064,0.96,835.8929,2.63,1388.0,275.994,6140.0,0.72,0.95,0,Cluster 0,1.9477685094501418,-1,True,Potential Outlier
WASP-24 b,WASP-24,Transit,2010,2.34121,15.46842,1.38,394.1092,1.24,1772.0,322.114,6075.0,1.43,1.42,0,Cluster 0,1.0279679461172728,1,False,Normal
Kepler-65 c,Kepler-65,Transit,2012,5.859944,2.58,0.23,5.4,0.017,1246.0,303.728,6211.0,1.25,1.41,1,Cluster 1,1.022027553020167,1,False,Normal
TrES-2 b,TrES-2,Transit,2006,2.47063,15.24424,1.36,473.5667,1.49,1466.0,215.32,5850.0,1.36,1.12,0,Cluster 0,1.164814930532818,1,False,Normal
Kepler-939 b,Kepler-939,Transit,2016,14.878296,1.75,0.15612454,3.71,0.0117,692.0,2093.62,5471.0,0.88,0.85,1,Cluster 1,1.0477402490596108,1,False,Normal
Kepler-1028 b,Kepler-1028,Transit,2016,2.51462432,1.33,0.11865465,2.33,0.00733,1217.0,607.916,5522.0,0.9,0.87,1,Cluster 1,0.9955709454464106,1,False,Normal
HAT-P-67 b,HAT-P-67,Transit,2017,4.8101069,23.9872187,2.14,143.02278315,0.45,1903.0,371.686,6640.0,1.73,2.62,0,Cluster 0,1.5822656390800507,-1,True,Potential Outlier
Kepler-1101 b,Kepler-1101,Transit,2016,81.3151059,2.47,0.22035864,6.66,0.021,393.0,742.473,5614.0,0.94,0.91,1,Cluster 1,1.0083276955567488,1,False,Normal
Kepler-1388 b,Kepler-1388,Transit,2016,12.2854603,2.59,0.23106432,7.22,0.0227,434.0,453.795,4098.0,0.63,0.61,1,Cluster 1,0.9938221633416784,1,False,Normal
Kepler-768 b,Kepler-768,Transit,2016,11.3910025,1.79,0.1596931,3.86,0.0121,618.0,784.56,5108.0,0.82,0.78,1,Cluster 1,1.0172583230974641,1,False,Normal
Kepler-796 b,Kepler-796,Transit,2016,6.40087618,1.3,0.11597823,2.24,0.00705,1109.0,817.584,5475.0,0.93,1.09,1,Cluster 1,0.995483741290865,1,False,Normal
Kepler-110 b,Kepler-110,Transit,2014,12.691112,1.83,0.163,4.01,0.0126,1008.0,586.531,5960.0,0.989,1.149,1,Cluster 1,1.0242421158128996,1,False,Normal
Kepler-1042 b,Kepler-1042,Transit,2016,10.13202575,2.19,0.19537871,5.43,0.0171,574.0,659.0,4815.0,0.75,0.72,1,Cluster 1,0.9953223770572233,1,False,Normal
Kepler-334 c,Kepler-334,Transit,2014,12.758005,1.43,0.128,2.63,0.00829,822.0,426.59,5828.0,1.022,1.068,1,Cluster 1,1.0198594326808805,1,False,Normal
Kepler-937 b,Kepler-937,Transit,2016,67.668827,3.72,0.33187617,13.4,0.042,495.0,1571.46,6095.0,1.15,1.22,1,Cluster 1,1.0873363495150419,1,False,Normal
Kepler-1117 b,Kepler-1117,Transit,2016,4.79028459,1.11,0.09902757,1.41,0.00444,938.0,568.487,5612.0,0.95,0.93,1,Cluster 1,1.0134101019318653,1,False,Normal
Kepler-1789 b,Kepler-1789,Transit,2021,80.23190308,2.83137505,0.2525988,8.4,0.0264,380.0,611.461,5436.0,0.92,0.888,1,Cluster 1,1.0093609266488195,1,False,Normal
Kepler-1831 b,Kepler-1831,Transit,2021,5.78387022,1.97019818,0.17576961,4.54,0.0143,1051.0,1053.49,6063.0,1.117,1.012,1,Cluster 1,1.01840351866222,1,False,Normal
Kepler-1245 b,Kepler-1245,Transit,2016,4.35409304,1.44,0.1284682,2.67,0.00839,1043.0,805.936,5306.0,0.86,0.83,1,Cluster 1,0.9939693874272224,1,False,Normal
Kepler-114 b,Kepler-114,Transit,2014,5.188549,1.26,0.112,1.09,0.00342952,586.0,259.533,4605.0,0.77,0.667,1,Cluster 1,1.140062801605109,1,False,Normal
Kepler-1105 b,Kepler-1105,Transit,2016,4.421572182,2.01,0.17932019,4.7,0.0148,729.0,318.004,4299.0,0.71,0.68,1,Cluster 1,1.0062936185124107,1,False,Normal
Kepler-187 b,Kepler-187,Transit,2014,4.938864,1.41,0.126,2.57,0.00809,1244.0,1143.0,6105.0,1.081,1.287,1,Cluster 1,0.9745403460129207,1,False,Normal
Kepler-1379 b,Kepler-1379,Transit,2016,0.881841146,1.3,0.11597823,2.24,0.00705,1564.0,971.325,5188.0,0.83,0.79,1,Cluster 1,1.0363103922469599,1,False,Normal
Kepler-304 c,Kepler-304,Transit,2014,5.315946,2.17,0.194,5.35,0.0168,746.0,434.684,4731.0,0.737,0.687,1,Cluster 1,0.9616081418327427,1,False,Normal
Kepler-1291 b,Kepler-1291,Transit,2016,8.63043276,1.66,0.14809528,3.39,0.0107,739.0,897.352,5216.0,0.84,0.8,1,Cluster 1,0.9948408594569067,1,False,Normal
Kepler-304 e,Kepler-304,Transit,2016,1.499146953,1.2,0.10705683,1.87,0.00588,1137.0,434.684,4817.0,0.8,0.73,1,Cluster 1,1.0851244750155176,1,False,Normal
Kepler-461 b,Kepler-461,Transit,2016,8.313783059,2.58,0.23017218,7.18,0.0226,886.0,692.158,5634.0,0.98,0.91,1,Cluster 1,0.9952085046057799,1,False,Normal
Kepler-1894 b,Kepler-1894,Transit,2021,2.762660027,1.20117759,0.10716207,1.87,0.0059,1231.0,935.191,5772.0,0.999,0.901,1,Cluster 1,0.9814186836540303,1,False,Normal
Kepler-576 b,Kepler-576,Transit,2016,29.91136794,3.27,0.29172986,10.7,0.0338,541.0,617.55,5672.0,0.99,0.97,1,Cluster 1,1.0230093044232873,1,False,Normal
Kepler-1893 b,Kepler-1893,Transit,2021,4.179369926,1.70557445,0.15216142,3.55,0.0112,1194.0,1050.72,5633.0,0.973,1.162,1,Cluster 1,1.0056844499395694,1,False,Normal
Kepler-1601 b,Kepler-1601,Transit,2016,2.20921951,0.82,0.0731555,0.477,0.0015,1507.0,644.456,5869.0,1.04,1.07,1,Cluster 1,0.9892706987263281,1,False,Normal
Kepler-1922 b,Kepler-1922,Transit,2021,13.22259998,2.29064904,0.20435837,5.86,0.0184,740.0,1344.29,5931.0,0.953,0.863,1,Cluster 1,1.1073009015216382,1,False,Normal
HD 80653 b,HD 80653,Transit,2020,0.71957926,1.621,0.14461618,5.61,0.01765103,2438.0,109.86,5959.0,1.15,1.199,1,Cluster 1,1.2690474740792748,1,False,Normal
Kepler-1542 d,Kepler-1542,Transit,2016,5.99273738,0.87,0.0776162,0.59,0.00186,1010.0,399.114,5564.0,0.94,0.99,1,Cluster 1,1.0041204832249844,1,False,Normal
Kepler-666 b,Kepler-666,Transit,2016,4.49876092,2.4,0.21411366,6.35,0.02,1133.0,1508.71,5887.0,1.03,1.05,1,Cluster 1,1.0069795889380289,1,False,Normal
Kepler-211 c,Kepler-211,Transit,2014,6.04045,1.29,0.115,18.3,0.058,841.0,309.353,5123.0,0.867,0.816,2,Cluster 2,1.2739474895566323,1,False,Normal
Kepler-203 c,Kepler-203,Transit,2014,5.370647,2.47,0.22,749.9,2.36,1096.0,703.302,5821.0,1.06,1.114,2,Cluster 2,2.627304012211334,-1,True,Potential Outlier
GJ 674 b,GJ 674,Radial Velocity,2007,4.6938,3.33,0.297,11.09,0.035,530.8,4.54896,3600.0,0.35,0.36463,1,Cluster 1,1.1546079884927674,1,False,Normal
OGLE-TR-182 b,OGLE-TR-182,Transit,2007,3.9791,12.666,1.13,320.995,1.01,1550.0,2501.75,5924.0,1.14,1.14,0,Cluster 0,1.0233974639833847,1,False,Normal
HD 69830 c,HD 69830,Radial Velocity,2006,31.56,3.46,0.309,11.8,0.0371,567.04,12.5591,5385.0,0.86,0.886947,1,Cluster 1,1.0781326951740067,1,False,Normal
GJ 3021 b,GJ 3021,Radial Velocity,2000,133.71,13.1,1.17,1071.04,3.37,350.0,17.5559,5540.0,0.9,0.9,0,Cluster 0,1.0764126242086285,1,False,Normal
HD 221287 b,HD 221287,Radial Velocity,2007,456.1,13.1,1.17,982.05,3.09,290.13,55.9231,6304.0,1.25,1.13864,0,Cluster 0,1.006116945456275,1,False,Normal
HD 47536 b,HD 47536,Radial Velocity,2002,712.13,12.6,1.13,2330.0,7.32,736.52,122.536,4380.0,2.1,23.47,3,Cluster 3,1.4676059281213163,1,False,Normal
HD 107148 b,HD 107148,Radial Velocity,2005,48.056,9.6,0.856,66.741,0.21,582.78,49.4156,5797.0,1.12,1.169193,0,Cluster 0,1.0356605080957924,1,False,Normal
HD 179949 b,HD 179949,Radial Velocity,2000,3.092514,13.9,1.24,291.12,0.916,1590.53,27.4573,6168.0,1.21,1.266865,0,Cluster 0,0.9601252674229377,1,False,Normal
HD 188015 b,HD 188015,Radial Velocity,2004,461.2,13.6,1.21,476.72,1.5,267.98,50.6706,5746.0,1.09,1.125296,0,Cluster 0,0.9739519310930065,1,False,Normal
HD 27442 b,HD 27442,Radial Velocity,2000,428.1,13.5,1.21,495.8,1.56,369.62,18.2704,4846.0,1.23,3.18,3,Cluster 3,1.1756778912448018,1,False,Normal
HD 46375 b,HD 46375,Radial Velocity,2000,3.023573,10.0,0.894,71.8,0.226,1221.4,29.5529,5285.0,0.92,0.914196,0,Cluster 0,1.0270311142873014,1,False,Normal
HAT-P-2 b,HAT-P-2,Transit,2007,5.6335158,10.659759,0.951,2866.81223114,9.02,1540.0,127.774,6380.0,1.33,1.39,0,Cluster 0,1.1713106486066787,1,False,Normal
HD 109749 b,HD 109749,Radial Velocity,2005,5.239891,11.1,0.993,85.8141,0.27,1250.83,63.0821,5824.0,1.13,1.22,0,Cluster 0,1.038279676019215,1,False,Normal
HD 149143 b,HD 149143,Radial Velocity,2005,4.07182,13.6,1.22,422.7139,1.33,1471.9,73.2801,5856.0,1.2,1.44,0,Cluster 0,1.0074509732665249,1,False,Normal
HD 224693 b,HD 224693,Radial Velocity,2006,26.6904,14.0,1.25,222.481,0.7,903.45,93.5015,5894.0,1.31,1.93,0,Cluster 0,1.1002112512245001,1,False,Normal
HD 231701 b,HD 231701,Radial Velocity,2007,141.63,13.7,1.22,359.1479,1.13,483.27,108.877,6101.0,1.21,1.53,0,Cluster 0,1.0457463448558988,1,False,Normal
HIP 14810 b,HIP 14810,Radial Velocity,2005,6.673892,13.0,1.16,1239.537,3.9,1048.2,50.48,5544.0,1.01,1.07,0,Cluster 0,1.0161695058525972,1,False,Normal
HIP 14810 d,HIP 14810,Radial Velocity,2009,981.8,14.1,1.26,187.5197,0.59,198.54,50.48,5544.0,1.01,1.07,0,Cluster 0,0.9786990877303634,1,False,Normal
HD 207832 b,HD 207832,Radial Velocity,2012,160.07,14.2,1.26,177.9848,0.56,340.28,58.9291,5726.0,1.05,0.89,0,Cluster 0,1.07070371209668,1,False,Normal
HD 37605 c,HD 37605,Radial Velocity,2012,2720.0,13.1,1.17,1013.8777,3.19,126.75,46.7864,5329.0,0.94,0.91,0,Cluster 0,1.00660428381062,1,False,Normal
HD 1605 c,HD 1605,Radial Velocity,2015,2149.0,13.0,1.16,1150.5446,3.62,233.88,88.8047,4915.0,1.33,3.49,3,Cluster 3,1.3004164358906474,1,False,Normal
HD 55696 b,HD 55696,Radial Velocity,2018,1827.0,12.9,1.16,1357.12729789,4.27,200.43,77.9693,6012.0,1.29,1.52,0,Cluster 0,1.0523727546039015,1,False,Normal
HD 148164 c,HD 148164,Radial Velocity,2018,5062.0,12.8,1.15,1640.0028,5.16,135.77,77.1971,6032.0,1.21,1.34,0,Cluster 0,1.0783704478636076,1,False,Normal
HD 211810 b,HD 211810,Radial Velocity,2018,1558.0,14.0,1.25,212.9461,0.67,177.77,64.6353,5652.0,1.03,1.13,0,Cluster 0,0.9706988815228474,1,False,Normal
HD 221416 b,HD 221416,Transit,2019,14.2767,9.17,0.836,60.5,0.19,1314.67,95.5483,5080.0,1.212,2.943,0,Cluster 0,1.433592589317367,1,False,Normal
Kepler-595 c,Kepler-595,Transit,2020,12.38602,1.009,0.09001695,3.3,0.01038291,679.0,643.009,5138.5,0.93,0.821,1,Cluster 1,1.5260340363496938,-1,True,Potential Outlier
Kepler-595 b,Kepler-595,Transit,2016,25.3029092,3.708,0.3308056,17.4,0.05474625,535.0,643.009,5138.5,0.93,0.821,1,Cluster 1,1.2193921391456297,1,False,Normal
PSR B1257+12 b,PSR B1257+12,Pulsar Timing,1994,25.262,0.338,0.0302,0.02,6.293e-05,,600.0,,1.4,,1,Cluster 1,2.051341678528933,-1,True,Potential Outlier
PSR B1257+12 c,PSR B1257+12,Pulsar Timing,1992,66.5419,1.91,0.17,4.3,0.01352925,,600.0,,1.4,,1,Cluster 1,1.5720271741183098,-1,True,Potential Outlier
OGLE-TR-211 b,OGLE-TR-211,Transit,2007,3.67724,15.244,1.36,327.351,1.03,1686.0,1515.26,6325.0,1.33,1.64,0,Cluster 0,0.9856673345301183,1,False,Normal
Lupus-TR-3 b,Lupus-TR-3,Transit,2007,3.91405,9.976,0.89,257.431,0.81,1013.56,773.409,5000.0,0.87,0.82,0,Cluster 0,1.0120620788228964,1,False,Normal
2MASS J04414489+2301513 b,2MASS J04414489+2301513,Imaging,2010,,12.6,1.13,2383.6,7.5,17.6,120.42398696,2936.0,0.019,0.231916,0,Cluster 0,1.984081293838265,-1,True,Potential Outlier
WASP-21 b,WASP-21,Transit,2010,4.322482,11.99,1.07,95.345,0.3,1333.0,258.426,5800.0,1.01,1.06,0,Cluster 0,1.041737500256982,1,False,Normal
CoRoT-10 b,CoRoT-10,Transit,2010,13.2406,10.87,0.97,874.0,2.75,600.0,338.386,5075.0,0.89,0.79,0,Cluster 0,1.2166824992953513,1,False,Normal
CoRoT-12 b,CoRoT-12,Transit,2010,2.828042,16.14,1.44,291.438,0.917,1442.0,1126.37,5675.0,1.078,1.116,0,Cluster 0,1.094576048417079,1,False,Normal
CoRoT-11 b,CoRoT-11,Transit,2010,2.99433,16.03,1.43,740.51,2.33,1657.0,655.037,6440.0,1.27,1.37,0,Cluster 0,1.1270615086791786,1,False,Normal
CoRoT-13 b,CoRoT-13,Transit,2010,4.03519,9.92,0.885,415.704,1.308,1700.0,1148.93,5945.0,1.09,1.01,0,Cluster 0,1.2039391080789217,1,False,Normal
HD 285968 b,HD 285968,Radial Velocity,2008,8.7836,2.83,0.253,8.4,0.026,450.0,9.47045,3703.49,0.5,0.478214,1,Cluster 1,0.9987065886797402,1,False,Normal
HD 205739 b,HD 205739,Radial Velocity,2008,279.8,13.6,1.21,435.41,1.37,362.84,92.5087,6176.0,1.22,1.33,0,Cluster 0,0.9934439221359732,1,False,Normal
CoRoT-3 b,CoRoT-3,Transit,2008,4.2568,11.32,1.01,6883.91,21.66,1695.0,768.771,6740.0,1.37,1.56,0,Cluster 0,1.1999895381616374,1,False,Normal
HD 16417 b,HD 16417,Radial Velocity,2008,17.24,5.0,0.446,22.1,0.0696,964.0,25.3936,5841.0,1.2,1.639984,1,Cluster 1,1.2029841973985742,1,False,Normal
AB Pic b,AB Pic,Imaging,2005,,12.3,1.1,4290.5,13.5,15.8,50.0475,5285.0,0.9,0.999394,0,Cluster 0,1.1936489726067943,1,False,Normal
CT Cha b,CT Cha,Imaging,2007,,24.66,2.2,5403.0,17.0,2600.0,190.72,4403.0,,1.679694,0,Cluster 0,1.2990832196910334,1,False,Normal
HD 9446 b,HD 9446,Radial Velocity,2009,30.052,14.0,1.25,222.472,0.7,642.55,50.3503,5793.0,1.0,1.0,0,Cluster 0,0.9966084253554868,1,False,Normal
Kepler-4 b,Kepler-4,Transit,2009,3.21346,4.002,0.357,24.472,0.077,1650.0,487.916,5857.0,1.223,1.487,1,Cluster 1,1.1723697580736787,1,False,Normal
GJ 876 c,GJ 876,Radial Velocity,2000,30.0881,14.0,1.25,226.9846,0.7142,241.66,4.67517,3293.74,0.32,0.3,4,Cluster 4,1.0444906258976012,1,False,Normal
HIP 79431 b,HIP 79431,Radial Velocity,2009,111.7,13.4,1.19,667.415,2.1,177.42,14.5324,3191.0,0.49,0.478625,4,Cluster 4,1.0178177860545876,1,False,Normal
WASP-31 b,WASP-31,Transit,2010,3.4059096,17.363,1.549,151.916,0.478,1423.7,383.829,6302.0,1.163,1.252,0,Cluster 0,1.249153269659961,1,False,Normal
24 Sex b,24 Sex,Radial Velocity,2010,452.8,13.4,1.19,632.46,1.99,471.32,72.0691,5098.0,1.54,4.9,3,Cluster 3,1.0826934556469041,1,False,Normal
WASP-37 b,WASP-37,Transit,2010,3.577469,13.002,1.16,572.07,1.8,1232.5,392.791,5800.0,0.925,1.003,0,Cluster 0,1.193227070127134,1,False,Normal
Kepler-9 d,Kepler-9,Transit,2010,1.592851,1.64,0.146,8.41466053,0.026473,2026.0,628.257,5777.0,1.07,1.02,1,Cluster 1,1.0807495007899455,1,False,Normal
KOI-217 b,KOI-217,Transit,2010,3.90512,12.442,1.11,,,1046.0,914.699,5545.0,0.95,0.86,0,Cluster 0,0.9919968586586594,1,False,Normal
HD 90156 b,HD 90156,Radial Velocity,2011,49.77,4.43,0.395,17.98,0.057,518.01,21.9496,5599.0,0.84,0.920286,1,Cluster 1,1.164789802230617,1,False,Normal
HD 177830 c,HD 177830,Radial Velocity,2010,110.9,7.87,0.702,47.6725,0.15,538.95,62.7674,4949.0,1.47,2.62,1,Cluster 1,1.549987641773359,-1,True,Potential Outlier
ups And b,ups And,Radial Velocity,1996,4.617033,14.0,1.25,218.531,0.6876,1523.73,13.4054,6156.77,1.3,1.56,0,Cluster 0,0.996065521506296,1,False,Normal
ups And d,ups And,Radial Velocity,1999,1276.46,12.5,1.11,3257.74117175,10.25,233.9,13.4054,6156.77,1.3,1.56,0,Cluster 0,1.1590664336795395,1,False,Normal
OGLE-2017-BLG-0373L b,OGLE-2017-BLG-0373L,Microlensing,2018,,14.0,1.25,127.0,0.401,,5915.0,,0.248,,0,Cluster 0,0.9711929429208807,1,False,Normal
Kepler-1737 b,Kepler-1737,Transit,2021,64.61750031,5.395,0.48131049,25.1,0.079,383.0,,5043.0,0.834,0.881,1,Cluster 1,1.150846193005934,1,False,Normal
K2-269 b,K2-269,Transit,2018,4.144965,1.57,0.14006602,3.09,0.00972,1429.0,360.76,6209.0,1.16,1.45,1,Cluster 1,1.0351226010961265,1,False,Normal
TOI-1249 b,TOI-1249,Transit,2024,13.079151,3.2710301,0.29182226,11.9,0.03744159,726.89,139.49,5497.0,1.0062,0.9785,1,Cluster 1,1.1566108378641924,1,False,Normal
Kepler-106 d,Kepler-106,Transit,2014,23.9802,0.95,0.085,8.1,0.02548532,649.0,444.322,5858.0,1.0,1.04,1,Cluster 1,1.360129783885707,1,False,Normal
Kepler-1031 b,Kepler-1031,Transit,2016,1.22621732,0.87,0.0776162,0.59,0.00186,2024.0,682.882,6011.0,1.09,1.12,1,Cluster 1,1.07564083765872,1,False,Normal
CD-35 2722 b,CD-35 2722,Imaging,2011,,17.37392009,1.55,9375.9380065,29.5,1800.0,22.3896,3689.0,0.4,0.558549,0,Cluster 0,1.207078341673319,1,False,Normal
Kepler-948 b,Kepler-948,Transit,2016,7.76846622,1.85,0.16504595,4.08,0.0128,841.0,868.017,5679.0,0.96,0.94,1,Cluster 1,0.9782713846717581,1,False,Normal
OGLE-2014-BLG-0319L b,OGLE-2014-BLG-0319L,Microlensing,2022,,14.1,1.26,181.16219199,0.57,,7730.0,,0.52,,0,Cluster 0,1.0143853146780522,1,False,Normal
OGLE-2018-BLG-1011L b,OGLE-2018-BLG-1011L,Microlensing,2019,,13.5,1.2,570.0,1.8,,7100.0,,0.18,,0,Cluster 0,1.0517564846616498,1,False,Normal
WASP-61 b,WASP-61,Transit,2012,3.8559,15.80469,1.41,851.7844,2.68,1624.4,488.66,6250.0,1.82,1.55,0,Cluster 0,1.4259077753066016,1,False,Normal
KMT-2022-BLG-0303L b,KMT-2022-BLG-0303L,Microlensing,2024,,14.2,1.27,163.04597279,0.513,,6570.0,,0.368,,0,Cluster 0,0.9780877489607992,1,False,Normal
OGLE-2019-BLG-0954L b,OGLE-2019-BLG-0954L,Microlensing,2021,,12.3,1.1,4513.1633794,14.2,,3630.0,,0.8,,0,Cluster 0,1.1528979476296246,1,False,Normal
WASP-123 b,WASP-123,Transit,2016,2.97764359,15.13212395,1.35,285.72917,0.899,1500.0,197.996,5740.0,1.166,1.285,0,Cluster 0,0.9865022172605951,1,False,Normal
Kepler-1882 b,Kepler-1882,Transit,2021,13.78730011,1.48674404,0.13263865,2.81,0.00886,894.0,443.371,5691.0,1.068,1.458,1,Cluster 1,1.1903794168840165,1,False,Normal
KOI-984 b,KOI-984,Transit,2022,4.2881785,4.3,0.38362097,17.1,0.0537,1022.0,252.667,5295.0,0.928,0.818,1,Cluster 1,1.2154201527429707,1,False,Normal
Kepler-1573 b,Kepler-1573,Transit,2016,2.6157554,1.2,0.10705683,1.87,0.00588,1379.0,1455.36,5808.0,1.01,1.0,1,Cluster 1,1.0071155314122924,1,False,Normal
Kepler-802 b,Kepler-802,Transit,2016,40.0587473,3.54,0.31581765,12.3,0.0386,489.0,780.585,5507.0,0.93,0.9,1,Cluster 1,1.077074217577946,1,False,Normal
KMT-2023-BLG-1454L b,KMT-2023-BLG-1454L,Microlensing,2024,,14.1,1.26,200.23189641,0.63,,7220.0,,0.17,,0,Cluster 0,1.0259514737915816,1,False,Normal
Kepler-1440 b,Kepler-1440,Transit,2016,39.859484,1.26,0.11240967,2.13,0.00669,597.0,1115.35,5698.0,0.98,0.96,1,Cluster 1,1.1691403134187406,1,False,Normal
WASP-130 b,WASP-130,Transit,2016,11.55098,9.97601,0.89,390.9309,1.23,833.0,172.256,5625.0,1.04,0.96,0,Cluster 0,1.0245603920340747,1,False,Normal
OGLE-2017-BLG-1049L b,OGLE-2017-BLG-1049L,Microlensing,2020,,12.8,1.14,1760.0,5.53,,5670.0,,0.55,,0,Cluster 0,1.1213221257595973,1,False,Normal
Kepler-949 b,Kepler-949,Transit,2016,8.689307296,2.91,0.25961281,8.8,0.0277,782.0,486.105,5403.0,0.89,0.86,1,Cluster 1,0.9973726805322631,1,False,Normal
Kepler-1964 b,Kepler-1964,Transit,2021,2.440829992,1.7810587,0.15889569,3.83,0.012,986.0,,4803.0,0.752,0.698,1,Cluster 1,1.0593741880338963,1,False,Normal
KMT-2023-BLG-1592L b,KMT-2023-BLG-1592L,Microlensing,2026,,14.1,1.26,184.34047606,0.58,,7200.0,,0.55,,0,Cluster 0,0.9716315470052447,1,False,Normal
OGLE-2019-BLG-0362L b,OGLE-2019-BLG-0362L,Microlensing,2022,,13.1,1.17,1036.12060682,3.26,,5830.0,,0.42,,0,Cluster 0,1.0221764300880838,1,False,Normal
KMT-2017-BLG-1057L b,KMT-2017-BLG-1057L,Microlensing,2024,,5.19,0.463,23.5,0.07393927,,6500.0,,0.57,,5,Cluster 5,1.0364996126145762,1,False,Normal
KMT-2025-BLG-1616L b,KMT-2025-BLG-1616L,Microlensing,2026,,7.34,0.655,42.32,0.13315361,,7500.0,,0.26,,5,Cluster 5,1.088485651759287,1,False,Normal
Wolf 327 b,Wolf 327,Transit,2024,0.5734745,1.24,0.11062558,2.53,0.00796027,996.0,28.5321,3542.0,0.405,0.406,1,Cluster 1,1.1485532360849018,1,False,Normal
Kepler-62 f,Kepler-62,Transit,2013,267.291,1.41,0.126,35.0,0.11,208.0,300.874,4925.0,0.69,0.64,1,Cluster 1,1.486495648810636,1,False,Normal
WASP-53 c,WASP-53,Radial Velocity,2017,2840.0,,,5196.5205,16.35,110.47,201.338,4953.0,0.839,0.798,1,Cluster 1,1.475634285478851,1,False,Normal
KMT-2023-BLG-1743L b,KMT-2023-BLG-1743L,Microlensing,2024,,12.1,1.08,6356.56814,20.0,,7130.0,,0.11,,0,Cluster 0,1.1587094229860995,1,False,Normal
TOI-5789 c,TOI-5789,Transit,2026,12.927748,2.86,0.25515255,5.0,0.01573176,718.0,20.4581,5185.0,0.821,0.833,1,Cluster 1,1.06530191933194,1,False,Normal
MOA-2019-BLG-008L b,MOA-2019-BLG-008L,Microlensing,2022,,12.2,1.08,5720.911326,18.0,,2700.0,,0.9,,0,Cluster 0,1.0850329718211444,1,False,Normal
OGLE-2016-BLG-1598L b,OGLE-2016-BLG-1598L,Microlensing,2024,,13.6,1.21,120.77479466,0.38,,5910.0,,0.55,,0,Cluster 0,0.9914767012791306,1,False,Normal
OGLE-2017-BLG-1275L b,OGLE-2017-BLG-1275L,Microlensing,2024,,12.8,1.14,1875.1876013,5.9,,7690.0,,0.63,,0,Cluster 0,1.144981137967956,1,False,Normal
HATS-44 b,HATS-44,Transit,2018,2.7439004,11.960003,1.067,177.9848,0.56,1161.0,446.035,5080.0,0.86,0.847,0,Cluster 0,0.9883873689659579,1,False,Normal
HD 160691 b,HD 160691,Radial Velocity,2000,645.0,,,1366.6621501,4.3,262.13,15.5981,5773.0,1.13,1.33,6,Cluster 6,2.9251830773439087,-1,True,Potential Outlier
Kepler-132 b,Kepler-132,Transit,2014,6.178196,1.21,0.108,1.92,0.00606,1082.0,349.549,6003.0,0.929,1.178,1,Cluster 1,1.286677372638156,1,False,Normal
KMT-2021-BLG-0192L b,KMT-2021-BLG-0192L,Microlensing,2022,,6.56,0.585,34.96112477,0.11,,5120.0,,0.27,,5,Cluster 5,1.0696977471503448,1,False,Normal
Kepler-49 b,Kepler-49,Transit,2012,7.2,2.579,0.23008337,9.77,0.03073986,509.0,311.222,4095.6,0.607,0.618,1,Cluster 1,1.042381727004043,1,False,Normal
KMT-2016-BLG-2364L b,KMT-2016-BLG-2364L,Microlensing,2020,,13.0,1.16,1250.0,3.93,,6440.0,,0.5,,0,Cluster 0,1.038562932514844,1,False,Normal
Kepler-218 c,Kepler-218,Transit,2014,44.699576,3.14,0.28,10.0,0.0315,500.0,656.38,5502.0,1.019,1.063,1,Cluster 1,1.19780348623351,1,False,Normal
GJ 328 c,GJ 328,Radial Velocity,2023,241.8,4.91,0.438,21.4,0.06733193,184.01,20.5266,3897.0,0.65,0.63,1,Cluster 1,1.5192696181684446,-1,True,Potential Outlier
K2-212 b,K2-212,Transit,2018,9.795647,2.65,0.23641757,7.51,0.0236,542.0,109.218,4349.0,0.622,0.678,1,Cluster 1,0.9967691702859834,1,False,Normal
Kepler-138 d,Kepler-138,Transit,2014,23.0923,1.51,0.13471341,2.1,0.00660734,345.0,66.8624,3841.0,0.535,0.535,1,Cluster 1,1.0625865327093356,1,False,Normal
KMT-2022-BLG-1818L c,KMT-2022-BLG-1818L,Microlensing,2026,,13.2,1.18,114.41822652,0.36,,5300.0,,0.79,,0,Cluster 0,1.030086489879983,1,False,Normal
Qatar-8 b,Qatar-8,Transit,2019,3.71495,14.403565,1.285,117.91493,0.371,1457.0,281.498,5738.0,1.029,1.315,0,Cluster 0,0.9790983445934203,1,False,Normal
KMT-2018-BLG-0885L b,KMT-2018-BLG-0885L,Microlensing,2023,,11.9,1.06,9217.023803,29.0,,6890.0,,0.29,,0,Cluster 0,1.0993283012119197,1,False,Normal
KMT-2016-BLG-2321L b,KMT-2016-BLG-2321L,Microlensing,2024,,13.8,1.23,301.93698665,0.95,,3580.0,,0.73,,0,Cluster 0,1.0122460483365208,1,False,Normal
Kepler-74 b,Kepler-74,Transit,2013,7.340711,10.76,0.96,200.22,0.63,1078.0,1177.55,6000.0,1.18,1.12,0,Cluster 0,1.0518158671547773,1,False,Normal
OGLE-2017-BLG-0482L b,OGLE-2017-BLG-0482L,Microlensing,2018,,2.95,0.263,9.0,0.028,,5800.0,,0.2,,5,Cluster 5,0.9670979679891964,1,False,Normal
PSR B0329+54 b,PSR B0329+54,Pulsar Timing,2017,10140.0,1.22,0.109,1.97,0.00619828,,504.93312058,,1.44,,1,Cluster 1,1.6548340219173643,-1,True,Potential Outlier
K2-140 b,K2-140,Transit,2017,6.569188,13.56286665,1.21,295.58041851,0.93,962.0,347.917,5585.0,0.96,1.06,0,Cluster 0,1.0566281920421168,1,False,Normal
HD 184010 c,HD 184010,Radial Velocity,2022,484.3,11.8,1.06,95.3485221,0.3,457.53,60.7993,4971.0,1.35,4.86,3,Cluster 3,1.1500509947689754,1,False,Normal
EPIC 201595106 b,EPIC 201595106,Transit,2021,0.87724,1.565,0.13962019,7.67,0.02413252,2038.0,232.1,5679.0,0.958,0.98,1,Cluster 1,1.051780579889932,1,False,Normal
TOI-1203 e,TOI-1203,Radial Velocity,2025,204.59,7.31,0.653,42.1,0.13246141,,64.9943,5737.0,0.886,1.179,1,Cluster 1,1.070813264311916,1,False,Normal
Kepler-1503 b,Kepler-1503,Transit,2016,96.16987,2.27,0.20251584,5.77,0.0182,321.0,1225.57,5069.0,0.77,0.74,1,Cluster 1,0.9698657555152469,1,False,Normal
Kepler-1781 b,Kepler-1781,Transit,2021,4.88752985,2.38091029,0.21241095,6.26,0.0197,1003.0,962.63,5568.0,1.053,0.957,1,Cluster 1,1.1594286013053903,1,False,Normal
Kepler-57 c,Kepler-57,Transit,2012,11.6,2.196,0.19591434,6.86,0.02158397,671.0,644.14,5187.9,0.859,0.826,1,Cluster 1,1.171009353836825,1,False,Normal
Kepler-1124 b,Kepler-1124,Transit,2016,2.852348975,1.28,0.11419395,2.18,0.00687,621.0,289.899,3658.0,0.35,0.34,1,Cluster 1,1.0237636076358307,1,False,Normal
Kepler-1581 b,Kepler-1581,Transit,2016,6.28385491,0.8,0.07137122,0.437,0.00137,1108.0,493.175,6022.0,1.12,1.23,1,Cluster 1,1.0631212455690593,1,False,Normal
Kepler-464 b,Kepler-464,Transit,2016,7.256965224,3.3,0.29440628,10.9,0.0343,1163.0,667.604,5933.0,1.21,1.59,1,Cluster 1,1.091029133809441,1,False,Normal
Kepler-1580 b,Kepler-1580,Transit,2016,56.6449279,2.11,0.18824159,5.1,0.016,733.0,1002.02,6228.0,1.47,2.15,1,Cluster 1,1.2779804233102554,1,False,Normal
Kepler-198 d,Kepler-198,Transit,2016,1.31184443,1.53,0.13649746,2.96,0.0093,1562.0,495.358,5636.0,0.97,0.93,1,Cluster 1,0.9928355841558135,1,False,Normal
TOI-1422 b,TOI-1422,Transit,2022,12.99894,3.83,0.3416903,9.5,0.02989034,870.0,155.141,5840.0,0.9903,1.019,1,Cluster 1,1.1573963729157417,1,False,Normal
HD 73267 c,HD 73267,Radial Velocity,2022,17071.78045,12.8,1.15,1630.77755632,5.131,69.53,50.4093,5387.0,0.93,0.909,0,Cluster 0,0.9971978815248722,1,False,Normal
Kepler-580 b,Kepler-580,Transit,2016,8.222419656,2.57,0.22928004,7.13,0.0224,558.0,323.899,4298.0,0.67,0.64,1,Cluster 1,0.9764364473893308,1,False,Normal
KOI-12 b,KOI-12,Transit,2015,17.855182,13.78707,1.23,349.613,1.1,911.0,399.398,6635.0,1.5,1.4,0,Cluster 0,1.2040218270856513,1,False,Normal
Kepler-637 b,Kepler-637,Transit,2016,23.20584623,4.75,0.42376662,20.2,0.0636,1002.0,786.091,6096.0,1.64,2.56,1,Cluster 1,1.3845319455228313,1,False,Normal
HD 29985 b,HD 29985,Radial Velocity,2022,20608.14049,12.8,1.14,1739.47487151,5.473,46.73,31.2707,4678.0,0.75,0.574666,0,Cluster 0,1.128774348215605,1,False,Normal
HD 165155 b,HD 165155,Radial Velocity,2016,434.5,13.2,1.18,918.5287,2.89,239.9,63.3574,5426.0,1.02,0.95,0,Cluster 0,1.0063307064440736,1,False,Normal
HD 22946 d,HD 22946,Transit,2023,47.42489,2.607,0.23258136,26.57,0.08359857,546.0,62.7792,6169.0,1.098,1.117,1,Cluster 1,1.6591188964950851,-1,True,Potential Outlier
Kepler-1697 b,Kepler-1697,Transit,2020,33.4969,1.25954761,0.11236931,2.12,0.00668,630.0,247.771,4681.53,0.747,0.772344,1,Cluster 1,1.0570585942137651,1,False,Normal
Kepler-674 b,Kepler-674,Transit,2016,2.243381847,1.69,0.1507717,3.5,0.011,822.0,342.254,4192.0,0.6,0.57,1,Cluster 1,0.9900186056644149,1,False,Normal
Kepler-873 b,Kepler-873,Transit,2016,20.5533844,3.75,0.33455259,13.5,0.0426,749.0,1182.22,6163.0,1.18,1.27,1,Cluster 1,1.0644533161446557,1,False,Normal
Kepler-783 b,Kepler-783,Transit,2016,4.29264638,0.78,0.06958694,0.399,0.00126,991.0,516.09,5521.0,0.93,0.89,1,Cluster 1,1.0019164526460185,1,False,Normal
HD 31527 c,HD 31527,Radial Velocity,2019,51.2053,3.85,0.343,14.16,0.0445,571.07,38.4473,5898.0,0.96,1.073694,1,Cluster 1,1.1482413444045956,1,False,Normal
Kepler-1955 b,Kepler-1955,Transit,2021,14.26519966,1.16654878,0.10407269,1.69,0.00531,853.0,449.351,5825.0,1.049,1.291,1,Cluster 1,1.0897748096004878,1,False,Normal
Kepler-1684 b,Kepler-1684,Transit,2020,47.7055,2.87084792,0.2561199,8.6,0.0271,347.0,621.996,4706.54,0.75,0.666755,1,Cluster 1,1.006538301652593,1,False,Normal
Kepler-322 c,Kepler-322,Transit,2014,4.337234,1.67,0.149,3.43,0.0108,996.0,400.48,5388.0,0.908,0.89,1,Cluster 1,0.9840732888716464,1,False,Normal
Qatar-5 b,Qatar-5,Transit,2017,2.8792319,12.408363,1.107,1373.0256,4.32,1415.0,367.658,5747.0,1.128,1.076,0,Cluster 0,1.1100088452223316,1,False,Normal
Kepler-399 c,Kepler-399,Transit,2014,26.67569,1.43,0.128,2.63,0.00829,630.0,740.537,5502.0,0.902,0.68,1,Cluster 1,1.0774602713689796,1,False,Normal
DMPP-2 c,DMPP-2,Radial Velocity,2026,3.168,8.26,0.737,51.79,0.16294956,1910.88,137.94,6500.0,1.41,1.78,0,Cluster 0,1.5579313858635482,-1,True,Potential Outlier
Kepler-682 b,Kepler-682,Transit,2016,12.611906672,7.37,0.65750736,42.6,0.134,753.0,1979.25,5559.0,0.92,0.89,1,Cluster 1,0.9989808589633636,1,False,Normal
TOI-220 b,TOI-220,Transit,2021,10.695264,3.03,0.27031896,13.8,0.04341966,805.0,90.7402,5298.0,0.825,0.858,1,Cluster 1,1.0772375345987697,1,False,Normal
TOI-5624 f,TOI-5624,Transit Timing Variations,2026,45.37,3.66,0.327,13.0,0.04090257,478.5,101.913,5327.0,0.858,0.82,1,Cluster 1,1.1157559746617653,1,False,Normal
Kepler-242 b,Kepler-242,Transit,2014,8.20395,2.61,0.233,7.32,0.023,742.0,600.241,5020.0,0.748,0.85,1,Cluster 1,1.0832569772447798,1,False,Normal
Kepler-258 b,Kepler-258,Transit,2014,13.19722,4.06,0.362,15.5,0.0488,642.0,575.988,4942.0,0.82,0.915,1,Cluster 1,1.2118410446366723,1,False,Normal
TOI-4898 b,TOI-4898,Transit,2026,2.76520470167,3.7197954,0.33185849,13.4,0.042,667.0,98.5958,4201.57,0.619077,0.639344,1,Cluster 1,1.229709435261946,1,False,Normal
Kepler-1292 b,Kepler-1292,Transit,2016,3.27646405,1.82,0.16236952,3.97,0.0125,1195.0,1493.43,5556.0,0.95,0.93,1,Cluster 1,1.0071999633562887,1,False,Normal
HD 128717 b,HD 128717,Astrometry,2025,3420.0,12.1,1.08,6293.0024586,19.8,151.9,73.636,6210.0,1.212,1.248,0,Cluster 0,1.0420433724736484,1,False,Normal
Kepler-1058 b,Kepler-1058,Transit,2016,110.96546,2.72,0.24266215,7.85,0.0247,239.0,491.997,4644.0,0.73,0.69,1,Cluster 1,1.0614315222020372,1,False,Normal
Kepler-160 b,Kepler-160,Transit,2014,4.309397,1.715,0.15300205,3.59,0.0113,1134.0,937.013,5471.0,1.003,1.118,1,Cluster 1,1.1103653509698732,1,False,Normal
Kepler-1365 b,Kepler-1365,Transit,2016,7.69993485,0.92,0.0820769,0.721,0.00227,969.0,840.128,5770.0,1.0,1.05,1,Cluster 1,1.000336044697486,1,False,Normal
Kepler-346 c,Kepler-346,Transit,2014,23.851549,3.07,0.274,9.64,0.0303,654.0,984.105,6033.0,0.943,1.021,1,Cluster 1,1.2146975327826173,1,False,Normal
Kepler-1489 b,Kepler-1489,Transit,2016,82.294751,1.77,0.15790882,3.78,0.0119,400.0,1283.05,5655.0,0.93,0.9,1,Cluster 1,1.1060041794695696,1,False,Normal
Kepler-1126 b,Kepler-1126,Transit,2016,108.593329,1.73,0.15434026,3.64,0.0115,374.0,635.736,5798.0,0.92,0.93,1,Cluster 1,1.1292664103155663,1,False,Normal
Kepler-1914 b,Kepler-1914,Transit,2021,30.82789993,2.9429803,0.26255557,8.97,0.0282,585.0,1621.56,5982.0,1.047,0.96,1,Cluster 1,1.0043517598865759,1,False,Normal
HATS-43 b,HATS-43,Transit,2018,4.3888497,13.22662,1.18,82.95363,0.261,1003.0,362.273,5099.0,0.837,0.812,0,Cluster 0,1.0570054799371271,1,False,Normal
Kepler-685 b,Kepler-685,Transit,2016,1.6255222,10.58,0.94388438,78.8,0.248,1579.0,938.715,5963.0,1.11,1.16,0,Cluster 0,1.0646329874839733,1,False,Normal
Kepler-1303 b,Kepler-1303,Transit,2016,7.56127224,1.42,0.12668391,2.6,0.00819,891.0,897.783,5771.0,1.01,1.0,1,Cluster 1,1.0061407385209447,1,False,Normal
Kepler-1016 b,Kepler-1016,Transit,2016,1.954524342,2.18,0.19448657,5.39,0.017,1540.0,1402.82,5821.0,0.99,1.0,1,Cluster 1,1.000149239858675,1,False,Normal
HIP 54373 c,HIP 54373,Radial Velocity,2019,15.144,3.57,0.318,12.44,0.03914042,463.2,18.7168,4021.0,0.57,0.564998,1,Cluster 1,1.1731099785143992,1,False,Normal
L 363-38 b,L 363-38,Radial Velocity,2023,8.781,2.0,0.179,4.67,0.01469346,330.0,10.2295,3129.0,0.21,0.274,1,Cluster 1,0.9998141028358958,1,False,Normal
Kepler-417 c,Kepler-417,Transit Timing Variations,2014,15.943,2.69,0.23998573,7.7,0.0242,616.0,973.989,5177.0,0.9,0.806,1,Cluster 1,1.1308822630264,1,False,Normal
K2-396 c,K2-396,Transit,2022,25.76051,3.124,0.27870509,9.93,0.0312,,274.864,5236.0,0.954,0.92,1,Cluster 1,1.1643671487051472,1,False,Normal
Kepler-1992 b,Kepler-1992,Transit,2023,15.6112238,0.91,0.0811849,0.693,0.00218,637.0,532.955,5383.0,0.874,0.842,1,Cluster 1,1.1407854906298138,1,False,Normal
Kepler-134 b,Kepler-134,Transit,2014,5.317429,2.0,0.178,4.66,0.0147,1105.0,334.797,5983.0,0.956,1.176,1,Cluster 1,1.092022476896128,1,False,Normal
Kepler-559 b,Kepler-559,Transit,2016,17.58752333,3.61,0.32206263,12.7,0.0399,706.0,776.708,5630.0,0.96,0.95,1,Cluster 1,1.027055738047965,1,False,Normal
WASP-34 b,WASP-34,Transit,2010,4.31768,11.209,1.0,177.9848,0.56,1250.0,132.096,5700.0,0.96,0.91,0,Cluster 0,1.0077700802042382,1,False,Normal
Kepler-1426 b,Kepler-1426,Transit,2016,14.2563227,1.56,0.13917388,3.05,0.00961,797.0,1697.81,5831.0,1.02,1.02,1,Cluster 1,1.0051135675888108,1,False,Normal
Kepler-156 b,Kepler-156,Transit,2014,4.973456,2.3,0.205,5.9,0.0186,867.0,443.483,5094.0,0.864,0.807,1,Cluster 1,1.0157648387474898,1,False,Normal
HATS-64 b,HATS-64,Transit,2018,4.908897,18.819911,1.679,305.1168,0.96,1793.0,1080.15,6554.0,1.564,2.113,0,Cluster 0,1.0888859367168666,1,False,Normal
Kepler-610 b,Kepler-610,Transit,2016,6.996926554,4.19,0.37380676,16.3,0.0514,888.0,845.824,5943.0,1.1,1.13,1,Cluster 1,1.1026678085980162,1,False,Normal
Kepler-524 c,Kepler-524,Transit,2016,1.88897906,0.96,0.08564546,0.84,0.00264,1574.0,1058.24,6014.0,1.09,1.1,1,Cluster 1,1.008605005714323,1,False,Normal
Kepler-398 c,Kepler-398,Transit,2014,11.419412,1.01,0.09,1.01,0.00317,536.0,177.355,4493.0,0.649,0.613,1,Cluster 1,1.0578134714729202,1,False,Normal
Kepler-1916 b,Kepler-1916,Transit,2021,31.25429916,2.61757235,0.23352457,7.35,0.0231,635.0,2055.82,6246.0,1.18,1.092,1,Cluster 1,0.9885675031184332,1,False,Normal
TIC 320419023 b,TIC 320419023,Transit,2026,5.26375651589,2.77280763,0.24737375,8.11,0.0255,,288.893,5703.36,1.056,0.952319,1,Cluster 1,1.0083666495427335,1,False,Normal
HD 108236 f,HD 108236,Transit,2021,29.54115,2.017,0.17994469,4.72,0.0149,609.59,64.5978,5660.0,0.869,0.877,1,Cluster 1,1.0812981300155724,1,False,Normal
Kepler-1617 b,Kepler-1617,Transit,2016,27.4785572,1.2,0.10705683,1.87,0.00588,736.0,898.31,6167.0,1.15,1.22,1,Cluster 1,1.0624167391840844,1,False,Normal
HD 206893 c,HD 206893,Imaging,2022,2290.0,16.36511182,1.46,3527.8953177,11.1,1181.9,40.7583,6500.0,1.31,1.31116,0,Cluster 0,1.141862425976046,1,False,Normal
TOI-4527.01,TOI-4527,Transit,2024,0.3994445,0.9086617,0.08097753,0.689,0.00217,1362.93,18.1037,3702.0,0.483901,0.485948,1,Cluster 1,1.3231334508915842,1,False,Normal
K2-255 b,K2-255,Transit,2018,1.96417,2.9,0.25872067,8.75,0.0275,1034.0,191.608,4676.0,0.71,0.69,1,Cluster 1,1.1258002813003658,1,False,Normal
Kepler-1678 b,Kepler-1678,Transit,2020,147.974,3.30422249,0.29478299,10.9,0.0344,329.0,847.339,5754.0,1.03,0.834976,1,Cluster 1,1.0557929887812156,1,False,Normal
HD 224018 b,HD 224018,Radial Velocity,2025,10.6413,0.91,0.0811849,4.1,0.01290004,968.0,105.48,5784.0,1.013,1.147,1,Cluster 1,1.9101790183240237,-1,True,Potential Outlier
Kepler-1334 b,Kepler-1334,Transit,2016,15.64591713,2.29,0.20430012,5.86,0.0184,710.0,1223.04,5614.0,0.94,0.91,1,Cluster 1,0.9820102461853205,1,False,Normal
Kepler-480 b,Kepler-480,Transit,2016,4.919583795,2.78,0.24801499,8.15,0.0256,1312.0,847.508,6322.0,1.25,1.34,1,Cluster 1,1.0552522057785256,1,False,Normal
Kepler-1382 b,Kepler-1382,Transit,2016,16.3583055,1.88,0.16772237,4.19,0.0132,959.0,738.261,6161.0,1.36,1.72,1,Cluster 1,1.1901551816753668,1,False,Normal
TOI-2068 b,TOI-2068,Transit,2024,7.768915,1.821,0.16245902,3.97,0.0125,520.62,52.9328,3710.0,0.559,0.535,1,Cluster 1,0.9829508985253093,1,False,Normal
Kepler-1030 b,Kepler-1030,Transit,2016,19.32952416,2.48,0.22125078,6.71,0.0211,529.0,758.702,4983.0,0.8,0.76,1,Cluster 1,0.9782446831552167,1,False,Normal
HD 153950 b,HD 153950,Radial Velocity,2008,499.39999,13.2,1.17,937.5985,2.95,295.3,48.4549,6124.0,1.25,1.28,0,Cluster 0,0.9856389566061683,1,False,Normal
HAT-P-52 b,HAT-P-52,Transit,2015,2.7535953,11.309881,1.009,259.98494,0.818,1218.0,361.155,5131.0,0.887,0.893,0,Cluster 0,0.9815536015911512,1,False,Normal
TOI-4747 b,TOI-4747,Transit,2026,5.21924158592,3.95803201,0.35311257,14.8,0.0467,1035.0,304.615,5595.08,1.01,0.988751,1,Cluster 1,1.1420532916767199,1,False,Normal
Kepler-891 b,Kepler-891,Transit,2016,53.44945593,6.41,0.5718619,33.6,0.106,486.0,2340.58,5887.0,1.06,1.07,0,Cluster 0,1.034193618782825,1,False,Normal
Kepler-1159 b,Kepler-1159,Transit,2016,22.70816791,2.37,0.21143724,6.21,0.0195,677.0,1213.71,6217.0,1.19,1.28,1,Cluster 1,0.9974868338219357,1,False,Normal
HATS-18 b,HATS-18,Transit,2016,0.83784,14.896761,1.329,629.144485,1.9795,2069.48,624.368,5600.0,1.037,1.02,0,Cluster 0,1.1301075806549092,1,False,Normal
GJ 676 A e,GJ 676 A,Radial Velocity,2012,35.47358,2.47,0.221,6.67439655,0.021,351.55,16.0272,3734.0,0.626,0.69,1,Cluster 1,1.0111772881123982,1,False,Normal
Kepler-48 c,Kepler-48,Transit,2012,9.67395,2.71,0.24177001,14.61,0.04596797,736.0,306.738,5194.0,0.88,0.89,1,Cluster 1,1.0742600546462655,1,False,Normal
Kepler-889 b,Kepler-889,Transit,2016,3.744439,1.09,0.09724329,1.32,0.00416,1328.0,598.313,5961.0,1.14,1.25,1,Cluster 1,1.0026591760458643,1,False,Normal
HR 2562 b,HR 2562,Imaging,2016,,12.44199,1.11,6992.224954,22.0,1255.0,34.0071,6597.0,1.3,1.334,0,Cluster 0,1.2759493645930315,1,False,Normal
Kepler-1804 b,Kepler-1804,Transit,2021,12.28849983,1.59615726,0.14239986,3.18,0.00999,913.0,434.456,5109.0,0.929,1.671,1,Cluster 1,1.6702894395488552,-1,True,Potential Outlier
Kepler-1188 b,Kepler-1188,Transit,2016,17.1369543,2.08,0.18556517,4.98,0.0157,775.0,1717.48,5913.0,1.04,1.06,1,Cluster 1,0.9627579027728181,1,False,Normal
HD 21411 b,HD 21411,Radial Velocity,2019,84.288,9.52,0.85,65.9,0.20734355,408.17,29.1328,5605.0,0.89,0.825605,0,Cluster 0,1.0015677027048633,1,False,Normal
Kepler-1281 b,Kepler-1281,Transit,2016,3.11602791,1.64,0.146311,3.33,0.0105,1123.0,1090.0,5353.0,0.87,0.83,1,Cluster 1,0.9858295911947389,1,False,Normal
Kepler-128 b,Kepler-128,Transit,2013,15.0,1.421,0.12677335,3.79,0.01192467,968.0,396.379,6072.0,1.184,1.659,1,Cluster 1,1.1658492722586598,1,False,Normal
Kepler-1693 b,Kepler-1693,Transit,2020,12.0999,1.28938413,0.11503115,2.21,0.00695,807.0,760.065,5432.34,0.95,0.878295,1,Cluster 1,1.0291409665642601,1,False,Normal
Kepler-104 b,Kepler-104,Transit,2014,11.427548,3.1,0.277,19.6,0.062,852.0,400.785,5711.0,0.818,1.349,1,Cluster 1,1.3117713317997972,1,False,Normal
Kepler-1849 b,Kepler-1849,Transit,2021,57.29290009,2.38685349,0.21294117,6.29,0.0198,355.0,631.884,4806.0,0.709,0.729,1,Cluster 1,0.9948193849152099,1,False,Normal
Kepler-1036 b,Kepler-1036,Transit,2016,122.8808058,3.01,0.26853421,9.32,0.0293,326.0,489.435,5533.0,0.95,0.89,1,Cluster 1,1.0174184363243541,1,False,Normal
Kepler-37 b,Kepler-37,Transit,2013,13.36702,0.3098,0.02763855,0.79,0.00248562,718.0,63.9207,5357.0,0.79,0.789,2,Cluster 2,1.592287355143807,-1,True,Potential Outlier
2MASS J22362452+4751425 b,2MASS J22362452+4751425,Imaging,2016,,12.3,1.1,3972.875,12.5,10.3,69.5737,4045.0,0.6,0.641152,0,Cluster 0,1.4150669311887003,1,False,Normal
Kepler-1191 b,Kepler-1191,Transit,2016,5.60014851,1.51,0.13471318,2.89,0.00909,952.0,955.536,5308.0,0.85,0.81,1,Cluster 1,0.9883496787087596,1,False,Normal
Kepler-511 c,Kepler-511,Transit,2021,26.62949944,4.20964327,0.37555986,16.5,0.0518,742.0,651.999,5866.0,0.958,1.417,1,Cluster 1,1.1477719298487714,1,False,Normal
XO-5 b,XO-5,Transit,2008,4.1877558,12.78,1.14,378.2,1.19,1230.0,276.211,5430.0,1.04,1.13,0,Cluster 0,1.0135835792090033,1,False,Normal
Kepler-1825 b,Kepler-1825,Transit,2021,1.025869966,1.42200732,0.12686321,2.61,0.00821,1520.0,430.254,5123.0,0.828,0.847,1,Cluster 1,1.0261225788628745,1,False,Normal
Kepler-1074 b,Kepler-1074,Transit,2016,5.94566534,1.25,0.11151753,2.1,0.0066,568.0,250.817,4002.0,0.6,0.57,1,Cluster 1,1.0200307706558245,1,False,Normal
TIC 183374187 b,TIC 183374187,Transit,2026,5.05907,14.03364384,1.252,177.98390792,0.56,1379.0,1208.75,5768.0,0.853,1.344,0,Cluster 0,1.2206797062174544,1,False,Normal
GJ 1061 d,GJ 1061,Radial Velocity,2020,13.066,1.16,0.104,1.67,0.00525441,242.03,3.67278,2953.0,0.12,0.156,1,Cluster 1,1.092383981862162,1,False,Normal
Kepler-1987 d,Kepler-1987,Transit,2023,5.644914154,2.66,0.23730971,7.56,0.0238,744.0,595.683,4769.0,0.799,0.714,1,Cluster 1,1.0267147664723846,1,False,Normal
Kepler-245 b,Kepler-245,Transit,2014,7.49019,2.57,0.229,146.78,0.46182153,753.0,861.527,5100.0,0.856,0.795,1,Cluster 1,1.0351864546071523,1,False,Normal
Kepler-131 c,Kepler-131,Transit,2014,25.5169,0.84,0.075,8.25,0.026,615.0,228.678,5685.0,1.02,1.03,2,Cluster 2,1.219250189753131,1,False,Normal
Kepler-144 c,Kepler-144,Transit,2014,10.104665,1.35,0.12,2.39,0.00752,1046.0,384.917,6075.0,1.154,1.235,1,Cluster 1,1.0288608504067098,1,False,Normal
HD 93385 c,HD 93385,Radial Velocity,2021,13.18,2.56,0.229,7.1,0.0223391,937.43,43.3475,5977.0,1.04,1.18484,1,Cluster 1,0.9996072974180485,1,False,Normal
Kepler-431 c,Kepler-431,Transit,2015,8.703,0.668,0.06,0.229,0.00072,951.0,486.546,6004.0,1.071,1.092,1,Cluster 1,1.0808094430420874,1,False,Normal
HD 106270 b,HD 106270,Radial Velocity,2011,1888.0,12.4,1.11,3623.2438398,11.4,237.07,93.808,5509.0,1.39,2.66,0,Cluster 0,1.2794202310639444,1,False,Normal
TOI-5720 b,TOI-5720,Transit,2024,1.4344555,1.09,0.09724345,4.3,0.01352931,708.0,35.8256,3325.0,0.383,0.383,1,Cluster 1,1.0140129962136664,1,False,Normal
Kepler-203 d,Kepler-203,Transit,2014,11.32972,1.44,0.128,33.9,0.107,855.0,703.302,5821.0,1.06,1.114,2,Cluster 2,1.2127795972085822,1,False,Normal
Kepler-230 c,Kepler-230,Transit,2014,91.773242,2.04,0.182,4.82,0.0152,359.0,740.754,5588.0,0.784,0.817,1,Cluster 1,1.256607747215667,1,False,Normal
Kepler-1091 b,Kepler-1091,Transit,2016,1.434741564,1.46,0.13025248,2.73,0.00859,1664.0,914.299,5851.0,1.01,1.03,1,Cluster 1,0.9788430519053583,1,False,Normal
Kepler-1129 b,Kepler-1129,Transit,2016,24.3397804,2.96,0.26407351,9.06,0.0285,737.0,1183.88,5831.0,1.0,1.0,1,Cluster 1,1.013570667242211,1,False,Normal
Kepler-472 b,Kepler-472,Transit,2016,4.176255514,3.22,0.28726916,10.5,0.0329,876.0,306.602,4996.0,0.85,0.78,1,Cluster 1,1.1066537276306363,1,False,Normal
Kepler-1275 b,Kepler-1275,Transit,2016,3.65691115,1.48,0.13203676,2.79,0.00879,1368.0,1153.98,6296.0,1.23,1.36,1,Cluster 1,1.0470923855475687,1,False,Normal
Kepler-1690 b,Kepler-1690,Transit,2020,234.636,2.81109223,0.25078885,8.3,0.0261,267.0,703.789,5404.0,0.94,0.862346,1,Cluster 1,1.1003918450432137,1,False,Normal
HD 75898 c,HD 75898,Radial Velocity,2024,6717.0,12.6,1.12,2698.36317543,8.49,135.2,78.0505,6122.0,1.295,1.55,0,Cluster 0,1.1004670495016549,1,False,Normal
K2-386 b,K2-386,Transit,2022,7.473223,2.32,0.20697689,5.99,0.0189,,428.785,5749.0,0.911,0.97,1,Cluster 1,1.0327852429766389,1,False,Normal
TOI-7510 c,TOI-7510,Transit,2025,22.5687423,10.81,0.964,131.0,0.412,702.0,249.006,5720.0,1.063,1.035,0,Cluster 0,1.012320135897435,1,False,Normal
Kepler-718 b,Kepler-718,Transit,2016,2.052349905,16.56,1.47738424,,,1497.0,1302.33,6191.0,1.18,1.3,0,Cluster 0,1.0524901884134534,1,False,Normal
Kepler-1342 b,Kepler-1342,Transit,2016,2.215710358,1.66,0.14809528,3.39,0.0107,1283.0,890.724,5527.0,0.93,0.9,1,Cluster 1,1.0021611812783897,1,False,Normal
WASP-174 b,WASP-174,Transit,2018,4.2337005,16.10730527,1.437,104.88337431,0.33,1528.0,410.149,6399.0,1.24,1.347,0,Cluster 0,1.0212939238291499,1,False,Normal
Kepler-1713 b,Kepler-1713,Transit,2021,18.01160049,1.71673535,0.15315713,3.59,0.0113,900.0,295.293,6477.0,1.3,1.459,1,Cluster 1,1.1641008153444514,1,False,Normal
Kepler-1121 b,Kepler-1121,Transit,2016,13.15141081,1.91,0.17039879,4.31,0.0136,1008.0,482.047,6231.0,1.29,1.59,1,Cluster 1,1.071006100340059,1,False,Normal
Kepler-197 c,Kepler-197,Transit,2014,10.349695,1.23,0.11,5.3,0.017,930.0,330.575,6004.0,0.857,1.12,1,Cluster 1,1.636156343062024,-1,True,Potential Outlier
TOI-1294 b,TOI-1294,Transit,2024,3.915292,10.12369881,0.90317747,63.9,0.20105188,1392.74,332.648,5718.0,1.1578,1.5566,0,Cluster 0,1.0280543091622711,1,False,Normal
Kepler-1195 b,Kepler-1195,Transit,2016,8.49642241,2.08,0.18556517,4.98,0.0157,702.0,918.566,4965.0,0.74,0.71,1,Cluster 1,1.0230342301265374,1,False,Normal
GJ 328 b,GJ 328,Radial Velocity,2013,3771.0,13.3,1.18,797.74930157,2.51,73.57,20.5266,3897.0,0.65,0.63,0,Cluster 0,1.0400624282896662,1,False,Normal
EPIC 212737443 c,EPIC 212737443,Transit,2019,65.55,2.69,0.23998573,7.7,0.0242,316.0,336.25,4684.0,0.69,0.673,1,Cluster 1,1.0296828165586915,1,False,Normal
Kepler-1783 b,Kepler-1783,Transit,2021,8.277440071,1.31946731,0.11771519,2.3,0.00723,1088.0,264.078,5129.0,0.887,1.781,1,Cluster 1,1.5754613485491535,-1,True,Potential Outlier
HD 50499 c,HD 50499,Radial Velocity,2019,8619.9,13.2,1.17,931.2419,2.93,116.69,46.2845,6099.0,1.31,1.42,0,Cluster 0,1.205992948020632,1,False,Normal
Kepler-874 b,Kepler-874,Transit,2016,40.0686727,3.94,0.35150326,14.7,0.0463,560.0,1082.16,6020.0,1.09,1.13,1,Cluster 1,1.1339152060449424,1,False,Normal
Kepler-235 b,Kepler-235,Transit,2014,3.340222,2.23,0.199,5.6,0.0176,731.0,428.018,4255.0,0.581,0.554,1,Cluster 1,1.0237417195583975,1,False,Normal
HD 98219 b,HD 98219,Radial Velocity,2011,433.8,13.4,1.2,624.21812,1.964,453.77,113.704,4925.0,1.41,4.6,3,Cluster 3,0.987767625346079,1,False,Normal
Kepler-625 b,Kepler-625,Transit,2016,7.75192492,1.99,0.17753591,4.62,0.0145,852.0,760.708,5789.0,1.04,0.96,1,Cluster 1,1.0030675129929647,1,False,Normal
Kepler-1178 b,Kepler-1178,Transit,2016,31.80634,1.07,0.09545901,1.24,0.0039,378.0,482.287,4990.0,0.8,0.75,1,Cluster 1,1.1622478865984553,1,False,Normal
K2-407 b,K2-407,Transit,2022,4.941907,1.283,0.11446179,2.19,0.0069,,218.376,5563.0,0.881,0.927,1,Cluster 1,1.0318454902949696,1,False,Normal
KOI-351 b,KOI-351,Transit,2013,7.008151,1.31,0.117,2.27,0.00714,1062.0,848.254,6080.0,1.2,1.2,1,Cluster 1,1.0236827098839316,1,False,Normal
WASP-151 b,WASP-151,Transit,2017,4.5334775,13.30506009,1.187,100.43377661,0.316,1312.0,453.099,5871.0,1.081,1.181,0,Cluster 0,0.9940138683691749,1,False,Normal
K2-289 b,K2-289,Transit,2019,13.156969,9.1,0.81184762,61.0,0.192,753.0,274.3,5529.0,0.953,1.025,0,Cluster 0,1.0017292725864804,1,False,Normal
GJ 1002 b,GJ 1002,Radial Velocity,2022,10.3465,1.03,0.0919,1.08,0.00339806,230.9,4.84867,3024.0,0.12,0.137,1,Cluster 1,1.0304240451422744,1,False,Normal
Kepler-1143 c,Kepler-1143,Transit,2016,210.630591,3.6,0.32117049,12.6,0.0398,234.0,555.189,5053.0,0.81,0.77,1,Cluster 1,1.0938613258846526,1,False,Normal
TOI-261.02,TOI-261,Transit,2021,13.03935862135,3.34822227,0.2987089,11.2,0.0351,1007.53,114.495,5890.3,1.069,1.31383,1,Cluster 1,1.0246727597997143,1,False,Normal
TOI-2587 A b,TOI-2587 A,Transit,2023,5.45664,12.07207221,1.077,69.28659273,0.218,1445.0,373.675,5760.0,1.15,1.726,0,Cluster 0,1.0260269490215141,1,False,Normal
Kepler-1154 b,Kepler-1154,Transit,2016,5.1856142,2.34,0.20876082,6.08,0.0191,1314.0,1460.1,6327.0,1.26,1.43,1,Cluster 1,1.0530867071417085,1,False,Normal
Kepler-60 b,Kepler-60,Transit,2012,7.1334,1.71,0.15255598,4.19,0.01318315,1102.0,1025.1,5905.0,1.041,1.257,1,Cluster 1,1.1476884382506793,1,False,Normal
Kepler-85 c,Kepler-85,Transit,2012,12.51,1.978,0.17646564,2.15,0.00676466,706.0,765.025,5505.2,0.928,0.875,1,Cluster 1,1.2380449246070089,1,False,Normal
HD 127195 b,HD 127195,Radial Velocity,2026,534.5,14.0,1.25,212.94503269,0.67,,84.7167,4981.0,1.34,4.16,3,Cluster 3,1.669362175744204,-1,True,Potential Outlier
Kepler-1780 b,Kepler-1780,Transit,2021,109.4449997,3.60600667,0.32170692,12.7,0.0399,340.0,790.516,5403.0,0.868,0.868,1,Cluster 1,1.0073581008966983,1,False,Normal
Kepler-1818 b,Kepler-1818,Transit,2021,4.644909859,1.71360684,0.15287803,3.58,0.0113,1209.0,1034.59,6047.0,1.021,1.129,1,Cluster 1,1.0020737320814923,1,False,Normal
TOI-871 b,TOI-871,Transit,2024,14.362565,1.664,0.14845239,3.41,0.0107,621.0,68.0473,4929.0,0.758,0.719,1,Cluster 1,0.9739385566502665,1,False,Normal
GJ 251 c,GJ 251,Radial Velocity,2025,53.647,1.8,0.16,3.88,0.01220785,216.0,5.58057,3342.0,0.35,0.36,1,Cluster 1,1.0608272595229657,1,False,Normal
Kepler-1518 c,Kepler-1518,Transit,2023,9.6310258,2.9,0.25872112,8.75,0.0275,1094.0,903.51,6432.0,1.06,1.345,1,Cluster 1,1.3343708904183074,1,False,Normal
Kepler-1718 b,Kepler-1718,Transit,2021,135.1880035,2.5685207,0.22914846,7.12,0.0224,345.0,375.522,5731.0,0.846,0.906,1,Cluster 1,1.1554596707222113,1,False,Normal
TOI-4914 b,TOI-4914,Transit,2024,10.60057,12.87,1.14818647,227.0,0.71422187,894.0,299.89,5805.0,1.03,1.0,0,Cluster 0,1.0615660885606766,1,False,Normal
USco1556 b,USco1556 A,Imaging,2019,,12.3,1.09,4767.45,15.0,2240.0,140.635,3410.0,0.33,0.668108,0,Cluster 0,2.4659768562835187,-1,True,Potential Outlier
Kepler-109 c,Kepler-109,Transit,2014,21.22265,2.65,0.23641757,8.2,0.02580009,859.0,474.861,5950.0,1.094,1.387,1,Cluster 1,1.1778527996316888,1,False,Normal
Kepler-101 c,Kepler-101,Transit,2014,6.02976,1.25,0.112,3.78,0.01,1413.0,927.981,5667.0,1.17,1.56,1,Cluster 1,1.3867374050906065,1,False,Normal
Kepler-1200 b,Kepler-1200,Transit,2016,1.118549717,1.06,0.09456687,1.2,0.00377,1174.0,588.715,4612.0,0.74,0.7,1,Cluster 1,1.1244067134838978,1,False,Normal
NY Vir b,NY Vir,Eclipse Timing Variations,2011,3160.0,13.3,1.19,730.978,2.3,338.12,544.024,32780.0,0.459,0.151,7,Cluster 7,3.1919052103944194,-1,True,Potential Outlier
TOI-4137 b,TOI-4137,Transit,2022,3.8016122,13.57407563,1.211,457.67290608,1.44,1570.0,334.993,6202.0,1.313,1.438,0,Cluster 0,1.0056769091120514,1,False,Normal
Kepler-1630 b,Kepler-1630,Transit,2016,509.997402,2.19,0.19537871,5.43,0.0171,182.0,331.213,4736.0,0.66,0.63,1,Cluster 1,1.1316822320392323,1,False,Normal
Kepler-475 b,Kepler-475,Transit,2016,3.105508189,2.49,0.22214292,6.76,0.0213,980.0,280.069,5009.0,0.86,0.79,1,Cluster 1,1.0698416210380433,1,False,Normal
Kepler-1978 b,Kepler-1978,Transit,2023,10.84969477,2.67,0.23820186,7.61,0.0239,676.0,865.512,5251.0,0.869,0.778,1,Cluster 1,0.9876283504452822,1,False,Normal
Kepler-1836 b,Kepler-1836,Transit,2021,5.254169941,2.55303229,0.22776668,7.05,0.0222,1093.0,1472.62,6123.0,1.053,0.987,1,Cluster 1,1.0845287177997818,1,False,Normal
Kepler-887 c,Kepler-887,Transit,2016,7.63846023,1.13,0.10081185,1.51,0.00474,1089.0,886.588,6194.0,1.19,1.29,1,Cluster 1,1.0051645213723335,1,False,Normal
Kepler-350 c,Kepler-350,Transit,2013,17.849,3.1,0.277,6.1,0.019,888.0,956.859,6492.3,1.0,1.25,1,Cluster 1,1.5240615028879003,-1,True,Potential Outlier
Kepler-816 b,Kepler-816,Transit,2016,10.506825646,10.24,0.91355161,74.5,0.234,668.0,983.697,5286.0,0.9,0.85,0,Cluster 0,1.0118348416675815,1,False,Normal
HD 51608 b,HD 51608,Radial Velocity,2019,14.0726,3.62,0.323,12.77,0.0402,759.92,35.0553,5358.0,0.8,0.916136,1,Cluster 1,1.142626754063791,1,False,Normal
HD 125390 b,HD 125390,Radial Velocity,2019,1757.39151,11.9,1.06,8646.20398403,27.204,320.26,153.647,4882.0,1.82,6.47,0,Cluster 0,1.2691184570281582,1,False,Normal
Kepler-1947 b,Kepler-1947,Transit,2021,6.963630199,1.0101666,0.09012118,1.01,0.00317,1298.0,468.771,6040.0,0.984,1.686,1,Cluster 1,1.25303958217553,1,False,Normal
Kepler-81 d,Kepler-81,Transit,2014,20.837846,1.21,0.108,1.92,0.00606,418.0,348.291,4500.0,0.648,0.595,1,Cluster 1,1.0525886406673384,1,False,Normal
Kepler-1827 b,Kepler-1827,Transit,2021,3.700619936,1.85644292,0.16562103,4.1,0.0129,1329.0,686.461,5423.0,0.915,1.404,1,Cluster 1,1.0538324543958317,1,False,Normal
TOI-1768.01,TOI-1768,Transit,2024,7.337703649,3.453,0.30805656,11.8,0.037,1566.0,157.597,5994.0,1.1,1.1,1,Cluster 1,1.1372886373531161,1,False,Normal
HIP 10090 c,HIP 10090,Radial Velocity,2026,321.82,13.9,1.24,270.15414595,0.85,338.35,82.3937,5661.0,0.94,1.38268,0,Cluster 0,1.1185509583865676,1,False,Normal
Kepler-855 b,Kepler-855,Transit,2016,7.886631104,8.35,0.7449371,52.7,0.166,996.0,1506.58,5835.0,1.03,1.03,0,Cluster 0,1.0041245726527983,1,False,Normal
TOI-205 b,TOI-205,Transit,2026,4.25300773815,2.50121142,0.22314352,6.81,0.0214,1799.55,177.759,6302.74,1.2,1.45382,1,Cluster 1,1.0852068834904065,1,False,Normal
Kepler-1886 b,Kepler-1886,Transit,2021,24.2758007,2.58158428,0.23031392,7.18,0.0226,580.0,1059.51,5745.0,0.928,0.837,1,Cluster 1,0.9976322340618532,1,False,Normal
Kepler-279 c,Kepler-279,Transit,2013,35.736,4.3,0.384,49.4,0.155,774.0,1037.4,6689.45,1.1,1.07,1,Cluster 1,1.5808877686739853,-1,True,Potential Outlier
K2-401 b,K2-401,Transit,2022,6.293099,2.262,0.20180247,5.74,0.0181,,200.727,4213.0,0.87,0.675,1,Cluster 1,1.7389537649704088,-1,True,Potential Outlier
TOI-3807 b,TOI-3807,Transit,2023,2.8989727,18.49481816,1.65,330.54154328,1.04,1646.0,421.745,5772.0,1.181,1.468,0,Cluster 0,1.121050450986755,1,False,Normal
Kepler-931 b,Kepler-931,Transit,2016,8.03755877,1.33,0.11865465,2.33,0.00733,744.0,490.0,5241.0,0.86,0.81,1,Cluster 1,0.997169763528562,1,False,Normal
TOI-1759 b,TOI-1759,Transit,2022,18.85019,3.14,0.28013252,10.8,0.0339806,443.0,40.0654,4065.0,0.606,0.597,1,Cluster 1,1.0745091411482117,1,False,Normal
Kepler-106 e,Kepler-106,Transit,2014,43.8445,2.56,0.228,11.17,0.035,531.0,444.322,5858.0,1.0,1.04,1,Cluster 1,1.1707280011394618,1,False,Normal
GSC 06214-00210 b,GSC 06214-00210,Imaging,2010,,20.1762,1.8,5000.0,16.0,2300.0,108.5,4200.0,0.9,0.90484,0,Cluster 0,1.2785355097153732,1,False,Normal
HD 89839 b,HD 89839,Radial Velocity,2023,3391.2,12.8,1.14,1748.0562385,5.5,159.03,57.3063,6314.0,1.21,1.28588,0,Cluster 0,1.016339602097017,1,False,Normal
Kepler-520 b,Kepler-520,Transit,2016,19.67416124,1.66,0.14809528,3.39,0.0107,711.0,623.901,6112.0,1.1,1.09,1,Cluster 1,1.025514839877221,1,False,Normal
Kepler-19 b,Kepler-19,Transit,2011,9.28699,2.209,0.19707412,6.1,0.01919275,851.0,218.562,5541.0,0.936,0.859,1,Cluster 1,1.1014992195958133,1,False,Normal
Kepler-1102 b,Kepler-1102,Transit,2016,51.3285623,2.66,0.23730931,7.56,0.0238,546.0,1246.05,5724.0,0.96,0.94,1,Cluster 1,0.9771190773506182,1,False,Normal
Kepler-371 c,Kepler-371,Transit,2014,67.968015,1.78,0.159,3.82,0.012,443.0,813.192,5666.0,0.876,0.992,1,Cluster 1,1.1469608549408306,1,False,Normal
K2-338 b,K2-338,Transit,2021,3.850614,1.03,0.0918906,1.08,0.0034,783.0,156.951,4558.0,0.66,0.63,1,Cluster 1,1.032691818415432,1,False,Normal
TOI-286 b,TOI-286,Transit,2024,4.5117244,1.42,0.12668413,4.53,0.01425297,979.0,59.2293,5152.0,0.832,0.78,1,Cluster 1,1.2138574711569938,1,False,Normal
KELT-16 b,KELT-16,Transit,2017,0.9689951,15.860735,1.415,874.0325,2.75,2453.0,444.586,6236.0,1.211,1.36,0,Cluster 0,1.3436147220716173,1,False,Normal
Kepler-1681 b,Kepler-1681,Transit,2020,69.8956,2.55321772,0.22778283,7.05,0.0222,442.0,758.3,5756.4,0.893,0.759,1,Cluster 1,1.147286603279959,1,False,Normal
TOI-544 c,TOI-544,Radial Velocity,2023,50.089,4.92,0.439,21.5,0.06764657,,41.1166,4169.0,0.631,0.623,1,Cluster 1,1.225489294029736,1,False,Normal
Kepler-251 d,Kepler-251,Transit,2014,30.133001,2.77,0.247,8.1,0.0255,536.0,924.625,5526.0,0.891,0.89,1,Cluster 1,1.0110097803893294,1,False,Normal
WASP-63 b,WASP-63,Transit,2012,4.37808,15.80469,1.41,117.5971,0.37,1469.91,290.684,5550.0,1.28,1.86,0,Cluster 0,1.122638959223028,1,False,Normal
WASP-52 b,WASP-52,Transit,2012,1.7497798,14.24,1.27,146.2,0.46,1315.0,174.818,5000.0,0.87,0.79,0,Cluster 0,1.2514656232347614,1,False,Normal
WASP-77 A b,WASP-77 A,Transit,2012,1.360029395,13.56,1.21,529.31142902,1.6654,1674.0,105.166,5617.0,0.903,0.91,0,Cluster 0,1.0286158758817874,1,False,Normal
55 Cnc b,55 Cnc,Radial Velocity,1996,14.651552,13.9,1.24,263.9785,0.8306,700.0,12.5855,5198.0,1.015,0.98,0,Cluster 0,1.0103973158516744,1,False,Normal
55 Cnc c,55 Cnc,Radial Velocity,2004,44.3936,8.51,0.76,54.4738,0.1714,499.27,12.5855,5198.0,1.015,0.98,0,Cluster 0,1.089814880059988,1,False,Normal
55 Cnc d,55 Cnc,Radial Velocity,2002,4799.0,13.0,1.16,1232.493,3.878,104.85,12.5855,5198.0,1.015,0.98,0,Cluster 0,1.0097658290837912,1,False,Normal
55 Cnc e,55 Cnc,Radial Velocity,2004,0.7365474,1.875,0.1672763,7.99,0.02513923,1958.0,12.5855,5172.0,0.905,0.943,1,Cluster 1,1.1037415010240712,1,False,Normal
55 Cnc f,55 Cnc,Radial Velocity,2007,260.58,7.59,0.677,44.812,0.141,277.07,12.5855,5198.0,1.015,0.98,0,Cluster 0,1.116455192979122,1,False,Normal
GJ 1214 b,GJ 1214,Transit,2009,1.580404531,2.733,0.24382235,8.41,0.02646082,567.0,14.6427,3101.0,0.182,0.2162,1,Cluster 1,1.1863060826682312,1,False,Normal
GJ 436 b,GJ 436,Radial Velocity,2004,2.64388312,4.17,0.372,22.1,0.07,686.0,9.75321,3586.11,0.47,0.455,1,Cluster 1,1.2043755370887212,1,False,Normal
HAT-P-12 b,HAT-P-12,Transit,2009,3.2130598,10.749,0.959,67.059,0.211,963.0,142.751,4650.0,0.733,0.701,0,Cluster 0,1.04314750895967,1,False,Normal
HAT-P-13 b,HAT-P-13,Transit,2009,2.91625,14.258,1.272,270.462,0.851,1740.0,246.81,5653.0,1.32,1.756,0,Cluster 0,1.0653551936464565,1,False,Normal
HAT-P-13 c,HAT-P-13,Radial Velocity,2009,446.27,12.3,1.1,4538.421,14.28,340.0,246.81,5653.0,1.32,1.756,0,Cluster 0,1.3553597636250303,1,False,Normal
HAT-P-14 b,HAT-P-14,Transit,2010,4.62767,15.91678,1.42,1093.3352,3.44,1624.0,222.663,6600.0,2.65,1.82,0,Cluster 0,1.9373764463201606,-1,True,Potential Outlier
HAT-P-17 b,HAT-P-17,Transit,2012,10.33852,11.76945,1.05,184.3414,0.58,800.0,92.3831,5246.0,0.99,0.87,0,Cluster 0,1.0025306136141499,1,False,Normal
HAT-P-17 c,HAT-P-17,Radial Velocity,2012,5584.0,13.1,1.17,1080.6,3.4,99.59,92.3831,5336.96,0.92,0.838682,0,Cluster 0,1.0110743096608847,1,False,Normal
HAT-P-18 b,HAT-P-18,Transit,2010,5.508023,11.153,0.995,62.61,0.197,852.0,161.4,4803.0,0.77,0.749,0,Cluster 0,1.029631924494598,1,False,Normal
HAT-P-1 b,HAT-P-1,Transit,2006,4.46529976,14.784671,1.319,166.86075,0.525,1322.0,158.979,5980.0,1.151,1.174,0,Cluster 0,1.048831016225693,1,False,Normal
HAT-P-26 b,HAT-P-26,Transit,2010,4.23452,7.06167,0.63,22.2481,0.07,1080.0,141.837,5079.0,1.12,0.87,0,Cluster 0,1.22084734015293,1,False,Normal
HAT-P-30 b,HAT-P-30,Transit,2011,2.8106,16.14096,1.44,263.7989,0.83,1630.0,213.985,6304.0,1.55,1.31,0,Cluster 0,1.1129015456685754,1,False,Normal
HAT-P-32 b,HAT-P-32,Transit,2011,2.1500082,22.19382,1.98,216.1244,0.68,1835.7,289.205,6001.0,1.132,1.367,0,Cluster 0,1.3747112345873456,1,False,Normal
HD 149026 b,HD 149026,Radial Velocity,2005,2.87589,8.29466,0.74,120.7754,0.38,1626.0,75.8643,6179.0,1.42,1.41,0,Cluster 0,1.325123594722735,1,False,Normal
HD 189733 b,HD 189733,Radial Velocity,2005,2.21857567,12.66617,1.13,359.1479,1.13,1209.0,19.7638,5052.0,0.79,0.75,0,Cluster 0,1.0919164669984973,1,False,Normal
HD 202206 c,HD 202206,Radial Velocity,2004,1299.22,13.1,1.17,982.08977763,3.09,183.35,45.9665,5764.23,1.06,1.04,0,Cluster 0,1.027816417562979,1,False,Normal
HD 209458 b,HD 209458,Radial Velocity,1999,3.52474859,15.58051,1.39,232.0159,0.73,1459.0,48.3016,6091.0,1.23,1.19,0,Cluster 0,0.9822317503328317,1,False,Normal
HD 80606 b,HD 80606,Radial Velocity,2001,111.436765,11.56766808,1.032,1323.46926959,4.1641,405.0,66.4711,5565.0,1.05,1.05,0,Cluster 0,1.1479217501412315,1,False,Normal
HD 86226 b,HD 86226,Radial Velocity,2009,1628.0,14.3,1.28,143.0235,0.45,176.0,45.683,5863.0,1.019,1.053,0,Cluster 0,0.9905373765183247,1,False,Normal
TrES-4 b,TrES-4,Transit,2007,3.55395,18.04649,1.61,247.9074,0.78,1778.0,515.98,6200.0,1.08,1.66,0,Cluster 0,1.0491343601034264,1,False,Normal
WASP-12 b,WASP-12,Transit,2008,1.091418901,22.02564708,1.965,467.2101,1.47,2601.0,427.246,6265.0,1.325,1.69,0,Cluster 0,1.5963001700980075,-1,True,Potential Outlier
WASP-15 b,WASP-15,Transit,2009,3.7521,15.80469,1.41,171.6282,0.54,1676.0,282.091,6300.0,1.18,1.48,0,Cluster 0,0.9889967366963388,1,False,Normal
WASP-17 b,WASP-17,Transit,2009,3.73543,20.96083,1.87,247.9074,0.78,1755.0,405.908,6550.0,2.28,1.49,0,Cluster 0,1.7305490603104032,-1,True,Potential Outlier
WASP-18 b,WASP-18,Transit,2009,0.94145223,13.89913607,1.24,3241.8497514,10.2,2429.0,123.483,6432.0,1.294,1.319,0,Cluster 0,1.4445329359589227,1,False,Normal
WASP-19 b,WASP-19,Transit,2009,0.78883852,15.86070769,1.415,366.77398168,1.154,2113.0,268.325,5616.0,0.965,1.006,0,Cluster 0,1.2508144657097575,1,False,Normal
WASP-25 b,WASP-25,Transit,2010,3.7648337,13.80946422,1.232,179.25522155,0.564,1217.0,211.416,5697.0,0.962,0.884,0,Cluster 0,0.9855627734541414,1,False,Normal
WASP-39 b,WASP-39,Transit,2011,4.0552941,14.336311,1.279,89.31023,0.281,1166.0,213.982,5485.0,0.913,0.939,0,Cluster 0,1.0322325395367966,1,False,Normal
WASP-43 b,WASP-43,Transit,2011,0.813475,10.424,0.93,565.714,1.78,1426.7,86.7467,4400.0,0.58,0.6,0,Cluster 0,1.7086340887136167,-1,True,Potential Outlier
WASP-6 b,WASP-6,Transit,2009,3.3610026,12.5428494,1.119,148.42586607,0.467,1167.0,197.119,5438.0,0.854,0.79,0,Cluster 0,0.9955204340606573,1,False,Normal
GJ 3470 b,GJ 3470,Radial Velocity,2012,3.3366496,4.57,0.40770809,13.9,0.04373407,593.5,29.4214,3600.0,0.539,0.547,1,Cluster 1,1.1874915884116595,1,False,Normal
WASP-47 b,WASP-47,Transit,2012,4.159151,12.86,1.14729433,374.0,1.1767356,1275.0,264.78,5565.0,1.058,1.156,0,Cluster 0,1.0295207534794686,1,False,Normal
WASP-80 b,WASP-80,Transit,2012,3.06785234,11.197791,0.999,170.99254,0.538,825.0,49.7876,4143.0,0.577,0.586,0,Cluster 0,0.9716780093719155,1,False,Normal
WASP-103 b,WASP-103,Transit,2014,0.925542,17.127,1.528,473.547,1.49,2508.0,375.647,6110.0,1.22,1.436,0,Cluster 0,1.3785694785433211,1,False,Normal
WASP-96 b,WASP-96,Transit,2014,3.4252602,13.45,1.2,152.55,0.48,1285.0,352.464,5540.0,1.06,1.05,0,Cluster 0,0.9672140606509254,1,False,Normal
WASP-94 A b,WASP-94 A,Transit,2014,3.95019,17.71022,1.58,158.915,0.5,1604.0,211.211,6170.0,1.67,1.48,0,Cluster 0,1.26455077584129,1,False,Normal
WASP-94 B b,WASP-94 B,Radial Velocity,2014,2.00839,14.1,1.26,196.411,0.618,1848.91,208.696,6040.0,1.24,1.35,0,Cluster 0,1.064402185504992,1,False,Normal
WASP-69 b,WASP-69,Transit,2014,3.86813881,11.21,1.0,82.58,0.26,971.0,49.9605,4792.0,0.83,0.801,0,Cluster 0,1.0579911073910562,1,False,Normal
WASP-84 b,WASP-84,Transit,2014,8.52349648,10.72,0.956,220.0,0.692,732.0,100.588,5280.0,0.853,0.768,0,Cluster 0,1.0345418462994773,1,False,Normal
WASP-20 b,WASP-20,Transit,2015,4.89964477,15.46839337,1.38,98.841,0.311,1362.0,211.877,5940.0,1.2,1.242,0,Cluster 0,1.0374048445761015,1,False,Normal
HATS-6 b,HATS-6,Transit,2015,3.3252725,11.186582,0.998,101.38777,0.319,712.8,169.318,3724.0,0.574,0.57,0,Cluster 0,0.9511045650151757,1,False,Normal
KELT-7 b,KELT-7,Transit,2015,2.73477,17.9344,1.6,441.7837,1.39,2048.0,136.681,6768.0,1.76,1.81,0,Cluster 0,1.096897287258812,1,False,Normal
K2-18 b,K2-18,Transit,2015,32.939623,2.37,0.21143724,8.92,0.02806532,284.0,38.0266,3457.0,0.359,0.411,1,Cluster 1,1.0310032047456246,1,False,Normal
KELT-8 b,KELT-8,Transit,2015,3.24406,18.15858,1.62,209.7678,0.66,1675.0,197.572,5754.0,0.81,1.46,0,Cluster 0,1.3717366179582995,1,False,Normal
K2-22 b,K2-22,Transit,2015,0.381073,2.3,0.20519261,444.962,1.4,2100.0,243.836,3879.0,0.595292,0.58,1,Cluster 1,2.5130614383120777,-1,True,Potential Outlier
WASP-47 c,WASP-47,Radial Velocity,2015,589.57,,,447.0,1.40641928,247.0,264.78,5565.0,1.058,1.156,1,Cluster 1,1.6622310523415122,-1,True,Potential Outlier
WASP-47 d,WASP-47,Transit,2015,9.030501,3.65,0.32563175,15.5,0.04876845,885.0,264.78,5565.0,1.058,1.156,1,Cluster 1,1.2517672344611095,1,False,Normal
WASP-47 e,WASP-47,Transit,2015,0.78961,1.83,0.16326195,9.0,0.02831717,1992.0,264.78,5565.0,1.058,1.156,1,Cluster 1,1.0536977807845636,1,False,Normal
GJ 1132 b,GJ 1132,Transit,2015,1.62892911,1.19151465,0.1063,1.83704819,0.00578,583.8,12.613,3229.0,0.1945,0.2211,1,Cluster 1,1.0870337982615175,1,False,Normal
WASP-76 b,WASP-76,Transit,2016,1.80988198,20.78145022,1.854,284.13859586,0.894,2228.0,194.459,6329.0,1.458,1.756,0,Cluster 0,1.2638521177510427,1,False,Normal
KELT-4 A b,KELT-4 A,Transit,2016,2.9895932,19.044091,1.699,286.68266,0.902,1823.0,218.05,6206.0,1.201,1.603,0,Cluster 0,1.029556883288363,1,False,Normal
TRAPPIST-1 b,TRAPPIST-1,Transit,2016,1.510826,1.116,0.09956302,1.374,0.00432309,397.6,12.42988881,2566.0,0.0898,0.1192,1,Cluster 1,1.3201302160435515,1,False,Normal
TRAPPIST-1 c,TRAPPIST-1,Transit,2016,2.421937,1.097,0.09786795,1.308,0.00411543,339.7,12.42988881,2566.0,0.0898,0.1192,1,Cluster 1,1.2096919053665898,1,False,Normal
TRAPPIST-1 d,TRAPPIST-1,Transit,2016,4.049219,0.788,0.07030077,0.388,0.00122078,286.2,12.42988881,2566.0,0.0898,0.1192,1,Cluster 1,1.1821494382725386,1,False,Normal
K2-34 b,K2-34,Transit,2016,2.9956348,13.75,1.22669495,539.67534,1.698,1687.0,348.646,6168.0,1.16,1.42,0,Cluster 0,1.0628770352291865,1,False,Normal
WASP-121 b,WASP-121,Transit,2016,1.27492504,19.52604438,1.742,371.85923619,1.17,2409.0,269.898,6628.0,1.33,1.461,0,Cluster 0,1.319427450496972,1,False,Normal
HIP 41378 b,HIP 41378,Transit,2016,15.57209,2.64,0.23552543,6.9,0.02170983,959.0,106.289,6290.0,1.22,1.3,1,Cluster 1,1.0445476972070564,1,False,Normal
HIP 41378 c,HIP 41378,Transit,2016,31.70591,2.74,0.24444685,5.97,0.01878372,757.0,106.289,6290.0,1.22,1.3,1,Cluster 1,1.1468732804131743,1,False,Normal
HIP 41378 d,HIP 41378,Transit,2016,278.3618,3.65,0.32563175,6.53,0.02054568,367.0,106.289,6290.0,1.22,1.3,1,Cluster 1,1.3079316083565753,1,False,Normal
HIP 41378 e,HIP 41378,Transit,2016,393.0,5.19,0.46302158,7.62,0.0239752,335.0,106.289,6290.0,1.22,1.3,1,Cluster 1,1.3271678386453252,1,False,Normal
HIP 41378 f,HIP 41378,Transit,2016,542.0797,9.47,0.84485827,25.0,0.0786588,294.0,106.289,6290.0,1.22,1.3,0,Cluster 0,1.1891602466228375,1,False,Normal
HD 3167 b,HD 3167,Transit,2016,0.95965451,1.601,0.1428319,4.844,0.01524093,1781.0,47.2899,5338.0,0.864,0.871,1,Cluster 1,0.9646656221766593,1,False,Normal
HD 3167 c,HD 3167,Transit,2016,29.846511,2.983,0.26612589,11.41,0.03589987,567.0,47.2899,5338.0,0.864,0.871,1,Cluster 1,1.0724906445094295,1,False,Normal
HAT-P-65 b,HAT-P-65,Transit,2016,2.60544751,18.05766791,1.611,176.07693748,0.554,1818.0,738.519,5872.0,1.297,1.666,0,Cluster 0,1.0049057607631975,1,False,Normal
WASP-131 b,WASP-131,Transit,2016,5.3220125,13.74221034,1.226,86.76715511,0.273,1460.0,200.075,5990.0,1.06,1.561,0,Cluster 0,0.989351932074109,1,False,Normal
WASP-139 b,WASP-139,Transit,2016,5.924262,8.9672,0.8,37.18611,0.117,910.0,212.472,5310.0,0.92,0.8,0,Cluster 0,1.0056316826915206,1,False,Normal
WASP-127 b,WASP-127,Transit,2016,4.17806203,14.694999,1.311,52.346601,0.1647,1400.0,159.507,5620.0,0.95,1.333,0,Cluster 0,1.0980928155880618,1,False,Normal
TRAPPIST-1 e,TRAPPIST-1,Transit,2017,6.101013,0.92,0.08207704,0.692,0.00217728,249.7,12.42988881,2566.0,0.0898,0.1192,1,Cluster 1,1.1654827106270937,1,False,Normal
TRAPPIST-1 f,TRAPPIST-1,Transit,2017,9.20754,1.045,0.09322882,1.039,0.00326906,217.7,12.42988881,2566.0,0.0898,0.1192,1,Cluster 1,1.188579432559848,1,False,Normal
TRAPPIST-1 g,TRAPPIST-1,Transit,2017,12.352446,1.129,0.10072281,1.321,0.00415633,197.3,12.42988881,2566.0,0.0898,0.1192,1,Cluster 1,1.2045616497116067,1,False,Normal
TRAPPIST-1 h,TRAPPIST-1,Transit,2017,18.772866,0.755,0.0673567,0.326,0.00102571,171.7,12.42988881,2566.0,0.0898,0.1192,1,Cluster 1,1.2602487816075445,1,False,Normal
HD 106315 b,HD 106315,Transit,2017,9.55237,2.44,0.21768222,12.6,0.03964383,1153.0,109.353,6327.0,1.091,1.296,1,Cluster 1,1.222732378727017,1,False,Normal
HD 106315 c,HD 106315,Transit,2017,21.05704,4.35,0.38808101,15.2,0.04782431,886.0,109.353,6327.0,1.091,1.296,1,Cluster 1,1.2876096337598884,1,False,Normal
LHS 1140 b,LHS 1140,Transit,2017,24.73723,1.73,0.15434053,5.6,0.01761957,226.0,14.9861,3096.0,0.1844,0.2159,1,Cluster 1,1.0512114320697121,1,False,Normal
KELT-11 b,KELT-11,Transit,2017,4.73620865,15.13212395,1.35,65.15482343,0.205,1712.0,99.1596,5375.0,1.44,2.69,0,Cluster 0,1.4341161005180658,1,False,Normal
KELT-9 b,KELT-9,Transit,2017,1.4811235,21.70058664,1.936,915.34581216,2.88,3921.0,204.455,9270.0,2.32,2.418,0,Cluster 0,2.3165413984293552,-1,True,Potential Outlier
HD 3167 d,HD 3167,Radial Velocity,2017,8.3967,2.61,0.233,7.3,0.02296837,865.0,47.2899,5338.0,0.864,0.871,1,Cluster 1,1.0325476527485478,1,False,Normal
WASP-107 b,WASP-107,Transit,2017,5.7214876,10.53646,0.94,30.51152707,0.096,736.0,64.7414,4425.0,0.683,0.657,0,Cluster 0,1.0015534205334797,1,False,Normal
GJ 9827 b,GJ 9827,Transit,2017,1.208974,1.44,0.12846842,4.28,0.01346639,1035.01,29.661,4236.0,0.62,0.58,1,Cluster 1,1.0698600632481203,1,False,Normal
GJ 9827 c,GJ 9827,Transit,2017,3.648103,1.13,0.10081202,1.86,0.00585221,715.94,29.661,4236.0,0.62,0.58,1,Cluster 1,1.0293895834022793,1,False,Normal
GJ 9827 d,GJ 9827,Transit,2017,6.20183,1.98,0.17664407,3.02,0.00950198,675.0,29.661,4236.0,0.62,0.58,1,Cluster 1,1.0254717266134104,1,False,Normal
KELT-20 b,KELT-20,Transit,2017,3.4741085,19.514869,1.741,1074.90106,3.382,2262.0,136.426,8720.0,1.76,1.565,0,Cluster 0,1.3772785571421835,1,False,Normal
K2-18 c,K2-18,Radial Velocity,2017,8.962,2.65,0.236,7.51,0.02362898,363.0,38.0266,3457.0,0.359,0.411,1,Cluster 1,0.9886774745922164,1,False,Normal
K2-141 b,K2-141,Transit,2018,0.2803244,1.51,0.13471341,4.97,0.01563737,2103.0,61.8736,4570.0,0.708,0.681,1,Cluster 1,1.6887961853736584,-1,True,Potential Outlier
K2-141 c,K2-141,Transit,2018,7.7485,7.0,0.62449925,8.0,0.02517081,695.0,61.8736,4570.0,0.708,0.681,0,Cluster 0,1.1578133317990897,1,False,Normal
K2-232 b,K2-232,Transit,2018,11.168454,11.209,1.0,126.49634,0.398,1030.0,130.72,6154.0,1.188,1.161,0,Cluster 0,1.0378317042825027,1,False,Normal
GJ 1132 c,GJ 1132,Radial Velocity,2018,8.929,1.52,0.135,2.91,0.00915588,300.0,12.613,3090.0,0.198,0.226,1,Cluster 1,0.9897237121165972,1,False,Normal
HAT-P-11 c,HAT-P-11,Radial Velocity,2018,3361.0,13.2,1.18,851.78013076,2.68,91.58,37.7647,4653.0,0.811,0.683,0,Cluster 0,1.3108262394346624,1,False,Normal
NGTS-2 b,NGTS-2,Transit,2018,4.511164,17.878355,1.595,235.1942,0.74,1468.0,356.391,6478.0,1.64,1.702,0,Cluster 0,1.3019809788834733,1,False,Normal
WASP-164 b,WASP-164,Transit,2018,1.7771255,12.643752,1.128,676.9779,2.13,1610.0,327.506,5806.0,0.946,0.932,0,Cluster 0,1.051955227106847,1,False,Normal
LHS 1140 c,LHS 1140,Transit,2018,3.77794,1.272,0.11348043,1.91,0.00600953,422.0,14.9861,3096.0,0.1844,0.2159,1,Cluster 1,0.9838855033590124,1,False,Normal
K2-287 b,K2-287,Transit,2018,14.893291,9.494023,0.847,100.11645,0.315,804.0,158.335,5695.0,1.056,1.07,0,Cluster 0,0.9995813942574774,1,False,Normal
LHS 3844 b,LHS 3844,Transit,2019,0.462929709,1.286,0.11472943,2.37,0.00745685,816.0,14.8846,3080.0,0.151,0.189,1,Cluster 1,1.672145817596568,-1,True,Potential Outlier
HD 15337 b,HD 15337,Transit,2019,4.7559804,1.77,0.1579091,6.519,0.02051107,1001.0,44.8155,5131.0,0.829,0.855,1,Cluster 1,1.1527038924212691,1,False,Normal
HD 15337 c,HD 15337,Transit,2019,17.180546,2.526,0.22535501,6.792,0.02137002,656.1,44.8155,5131.0,0.829,0.855,1,Cluster 1,1.1135707014326957,1,False,Normal
L 98-59 b,L 98-59,Transit,2019,2.253114,0.837,0.07467227,0.46,0.00144732,620.0,10.6194,3415.0,0.2923,0.3155,1,Cluster 1,1.0188547090666995,1,False,Normal
L 98-59 c,L 98-59,Transit,2019,3.6906764,1.329,0.11856564,2.0,0.0062927,526.0,10.6194,3415.0,0.2923,0.3155,1,Cluster 1,1.0101539278317655,1,False,Normal
L 98-59 d,L 98-59,Transit,2019,7.450729,1.627,0.14515147,1.64,0.00516002,416.0,10.6194,3415.0,0.2923,0.3155,1,Cluster 1,1.022448811694505,1,False,Normal
V1298 Tau b,V1298 Tau,Transit,2019,24.140006,9.41,0.83950542,13.1,0.04121721,666.0,108.199,4970.0,1.1,1.32,0,Cluster 0,1.2492781492267746,1,False,Normal
WASP-166 b,WASP-166,Transit,2019,5.44354,7.06167,0.63,32.10083,0.101,1270.0,114.173,6050.0,1.19,1.22,1,Cluster 1,1.1202137442606377,1,False,Normal
TOI-270 b,TOI-270,Transit,2019,3.35992,1.28,0.11419415,1.48,0.0046566,600.0,22.4793,3506.0,0.386,0.38,1,Cluster 1,1.0221112971505313,1,False,Normal
TOI-270 c,TOI-270,Transit,2019,5.66051,2.33,0.20786903,6.2,0.01950738,489.0,22.4793,3506.0,0.386,0.38,1,Cluster 1,1.0134445797165677,1,False,Normal
TOI-270 d,TOI-270,Transit,2019,11.38194,2.0,0.17842836,4.2,0.01321468,383.0,22.4793,3506.0,0.386,0.38,1,Cluster 1,0.9862288673263253,1,False,Normal
GJ 357 b,GJ 357,Transit,2019,3.9306,1.2,0.10705701,1.83,0.00575782,518.0,9.44181,3505.0,0.342,0.337,1,Cluster 1,1.0063795897604095,1,False,Normal
GJ 357 c,GJ 357,Radial Velocity,2019,9.1247,1.66,0.148,3.4,0.01069754,401.2,9.44181,3505.0,0.342,0.337,1,Cluster 1,0.9901569646665361,1,False,Normal
GJ 357 d,GJ 357,Radial Velocity,2019,55.661,2.34,0.209,6.1,0.01919265,219.6,9.44181,3505.0,0.342,0.337,1,Cluster 1,1.0722393459740616,1,False,Normal
LTT 1445 A b,LTT 1445 A,Transit,2019,5.3587635,1.34,0.119547,2.73,0.00858954,431.0,6.86929,3562.0,0.257,0.271,1,Cluster 1,1.0778538540000318,1,False,Normal
WASP-178 b,WASP-178,Transit,2019,3.3448285,20.28829,1.81,527.5978,1.66,2470.0,427.678,9360.0,2.07,1.67,0,Cluster 0,1.6789111938368495,-1,True,Potential Outlier
V1298 Tau c,V1298 Tau,Transit,2019,8.249164,5.08,0.45320802,4.7,0.01478785,953.0,108.199,4970.0,1.1,1.32,1,Cluster 1,1.5814080612883126,-1,True,Potential Outlier
V1298 Tau d,V1298 Tau,Transit,2019,12.401394,6.53,0.58256858,6.0,0.01887811,831.0,108.199,4970.0,1.1,1.32,1,Cluster 1,1.340738552776658,1,False,Normal
V1298 Tau e,V1298 Tau,Transit,2019,48.677714,10.17,0.90730819,15.3,0.04813918,527.0,108.199,4970.0,1.1,1.32,0,Cluster 0,1.276986643995728,1,False,Normal
LP 791-18 b,LP 791-18,Transit,2019,0.9479981,1.212,0.10812758,1.94,0.00609,564.3,26.4927,2960.0,0.139,0.182,1,Cluster 1,1.1813735120270141,1,False,Normal
LP 791-18 c,LP 791-18,Transit,2019,4.98991,2.488,0.22196488,7.16,0.02252788,324.4,26.4927,2960.0,0.139,0.182,1,Cluster 1,1.1534176850736348,1,False,Normal
TOI-125 b,TOI-125,Transit,2019,4.65382,2.726,0.24319743,9.5,0.02989019,1037.0,111.059,5320.0,0.859,0.848,1,Cluster 1,1.0708890744179025,1,False,Normal
TOI-125 c,TOI-125,Transit,2019,9.15059,2.759,0.24614149,6.63,0.02086021,827.8,111.059,5320.0,0.859,0.848,1,Cluster 1,1.0657455957494393,1,False,Normal
L 168-9 b,L 168-9,Transit,2020,1.40152604,1.63,0.14541911,4.07,0.01280565,998.0,25.1496,3842.0,0.614,0.604,1,Cluster 1,1.1225129352593837,1,False,Normal
TOI-125 d,TOI-125,Transit,2020,19.98,2.93,0.26139709,13.6,0.04279017,638.1,111.059,5320.0,0.859,0.848,1,Cluster 1,1.1273222920414356,1,False,Normal
HATS-48 A b,HATS-48 A,Transit,2020,3.1316666,8.9672,0.8,77.23269,0.243,954.6,263.609,4546.0,0.7279,0.7152,0,Cluster 0,1.078265469334636,1,False,Normal
HATS-72 b,HATS-72,Transit,2020,7.3279474,8.0973816,0.7224,39.855882,0.1254,739.3,127.589,4656.1,0.7311,0.7214,0,Cluster 0,1.0581037747129962,1,False,Normal
TOI-1130 b,TOI-1130,Transit,2020,4.074554,3.66,0.32652389,19.8,0.06229777,825.0,58.2609,4360.0,0.745,0.697,1,Cluster 1,1.3455123825482147,1,False,Normal
TOI-1130 c,TOI-1130,Transit,2020,8.3501898,13.0,1.15978431,336.0,1.05717423,650.0,58.2609,4360.0,0.745,0.697,0,Cluster 0,1.1227049588585232,1,False,Normal
TOI-677 b,TOI-677,Transit,2020,11.2365985,13.11450742,1.17,392.20025424,1.234,1252.0,141.812,6295.0,1.181,1.28,0,Cluster 0,1.1571080433289416,1,False,Normal
LTT 3780 b,LTT 3780,Transit,2020,0.76837931,1.325,0.11820879,2.46,0.00774003,903.0,21.9814,3358.0,0.381,0.38,1,Cluster 1,1.0922558465133025,1,False,Normal
LTT 3780 c,LTT 3780,Transit,2020,12.252284,2.39,0.21322189,8.04,0.02529667,359.0,21.9814,3358.0,0.381,0.38,1,Cluster 1,0.9870949690570111,1,False,Normal
TOI-1338 b,TOI-1338 A,Transit,2020,95.4001,7.661,0.6835,11.3,0.0355,254.65,399.017,5723.2,1.0936,1.313,0,Cluster 0,1.0418888021512105,1,False,Normal
AU Mic b,AU Mic,Transit,2020,8.463446,4.79,0.42733591,8.99,0.0282857,554.8,9.7221,3540.0,0.635,0.862,1,Cluster 1,1.334348308847788,1,False,Normal
WASP-148 b,WASP-148,Transit,2020,8.803809,8.47398941,0.756,91.21675281,0.287,940.0,246.353,5555.0,0.954,0.912,0,Cluster 0,1.003335537165722,1,False,Normal
WASP-148 c,WASP-148,Radial Velocity,2020,34.524,13.9,1.24,124.58873554,0.392,590.0,246.353,5555.0,0.954,0.912,0,Cluster 0,0.9980822464350828,1,False,Normal
NGTS-11 b,NGTS-11,Transit,2020,35.45533,9.157753,0.817,109.33352,0.344,435.0,190.422,5050.0,0.862,0.832,0,Cluster 0,1.0134146107796256,1,False,Normal
TOI-849 b,TOI-849,Transit,2020,0.765548,3.64,0.32473961,41.8,0.13151751,1932.0,225.734,5257.0,0.97,0.97,1,Cluster 1,1.325459988141082,1,False,Normal
TOI-700 b,TOI-700,Transit,2020,9.977219,0.914,0.08154176,0.704,0.00222,417.0,31.1265,3459.0,0.415,0.421,1,Cluster 1,1.0658913381777466,1,False,Normal
TOI-700 c,TOI-700,Transit,2020,16.051137,2.6,0.23195686,7.27,0.0229,356.0,31.1265,3459.0,0.415,0.421,1,Cluster 1,0.991628989149379,1,False,Normal
TOI-700 d,TOI-700,Transit,2020,37.42396,1.073,0.09572681,1.25,0.00394,268.8,31.1265,3459.0,0.415,0.421,1,Cluster 1,1.135916280731743,1,False,Normal
TOI-1899 b,TOI-1899,Transit,2020,29.090312,11.09689089,0.99,212.94503269,0.67,378.0,128.438,3926.0,0.632,0.607,0,Cluster 0,1.1339632511606763,1,False,Normal
HD 86226 c,HD 86226,Transit,2020,3.98442,2.16,0.19270229,7.25,0.02281094,1311.0,45.683,5863.0,1.019,1.053,1,Cluster 1,1.0767246753289026,1,False,Normal
WD 1856+534 b,WD 1856+534,Transit,2020,1.4079405,10.4,0.92782585,4386.054,13.8,163.0,24.7359,4710.0,0.518,0.0131,0,Cluster 0,1.4211161319784733,1,False,Normal
LTT 9779 b,LTT 9779,Transit,2020,0.792052,4.72,0.4210902,29.32,0.09225057,1978.0,80.4373,5443.0,1.02,0.949,1,Cluster 1,1.4540713434645942,1,False,Normal
TOI-824 b,TOI-824,Transit,2020,1.392978,2.926,0.26104024,18.467,0.05810339,1253.0,63.9262,4600.0,0.71,0.695,1,Cluster 1,1.1814940785871935,1,False,Normal
TOI-421 b,TOI-421,Transit,2020,5.197576,2.64,0.23552543,6.7,0.02108056,922.0,74.7969,5291.0,0.833,0.866,1,Cluster 1,1.070454649619773,1,False,Normal
TOI-421 c,TOI-421,Transit,2020,16.067541,5.09,0.45410017,14.1,0.04436356,635.0,74.7969,5291.0,0.833,0.866,1,Cluster 1,1.188614883418618,1,False,Normal
GJ 3473 b,GJ 3473,Transit,2020,1.1980035,1.264,0.11276653,1.86,0.00585219,773.0,27.3644,3347.0,0.36,0.364,1,Cluster 1,0.9974865817728752,1,False,Normal
GJ 3473 c,GJ 3473,Radial Velocity,2020,15.509,2.63,0.235,7.41,0.02331435,329.1,27.3644,3347.0,0.36,0.364,1,Cluster 1,0.9946652213078154,1,False,Normal
WASP-107 c,WASP-107,Radial Velocity,2020,1066.0,13.0,1.16,111.23994245,0.35,,64.7414,4425.0,0.683,0.657,0,Cluster 0,1.0356212911788014,1,False,Normal
TOI-776 b,TOI-776,Transit,2020,8.24662,1.798,0.16040709,5.0,0.01573176,520.0,27.1701,3725.0,0.542,0.547,1,Cluster 1,1.0250499785144065,1,False,Normal
TOI-776 c,TOI-776,Transit,2020,15.665323,2.047,0.18262142,6.9,0.02170983,420.0,27.1701,3725.0,0.542,0.547,1,Cluster 1,1.0241119736160775,1,False,Normal
TOI-561 b,TOI-561,Transit,2020,0.4465697,1.397,0.12463221,2.02,0.00635563,2319.0,85.799,5342.0,0.806,0.843,1,Cluster 1,1.1624837756950757,1,False,Normal
TOI-561 c,TOI-561,Transit,2020,10.778838,2.865,0.25559862,5.93,0.01865787,802.0,85.799,5342.0,0.806,0.843,1,Cluster 1,1.1110891499017248,1,False,Normal
TOI-561 d,TOI-561,Transit,2020,25.71268,2.615,0.23329508,13.33,0.04194087,600.0,85.799,5342.0,0.806,0.843,1,Cluster 1,1.0792770368960356,1,False,Normal
TOI-561 e,TOI-561,Transit,2020,77.144,2.517,0.22455209,12.4,0.03901476,416.0,85.799,5342.0,0.806,0.843,1,Cluster 1,1.1361181240095561,1,False,Normal
TOI-451 b,TOI-451,Transit,2020,1.8587033,1.84,0.16415409,4.7,0.01478785,1474.0,123.739,5490.0,0.93,0.85,1,Cluster 1,1.0722653623003042,1,False,Normal
TOI-451 c,TOI-451,Transit,2020,9.192463,2.93,0.26139754,3.7,0.0116415,865.0,123.739,5490.0,0.93,0.85,1,Cluster 1,1.1053228636785988,1,False,Normal
TOI-451 d,TOI-451,Transit,2020,16.364962,3.93,0.35061172,10.2,0.03209279,714.0,123.739,5490.0,0.93,0.85,1,Cluster 1,1.1612857656053015,1,False,Normal
TOI-178 b,TOI-178,Transit,2021,1.9145601,1.2,0.10705701,0.96,0.0030205,1040.0,62.699,4316.0,0.647,0.662,1,Cluster 1,1.0541374712307288,1,False,Normal
TOI-178 c,TOI-178,Transit,2021,3.238486,1.754,0.15648167,4.64,0.01459907,873.0,62.699,4316.0,0.647,0.662,1,Cluster 1,1.0729598456001024,1,False,Normal
TOI-178 d,TOI-178,Transit,2021,6.557569,2.695,0.24043221,5.2,0.01636103,690.0,62.699,4316.0,0.647,0.662,1,Cluster 1,1.0527105371993883,1,False,Normal
TOI-178 e,TOI-178,Transit,2021,9.96318,2.301,0.20528182,3.48,0.0109493,600.0,62.699,4316.0,0.647,0.662,1,Cluster 1,1.0307784051670452,1,False,Normal
TOI-178 f,TOI-178,Transit,2021,15.23335,2.417,0.21563067,5.63,0.01771396,521.0,62.699,4316.0,0.647,0.662,1,Cluster 1,1.0064824958213696,1,False,Normal
TOI-178 g,TOI-178,Transit,2021,20.71663,2.939,0.26220047,4.4,0.01384395,470.0,62.699,4316.0,0.647,0.662,1,Cluster 1,1.0460415020671876,1,False,Normal
GJ 486 b,GJ 486,Radial Velocity,2021,1.46712127,1.289,0.11499708,2.77,0.00871539,696.3,8.07426,3317.0,0.312,0.3243,1,Cluster 1,1.0155447694382223,1,False,Normal
LHS 1478 b,LHS 1478,Transit,2021,1.9495378,1.242,0.11080401,2.33,0.007331,595.0,18.2276,3381.0,0.236,0.246,1,Cluster 1,1.0220054533362704,1,False,Normal
TOI-1231 b,TOI-1231,Transit,2021,24.245586,3.65,0.32563175,15.4,0.04845382,329.6,27.6227,3553.0,0.485,0.476,1,Cluster 1,1.2741918455645187,1,False,Normal
TOI-674 b,TOI-674,Transit,2021,1.977143,5.25,0.46837443,23.6,0.0742539,635.0,46.0851,3514.0,0.42,0.42,1,Cluster 1,1.344988564378418,1,False,Normal
TOI-1685 b,TOI-1685,Transit,2021,0.66913923,1.421,0.12677335,3.07,0.0096593,1000.0,37.6153,3470.0,0.466,0.462,1,Cluster 1,1.1211788645512661,1,False,Normal
TOI-1807 b,TOI-1807,Transit,2021,0.54937097,1.49681583,0.13353719,2.44,0.0076771,1694.1,42.5775,4914.0,0.8048,0.746,1,Cluster 1,1.020934270830005,1,False,Normal
TOI-2076 b,TOI-2076,Transit,2021,10.35504,2.59,0.23106472,6.7,0.02108056,736.0,41.9091,5187.0,0.849,0.758,1,Cluster 1,1.0667218843029302,1,False,Normal
TOI-2076 c,TOI-2076,Transit,2021,21.01447,3.54,0.31581819,7.2,0.02265373,581.0,41.9091,5187.0,0.849,0.758,1,Cluster 1,1.0517672380107776,1,False,Normal
TOI-2076 d,TOI-2076,Transit,2021,35.12803,3.27,0.29173036,7.3,0.02296837,490.0,41.9091,5187.0,0.849,0.758,1,Cluster 1,1.08569952939659,1,False,Normal
AU Mic c,AU Mic,Transit,2021,18.859023,2.79,0.24890756,14.46,0.04549625,424.7,9.7221,3540.0,0.635,0.862,1,Cluster 1,1.518146939668645,-1,True,Potential Outlier
TOI-2406 b,TOI-2406,Transit,2021,3.0766891,2.86,0.25515255,15.6,0.04908309,449.0,55.419,3100.0,0.166,0.204,1,Cluster 1,1.2907054731084315,1,False,Normal
TOI-431 b,TOI-431,Transit,2021,0.490047,1.28,0.11419415,3.07,0.0096593,1862.0,32.5686,4850.0,0.78,0.731,1,Cluster 1,1.1524560721804862,1,False,Normal
TOI-431 c,TOI-431,Radial Velocity,2021,4.8494,1.49,0.133,2.83,0.00890418,867.0,32.5686,4850.0,0.78,0.731,1,Cluster 1,1.0076716603185858,1,False,Normal
TOI-431 d,TOI-431,Transit,2021,12.46103,3.29,0.29351465,9.9,0.03114888,633.0,32.5686,4850.0,0.78,0.731,1,Cluster 1,1.142013424403621,1,False,Normal
L 98-59 e,L 98-59,Radial Velocity,2021,12.8278,1.49,0.133,2.82,0.00887271,347.0,10.6194,3415.0,0.2923,0.3155,1,Cluster 1,0.9630313485930151,1,False,Normal
HD 63935 b,HD 63935,Transit,2021,9.058807,2.91575244,0.26012646,10.5,0.03303669,825.22,48.9739,5513.0,0.9406,0.9598,1,Cluster 1,1.105098144224036,1,False,Normal
HD 63935 c,HD 63935,Radial Velocity,2021,21.4027,3.06451296,0.273398,11.1,0.03492451,619.59,48.9739,5513.0,0.9406,0.9598,1,Cluster 1,1.159673683000787,1,False,Normal
GJ 367 b,GJ 367,Transit,2021,0.3219226,0.736,0.06566164,0.503,0.00158261,1329.0,9.41263,3535.0,0.451,0.457,1,Cluster 1,1.3340169795742534,1,False,Normal
HATS-75 b,HATS-75,Transit,2021,2.7886556,9.90873894,0.884,156.05374784,0.491,772.3,194.964,3790.4,0.6017,0.5848,0,Cluster 0,0.9658093817267371,1,False,Normal
LTT 1445 A c,LTT 1445 A,Transit,2022,3.1239035,1.147,0.10232866,1.54,0.00484538,508.0,6.86929,3340.0,0.257,0.265,1,Cluster 1,1.017708902573992,1,False,Normal
TOI-500 b,TOI-500,Transit,2022,0.548177,1.166,0.10402373,1.42,0.00446782,1617.0,47.3924,4440.0,0.74,0.678,1,Cluster 1,1.3327765831894898,1,False,Normal
TOI-1075 b,TOI-1075,Transit,2022,0.6047328,1.791,0.15978259,9.95,0.0313062,1323.0,61.4592,3875.0,0.604,0.581,1,Cluster 1,1.2867148978146257,1,False,Normal
TOI-1442 b,TOI-1442,Transit,2022,0.4090677,1.17,0.10438059,1.71,0.00537,1072.0,41.1659,3330.0,0.29,0.31,1,Cluster 1,1.388369104348275,1,False,Normal
TOI-2260 b,TOI-2260,Transit,2022,0.3524728,1.62,0.14452697,3.26,0.0102,2609.0,101.251,5534.0,0.99,0.94,1,Cluster 1,1.4067073623085031,1,False,Normal
TOI-2445 b,TOI-2445,Transit,2022,0.3711281,1.25,0.11151772,2.1,0.0066,1060.0,48.582,3333.0,0.25,0.27,1,Cluster 1,1.3897636433641778,1,False,Normal
GJ 3929 b,GJ 3929,Transit,2022,2.616235,1.09,0.09724345,1.75,0.00550612,568.0,15.8095,3384.0,0.313,0.32,1,Cluster 1,1.0117570115475876,1,False,Normal
WASP-189 b,WASP-189,Transit,2020,2.724033,18.14733975,1.619,632.47852993,1.99,3353.0,99.731,8000.0,2.03,2.36,0,Cluster 0,1.9200633026712577,-1,True,Potential Outlier
TOI-1670 b,TOI-1670,Transit,2022,10.98462,2.06,0.18378121,41.31769291,0.13,1062.0,168.067,6170.0,1.21,1.316,1,Cluster 1,1.0509346473974135,1,False,Normal
TOI-1670 c,TOI-1670,Transit,2022,40.74976,11.06326395,0.987,200.23189641,0.63,684.0,168.067,6170.0,1.21,1.316,0,Cluster 0,1.0294041836007735,1,False,Normal
TOI-500 c,TOI-500,Radial Velocity,2022,6.6356,2.09,0.187,5.03,0.01582615,,47.3924,4440.0,0.74,0.678,1,Cluster 1,0.9834033748398971,1,False,Normal
TOI-500 d,TOI-500,Radial Velocity,2022,26.233,6.35,0.567,33.12,0.10420717,,47.3924,4440.0,0.74,0.678,0,Cluster 0,1.2148233909147843,1,False,Normal
TOI-500 e,TOI-500,Radial Velocity,2022,61.3,3.99,0.356,15.05,0.0473526,,47.3924,4440.0,0.74,0.678,1,Cluster 1,1.1921464117319425,1,False,Normal
HD 260655 b,HD 260655,Transit,2022,2.76953,1.24,0.11062558,2.14,0.00673319,709.0,10.0055,3803.0,0.439,0.439,1,Cluster 1,1.0337152447135884,1,False,Normal
HD 260655 c,HD 260655,Transit,2022,5.70588,1.533,0.13676533,3.09,0.00972223,557.0,10.0055,3803.0,0.439,0.439,1,Cluster 1,1.0401529359385064,1,False,Normal
TOI-3714 b,TOI-3714,Transit,2022,2.154849,11.32107051,1.01,222.4798849,0.7,750.0,112.71,3660.0,0.53,0.51,0,Cluster 0,0.9672421331024397,1,False,Normal
GJ 3929 c,GJ 3929,Radial Velocity,2022,15.04,2.26,0.201,5.71,0.01796567,317.0,15.8095,3384.0,0.313,0.32,1,Cluster 1,0.9842568362536938,1,False,Normal
GJ 3090 b,GJ 3090,Transit,2022,2.85310198,2.18,0.19448691,4.52,0.01422151,723.0,22.4751,3707.0,0.519,0.516,1,Cluster 1,0.9860355821874913,1,False,Normal
TOI-181 b,TOI-181,Transit,2023,4.532,6.9559,0.6339,46.1687,0.1452,895.1,96.2338,4994.0,0.822,0.745,1,Cluster 1,1.0932297588500641,1,False,Normal
TOI-199 b,TOI-199,Transit,2023,104.854,9.07927437,0.81,54.03082919,0.17,325.0,102.27,5255.0,0.936,0.82,0,Cluster 0,1.0115328586356438,1,False,Normal
TOI-603 b,TOI-603,Transit,2026,16.179846,7.37,0.65750849,33.0,0.10382961,899.0,205.924,6027.0,1.24,1.477,0,Cluster 0,1.115629528966376,1,False,Normal
TOI-700 e,TOI-700,Transit,2023,27.80978,0.953,0.08502111,0.818,0.00257,272.9,31.1265,3459.0,0.415,0.421,1,Cluster 1,1.1442402049099196,1,False,Normal
TOI-771 b,TOI-771,Transit,2024,2.3260155,1.36,0.12133128,2.47,0.00777149,543.0,25.2788,3370.0,0.22,0.232,1,Cluster 1,1.0424068192395552,1,False,Normal
TOI-836.01,TOI-836,Transit,2021,8.59545,2.587,0.23079708,9.6,0.03020498,665.0,27.5024,4552.0,0.678,0.665,1,Cluster 1,1.0395053766431288,1,False,Normal
TOI-836 b,TOI-836,Transit,2023,3.81673,1.704,0.15202096,4.53,0.01425297,871.0,27.5024,4552.0,0.678,0.665,1,Cluster 1,1.0855596209981397,1,False,Normal
TOI-1136 d,TOI-1136,Transit,2022,12.5199,4.627,0.412794,8.35,0.02627204,843.0,84.5362,5770.0,1.022,0.968,1,Cluster 1,1.060223770400707,1,False,Normal
TOI-1136 c,TOI-1136,Transit,2022,6.2574,2.879,0.25684762,6.32,0.01988494,1062.0,84.5362,5770.0,1.022,0.968,1,Cluster 1,1.101725100405043,1,False,Normal
TOI-1136 f,TOI-1136,Transit,2022,26.321,3.73591482,0.33329657,9.7,0.03051961,658.0,84.5362,5770.0,1.022,0.968,1,Cluster 1,1.1256920587815307,1,False,Normal
TOI-1136 e,TOI-1136,Transit,2022,18.801,2.639,0.23543622,6.07,0.01909836,737.0,84.5362,5770.0,1.022,0.968,1,Cluster 1,1.160983316737089,1,False,Normal
TOI-1173 b,TOI-1173,Transit,2024,7.06466,9.19,0.8198783,27.4,0.08621004,868.0,132.353,5350.0,0.911,0.934,0,Cluster 0,1.015752857695013,1,False,Normal
TOI-1416 b,TOI-1416,Transit,2023,1.0697568,1.62,0.14452697,3.48,0.0109493,1517.0,55.0135,4884.0,0.798,0.793,1,Cluster 1,1.0570892988483844,1,False,Normal
TOI-1420 b,TOI-1420,Transit,2023,6.9561063,11.89,1.06075658,25.1,0.07897343,957.0,201.918,5510.0,0.987,0.923,0,Cluster 0,1.0232526198823486,1,False,Normal
TOI-1468 c,TOI-1468,Transit,2022,15.532477,2.126,0.18966934,4.1,0.01290004,338.1,24.7399,3376.0,0.3527,0.3714,1,Cluster 1,1.0000232196037502,1,False,Normal
TOI-1468 b,TOI-1468,Transit,2022,1.8805201,1.401,0.12498906,3.04,0.00956491,683.5,24.7399,3376.0,0.3527,0.3714,1,Cluster 1,0.9972396659082499,1,False,Normal
HIP 9618 b,HIP 9618,Transit,2023,20.772858,3.82838127,0.34154589,8.3,0.02611472,640.88,67.5478,5649.0,0.942,0.9593,1,Cluster 1,1.2008395774914629,1,False,Normal
HIP 9618 c,HIP 9618,Transit,2023,52.56363,3.42855926,0.3058761,7.0,0.02202446,470.31,67.5478,5649.0,0.942,0.9593,1,Cluster 1,1.1488330867928105,1,False,Normal
TOI-1801 b,TOI-1801,Transit,2023,10.64387,2.079,0.186,5.738,0.01805377,493.7,30.6796,3863.0,0.556,0.547,1,Cluster 1,1.0119461729866284,1,False,Normal
TOI-1823 b,TOI-1823,Transit,2024,38.8,7.5406241,0.67273058,67.4,0.21206412,423.63,71.6456,4927.0,0.8414,0.8049,0,Cluster 0,1.0996696315155978,1,False,Normal
TOI-2031 A b,TOI-2031 A,Transit,2025,5.71548654,14.20177855,1.267,254.2627256,0.8,1358.0,276.105,6490.0,1.174,1.241,0,Cluster 0,1.1272476163676501,1,False,Normal
TOI-2114 b,TOI-2114,Transit,2026,6.209959,14.54925695,1.298,324.18497514,1.02,1472.0,317.845,6400.0,1.309,1.97,0,Cluster 0,1.0107343196070722,1,False,Normal
TOI-2134 b,TOI-2134,Transit,2023,9.229198,2.735,0.24400078,9.37,0.02948132,660.0,22.6202,4580.0,0.744,0.709,1,Cluster 1,1.047690339934897,1,False,Normal
TOI-2134 c,TOI-2134,Transit,2023,95.85284,7.35,0.65572421,58.3,0.18343231,302.0,22.6202,4580.0,0.744,0.709,0,Cluster 0,1.1748326379843772,1,False,Normal
TOI-2374 b,TOI-2374,Transit,2024,4.3136193,7.48759911,0.668,61.65871096,0.194,926.0,134.655,5002.0,0.802,0.711,1,Cluster 1,1.0714622820321036,1,False,Normal
TOI-2431 b,TOI-2431,Transit,2026,0.22419578,1.534,0.13685455,6.2,0.01950738,2063.0,36.0559,4109.0,0.661,0.651,1,Cluster 1,2.073150316793073,-1,True,Potential Outlier
TOI-3235 b,TOI-3235,Transit,2023,2.59261842,11.39953337,1.017,211.35589065,0.665,604.0,72.811,3388.8,0.3939,0.3697,0,Cluster 0,1.1096784093888552,1,False,Normal
TOI-3757 b,TOI-3757,Transit,2022,3.438753,12.0,1.07057014,85.3,0.26838381,759.0,181.139,3913.0,0.64,0.62,0,Cluster 0,0.9717858711520092,1,False,Normal
TOI-3884 b,TOI-3884,Transit,2022,4.5445828,6.43,0.57364716,32.59,0.10253961,441.0,43.1448,3180.0,0.298,0.302,1,Cluster 1,1.6749607924881258,-1,True,Potential Outlier
TOI-3984 A b,TOI-3984 A,Transit,2023,4.353326,7.9,0.71,44.0,0.14,563.0,108.883,3476.0,0.49,0.47,0,Cluster 0,1.167961985080875,1,False,Normal
TOI-4010 c,TOI-4010,Transit,2023,5.414654,5.93,0.52904008,20.31,0.06390241,907.0,177.504,4960.0,0.88,0.83,1,Cluster 1,1.0710539757990512,1,False,Normal
TOI-4010 d,TOI-4010,Transit,2023,14.70886,6.18,0.55134362,38.15,0.12003332,650.0,177.504,4960.0,0.88,0.83,1,Cluster 1,1.2466959831114914,1,False,Normal
TOI-4010 b,TOI-4010,Transit,2023,1.348335,3.02,0.26942682,11.0,0.03460987,1441.0,177.504,4960.0,0.88,0.83,1,Cluster 1,1.2145176584734305,1,False,Normal
LP 890-9 b,LP 890-9,Transit,2022,2.7299025,1.32,0.11776272,13.2,0.04153184,396.0,32.4298,2850.0,0.118,0.1556,1,Cluster 1,1.104381299343491,1,False,Normal
TOI-4336 A b,TOI-4336 A,Transit,2024,16.336351,2.137,0.1906507,3.33,0.01047735,309.4,22.5455,3307.0,0.306,0.326,1,Cluster 1,1.0223251331748249,1,False,Normal
TOI-4492 b,TOI-4492,Transit,2026,4.4331824,11.78063872,1.051,1881.54416944,5.92,1207.0,143.184,5711.0,1.067,1.222,0,Cluster 0,1.1721088695914106,1,False,Normal
HD 20329 b,HD 20329,Transit,2022,0.926118,1.72,0.15344839,7.42,0.02334593,2141.0,63.6796,5596.0,0.9,1.13,1,Cluster 1,1.0900970741073284,1,False,Normal
Kepler-167 e,Kepler-167,Transit,2016,1071.23205,10.16,0.90641605,321.00669107,1.01,134.4,341.908,4884.0,0.777,0.749,0,Cluster 0,1.1652927296600017,1,False,Normal
TOI-5205 b,TOI-5205,Transit,2023,1.630757,11.6,1.03,343.0,1.08,737.0,86.4493,3430.0,0.392,0.394,0,Cluster 0,1.1207450873266411,1,False,Normal
Kepler-167 c,Kepler-167,Transit,2014,7.406106,1.674,0.14934453,3.44,0.0108,771.0,341.908,4884.0,0.777,0.749,1,Cluster 1,0.9677013866850788,1,False,Normal
TOI-5293 A b,TOI-5293 A,Transit,2023,2.930289,11.9,1.06,170.4,0.54,675.0,162.229,3586.0,0.54,0.52,0,Cluster 0,0.9733234331189268,1,False,Normal
KOI-94 d,KOI-94,Transit,2013,22.342989,11.27,1.005,106.0,0.334,806.0,477.052,6182.0,1.277,1.52,0,Cluster 0,1.0292199240440412,1,False,Normal
LP 890-9 c,LP 890-9,Transit,2022,8.457463,1.367,0.12195578,25.3,0.0796027,272.0,32.4298,2850.0,0.118,0.1556,1,Cluster 1,1.0842010775201312,1,False,Normal
HD 3167 e,HD 3167,Radial Velocity,2022,91.9,3.97,0.354,14.9,0.04688064,389.0,47.2899,5338.0,0.864,0.871,1,Cluster 1,1.057246214054226,1,False,Normal
TOI-5806 b,TOI-5806,Transit,2026,3.1856381,15.13212395,1.35,721.47048389,2.27,1621.0,119.199,6730.0,1.333,1.387,0,Cluster 0,1.149182571596341,1,False,Normal
TOI-5916 b,TOI-5916,Transit,2026,2.36712341,11.8,1.05,219.0,0.688,716.0,199.724,3541.0,0.518,0.487,0,Cluster 0,0.9834853579873635,1,False,Normal
TOI-1136 b,TOI-1136,Transit,2022,4.1727,1.9,0.16950694,3.5,0.01101223,1216.0,84.5362,5770.0,1.022,0.968,1,Cluster 1,1.173172709310478,1,False,Normal
TOI-1136 g,TOI-1136,Transit,2022,39.545,2.53,0.22571187,5.6,0.01761957,574.0,84.5362,5770.0,1.022,0.968,1,Cluster 1,1.169993596502788,1,False,Normal
TOI-1338 c,TOI-1338 A,Radial Velocity,2023,215.79,10.3,0.92,75.4,0.23723493,354.89,399.017,5723.2,1.0936,1.313,0,Cluster 0,1.0239485534328137,1,False,Normal
WASP-84 c,WASP-84,Transit,2023,1.4468849,1.95,0.174,15.2,0.048,1329.0,100.588,5280.0,0.853,0.768,1,Cluster 1,1.1571851929337582,1,False,Normal
TOI-6109 c,TOI-6109,Transit,2025,8.538878,4.8326,0.43113644,20.8,0.0655,786.0,151.738,5660.0,1.03,1.021,1,Cluster 1,1.0645786438680633,1,False,Normal
TOI-6255 b,TOI-6255,Transit,2024,0.23818244,1.079,0.0962621,1.44,0.00453075,1256.46,20.3167,3421.0,0.353,0.37,1,Cluster 1,1.3236583045900732,1,False,Normal
WASP-193 b,WASP-193,Transit,2023,6.2463475,14.78464554,1.319,35.59678158,0.112,1250.0,362.087,6080.0,1.018,1.213,0,Cluster 0,1.09317816803885,1,False,Normal
LP 791-18 d,LP 791-18,Transit,2023,2.75485,1.032,0.09206903,0.91,0.00286318,395.5,26.4927,2960.0,0.139,0.182,1,Cluster 1,1.0369576361023172,1,False,Normal
TOI-6324 b,TOI-6324,Transit,2025,0.279221,1.059,0.09447781,1.17,0.00368123,1216.0,20.5488,3247.0,0.269,0.293,1,Cluster 1,1.4783807943430352,1,False,Normal
HD 207496 b,HD 207496,Transit,2023,6.441008,2.25,0.2007319,6.1,0.01919275,743.0,23.606,4819.0,0.8,0.769,1,Cluster 1,1.1057278607694747,1,False,Normal
TOI-4010 e,TOI-4010,Radial Velocity,2023,762.0,13.3,1.19,692.0,2.17727549,174.0,177.504,4960.0,0.88,0.83,0,Cluster 0,1.0007103053139044,1,False,Normal
GJ 367 c,GJ 367,Radial Velocity,2023,11.5301,1.86,0.166,4.13,0.01299443,,9.41263,3522.0,0.455,0.458,1,Cluster 1,0.993258276291954,1,False,Normal
GJ 367 d,GJ 367,Radial Velocity,2023,34.369,2.33,0.208,6.03,0.0189725,,9.41263,3522.0,0.455,0.458,1,Cluster 1,1.0313688513831412,1,False,Normal
TOI-6109 b,TOI-6109,Transit,2025,5.690476,4.8704,0.43450873,21.1,0.0664,700.0,151.738,5660.0,1.03,1.021,1,Cluster 1,1.1034180175870936,1,False,Normal
TOI-199 c,TOI-199,Transit Timing Variations,2023,273.69,11.4,1.01,88.99195396,0.28,255.43,102.27,5255.0,0.936,0.82,0,Cluster 0,1.364320589624296,1,False,Normal
AU Mic e,AU Mic,Radial Velocity,2025,33.11,4.87,0.434,21.1,0.06638802,,9.7221,3665.0,0.6,0.82,1,Cluster 1,1.1022460994453833,1,False,Normal
AU Mic d,AU Mic,Transit Timing Variations,2023,12.73596,1.02,0.0912,1.053,0.00331,,9.7221,3678.0,0.51,0.744,1,Cluster 1,1.0188482014172275,1,False,Normal
GJ 806 b,GJ 806,Transit,2023,0.9263237,1.331,0.11874407,1.9,0.00597807,940.0,12.0445,3600.0,0.413,0.4144,1,Cluster 1,1.0951711461187563,1,False,Normal
GJ 806 c,GJ 806,Radial Velocity,2023,6.64064,2.28,0.203,5.8,0.01824884,490.0,12.0445,3600.0,0.413,0.4144,1,Cluster 1,1.0223124533121286,1,False,Normal
HD 110067 b,HD 110067,Transit,2023,9.113678,2.2,0.19627119,5.69,0.01790274,800.0,32.1585,5266.0,0.798,0.788,1,Cluster 1,1.0950823701557673,1,False,Normal
HD 110067 c,HD 110067,Transit,2023,13.673694,2.388,0.21304346,6.3,0.01982202,699.0,32.1585,5266.0,0.798,0.788,1,Cluster 1,1.090103164184368,1,False,Normal
HD 110067 d,HD 110067,Transit,2023,20.519617,2.852,0.25443884,8.52,0.02680692,602.0,32.1585,5266.0,0.798,0.788,1,Cluster 1,1.1036541567910796,1,False,Normal
HD 110067 e,HD 110067,Transit,2023,30.793091,1.94,0.17307551,3.9,0.01227077,533.0,32.1585,5266.0,0.798,0.788,1,Cluster 1,1.1943002791479844,1,False,Normal
HD 110067 f,HD 110067,Transit,2023,41.05854,2.601,0.23204608,5.04,0.01585761,489.0,32.1585,5266.0,0.798,0.788,1,Cluster 1,1.1383705220652254,1,False,Normal
HD 110067 g,HD 110067,Transit,2023,54.76992,2.607,0.23258136,8.4,0.02642936,440.0,32.1585,5266.0,0.798,0.788,1,Cluster 1,1.1084361743047302,1,False,Normal
GJ 341 b,GJ 341,Transit,2025,7.57686,0.88,0.07850848,4.0,0.01258541,629.0,10.454,3770.0,0.48,0.5066,1,Cluster 1,1.0833237329117948,1,False,Normal
TOI-6894 b,TOI-6894,Transit,2025,3.37077196,9.5836785,0.855,53.39517238,0.168,417.9,73.8131,3007.0,0.207,0.2276,0,Cluster 0,1.3556483885184745,1,False,Normal
IRAS 04125+2902 b,IRAS 04125+2902,Transit,2024,8.834978,10.73820351,0.958,80.8,0.254,854.0,159.244,4080.0,0.7,1.45,0,Cluster 0,0.9992397200729307,1,False,Normal
Kepler-51 e,Kepler-51,Transit Timing Variations,2024,264.284,2.18,0.195,5.4,0.0169903,,783.831,5674.0,0.96,0.87,1,Cluster 1,1.228536498284963,1,False,Normal
TOI-7169 b,TOI-7169,Transit,2026,3.4373125,16.53324653,1.475,130.30964687,0.41,1631.0,467.151,5714.0,0.885,1.5,0,Cluster 0,1.1910640879295316,1,False,Normal
Gl 725 A b,Gl 725 A,Radial Velocity,2025,11.2201,1.48,0.132,2.78,0.00874686,376.1,3.5214,3433.0,0.33,0.351,1,Cluster 1,0.982164817729253,1,False,Normal
TOI-7189 b,TOI-7189,Transit,2026,2.89055,10.9,0.98,159.04,0.5,738.0,192.09,3775.0,0.612,0.591,0,Cluster 0,0.9542251838162101,1,False,Normal
TOI-7265 B b,TOI-7265 B,Transit,2026,4.17232,10.7,0.95,224.95,0.71,571.0,143.97,3503.0,0.521,0.497,0,Cluster 0,1.0113193919029149,1,False,Normal
BD+05 4868 A b,BD+05 4868 A,Transit,2025,1.271869,,,6.2,0.01950738,1820.0,43.5687,4596.0,0.7,0.69,1,Cluster 1,1.6487634943701148,-1,True,Potential Outlier
TOI-771 c,TOI-771,Radial Velocity,2025,7.61,1.5,0.134,2.87,0.00903003,365.0,25.2788,3370.0,0.22,0.232,1,Cluster 1,0.9630516252394988,1,False,Normal
TOI-7393 b,TOI-7393,Transit,2026,3.33708,11.3,1.01,194.78,0.61,747.0,189.038,3927.0,0.6,0.582,0,Cluster 0,0.9522980652083716,1,False,Normal
TOI-2076 e,TOI-2076,Transit,2025,3.0223753,1.301,0.11606765,4.7,0.01478785,1110.0,41.9091,5187.0,0.849,0.758,1,Cluster 1,1.3180704915053263,1,False,Normal
L 98-59 f,L 98-59,Radial Velocity,2025,23.064,1.48,0.132,2.8,0.00880979,285.0,10.6194,3415.0,0.2923,0.3155,1,Cluster 1,0.9819114922820946,1,False,Normal
HIP 41378 g,HIP 41378,Radial Velocity,2025,63.19,2.5,0.223,6.81,0.02142666,605.0,106.289,6290.0,1.22,1.3,1,Cluster 1,1.0440407420846618,1,False,Normal
55 Cnc B b,55 Cnc B,Radial Velocity,2025,6.7994,1.69,0.151,3.5,0.01101223,395.41,12.4773,3286.0,0.26,0.274,1,Cluster 1,0.9896675140305602,1,False,Normal
55 Cnc B c,55 Cnc B,Radial Velocity,2025,33.747,2.16,0.193,5.3,0.01667566,230.04,12.4773,3286.0,0.26,0.274,1,Cluster 1,1.0714618564928347,1,False,Normal
GJ 3090 c,GJ 3090,Radial Velocity,2026,15.9407,3.14,0.28,10.0,0.03146352,407.2,22.4751,3707.0,0.519,0.516,1,Cluster 1,1.0367393417866033,1,False,Normal
TOI-4336 A c,TOI-4336 A,Transit,2026,7.587266,1.251,0.11160694,1.55,0.00487685,399.5,22.5455,3307.0,0.306,0.326,1,Cluster 1,1.0180020494565092,1,False,Normal
TOI-260 b,TOI-260,Transit,2024,13.475853,1.71,0.15255624,4.23,0.01330907,493.0,20.1852,4026.0,0.616,0.607,1,Cluster 1,1.068979919373442,1,False,Normal
MOA-2020-BLG-108L b,MOA-2020-BLG-108L,Microlensing,2026,,12.4,1.11,3391.22910269,10.67,,5130.0,,0.58,,0,Cluster 0,1.1116756589763255,1,False,Normal
HD 202206 b,HD 202206,Radial Velocity,2026,256.26,12.1,1.08,6849.20217085,21.55,314.96,45.9665,5764.23,1.06,1.04,0,Cluster 0,1.013478151377185,1,False,Normal
HIP 81991 b,HIP 81991,Radial Velocity,2026,5860.0,12.5,1.12,3019.3698665,9.5,163.28,43.9016,5100.0,1.09,2.82111,0,Cluster 0,1.1686305779540855,1,False,Normal
Gl 725 B c,Gl 725 B,Radial Velocity,2026,37.9,1.66,0.148,3.4,0.0106976,215.0,6.842357,3379.0,0.25,0.28,1,Cluster 1,1.0803602829027166,1,False,Normal
Kepler-12 b,Kepler-12,Transit,2011,4.4379629,19.660586,1.754,137.30256,0.432,1480.0,881.386,5947.0,1.166,1.483,0,Cluster 0,1.4177748788989706,1,False,Normal
KOI-94 b,KOI-94,Transit,2013,3.743208,1.71,0.153,10.5,0.033,1486.0,477.052,6182.0,1.277,1.52,1,Cluster 1,1.1076146864868566,1,False,Normal
Kepler-167 d,Kepler-167,Transit,2016,21.80379,1.238,0.11044715,2.06,0.00649,538.0,341.908,4884.0,0.777,0.749,1,Cluster 1,1.1127380573528631,1,False,Normal
Kepler-51 d,Kepler-51,Transit,2014,130.194,9.7,0.865,7.6,0.024,381.0,783.831,6018.0,1.04,0.94,0,Cluster 0,1.001521726445294,1,False,Normal
Kepler-51 c,Kepler-51,Transit,2012,85.312,9.0,0.803,4.0,0.013,439.0,783.831,6018.0,1.04,0.94,0,Cluster 0,0.9961685868183263,1,False,Normal
Kepler-51 b,Kepler-51,Transit,2012,45.154,7.1,0.633,2.1,0.007,543.0,783.831,6018.0,1.04,0.94,0,Cluster 0,1.058470347134371,1,False,Normal
Kepler-167 b,Kepler-167,Transit,2014,4.3931539,1.718,0.15326996,3.6,0.0113,918.0,341.908,4884.0,0.777,0.749,1,Cluster 1,1.00216365197381,1,False,Normal
KOI-94 c,KOI-94,Transit,2013,10.423648,4.32,0.385,15.6,0.049,1012.0,477.052,6182.0,1.277,1.52,1,Cluster 1,1.2152966300826245,1,False,Normal
KOI-94 e,KOI-94,Transit,2013,54.32031,6.56,0.585,35.0,0.11,584.0,477.052,6182.0,1.277,1.52,1,Cluster 1,1.2147471909307566,1,False,Normal
PH2 b,PH2,Transit,2013,282.52542,9.33708092,0.833,87.08498352,0.274,295.1,343.863,5734.0,0.966,0.949,0,Cluster 0,1.0144796937987788,1,False,Normal
K2-33 b,K2-33,Transit,2016,5.424865,5.04,0.44963868,1175.971,3.7,850.0,139.268,3540.0,0.56,1.05,6,Cluster 6,2.426374328277457,-1,True,Potential Outlier
HAT-P-11 b,HAT-P-11,Transit,2010,4.888,4.36,0.38897315,25.0,0.0787,838.0,37.7647,4653.0,0.811,0.683,1,Cluster 1,1.1872351157007288,1,False,Normal
HD 180902 b,HD 180902,Radial Velocity,2009,510.9,13.5,1.2,535.54355,1.685,412.37,104.577,4961.0,1.41,4.16,3,Cluster 3,0.9992480665333041,1,False,Normal
TOI-5624 e,TOI-5624,Transit,2026,21.489936,3.247,0.28967844,8.9,0.02800253,613.8,101.913,5327.0,0.858,0.82,1,Cluster 1,1.1077029913267649,1,False,Normal
KOINTREAU-1 b,XEST 17-036,Imaging,2026,,12.4,1.11,3368.9811142,10.6,,158.618,3551.0,0.26,,0,Cluster 0,1.5760374549495522,-1,True,Potential Outlier
K2-414 c,K2-414,Transit,2022,6.669,1.9287,0.17206739,4.38,0.0138,762.62,260.036,4343.0,0.814,0.732,1,Cluster 1,1.2851493159539376,1,False,Normal
Kepler-1154 c,Kepler-1154,Transit,2016,8.45808312,2.36,0.2105451,6.17,0.0194,1117.0,1460.1,6327.0,1.26,1.43,1,Cluster 1,1.0095676168245729,1,False,Normal
Kepler-863 b,Kepler-863,Transit,2016,15.59461874,2.9,0.25872067,8.75,0.0275,718.0,1499.66,5678.0,0.96,0.95,1,Cluster 1,1.002154457586211,1,False,Normal
Kepler-278 c,Kepler-278,Transit,2014,51.111,3.268,0.29155193,34.9,0.10980768,492.0,443.03,4965.0,1.227,2.861,1,Cluster 1,2.653971399493121,-1,True,Potential Outlier
GJ 180 d,GJ 180,Radial Velocity,2020,106.3,2.66,0.237,7.56,0.0237863,187.94,11.9407,3371.0,0.43,0.413049,1,Cluster 1,1.1526914737738427,1,False,Normal
K2-86 b,K2-86,Transit,2016,8.77683,1.96,0.17485949,4.5,0.0142,830.49,258.699,5482.0,0.79,0.76,1,Cluster 1,1.112302486644095,1,False,Normal
HD 196050 b,HD 196050,Radial Velocity,2002,1392.0,12.9,1.15,1493.7935129,4.7,207.52,50.6742,5879.0,1.27,1.42,0,Cluster 0,1.0392255973632172,1,False,Normal
Kepler-564 b,Kepler-564,Transit,2016,3.750832285,4.63,0.41306093,19.4,0.0609,1129.0,863.037,5626.0,0.95,0.92,1,Cluster 1,1.0852919357727622,1,False,Normal
Kepler-878 b,Kepler-878,Transit,2016,25.9422033,1.93,0.17218307,4.38,0.0138,501.0,791.625,5044.0,0.81,0.77,1,Cluster 1,1.0093547094199011,1,False,Normal
HD 120084 b,HD 120084,Radial Velocity,2013,2142.0,12.7,1.13,2034.1018048,6.4,369.24,103.044,4879.0,2.16,10.37,3,Cluster 3,1.6196416674546683,-1,True,Potential Outlier
TOI-1694 c,TOI-1694,Radial Velocity,2023,386.25,13.8,1.23,316.55709337,0.996,222.0,124.68,5005.0,0.828,0.812,0,Cluster 0,1.0188154976194133,1,False,Normal
K2-87 b,K2-87,Transit,2016,9.726618,7.6,0.67802659,44.9,0.141,979.0,491.242,5747.0,1.164,1.401,0,Cluster 0,1.0600786389367245,1,False,Normal
Kepler-983 b,Kepler-983,Transit,2016,60.0855082,2.36,0.2105451,6.17,0.0194,485.0,714.437,6052.0,1.13,1.08,1,Cluster 1,1.0480637512038036,1,False,Normal
Kepler-1948 b,Kepler-1948,Transit,2021,15.57129955,1.03283226,0.09214328,1.09,0.00343,399.0,193.903,3872.0,0.585,0.557,1,Cluster 1,1.0885396824644997,1,False,Normal
Kepler-444 c,Kepler-444,Transit,2015,4.5458841,0.497,0.044,0.0793,0.00025,868.0,36.4396,5046.0,0.758,0.752,1,Cluster 1,1.2574988141274455,1,False,Normal
Kepler-1173 b,Kepler-1173,Transit,2016,0.7698536,0.89,0.07940048,0.64,0.00201,1650.0,377.06,5252.0,0.86,0.82,1,Cluster 1,1.002626698450419,1,False,Normal
HD 219077 b,HD 219077,Radial Velocity,2012,5478.68861,12.5,1.11,3057.50927534,9.62,146.68,29.1864,5362.0,0.92,1.91,0,Cluster 0,1.0116180605479612,1,False,Normal
Kepler-458 c,KIC 9663113,Transit,2016,20.74028413,4.2,0.3746989,16.4,0.0516,798.0,1594.74,6117.21,1.15,2.21562,1,Cluster 1,1.2966050703839507,1,False,Normal
Kepler-1608 b,Kepler-1608,Transit,2016,16.4735686,1.73,0.15434026,3.64,0.0115,612.0,832.0,4992.0,0.75,0.72,1,Cluster 1,0.9974464641726868,1,False,Normal
TOI-2093 b,TOI-2093,Radial Velocity,2025,12.836,3.25,0.29,10.6,0.03335133,535.0,82.7982,4426.0,0.745,0.729,1,Cluster 1,1.1682106001698411,1,False,Normal
EPIC 212499991 b,EPIC 212499991,Transit,2019,34.885,1.6,0.14274244,3.19,0.01,,283.29,4982.79,0.912,0.757541,1,Cluster 1,1.2326877741089326,1,False,Normal
Kepler-759 b,Kepler-759,Transit,2016,41.805985,2.27,0.20251584,5.77,0.0182,533.0,1073.48,5860.0,1.04,1.04,1,Cluster 1,0.9838124738676799,1,False,Normal
Kepler-563 b,Kepler-563,Transit,2016,22.18432708,3.09,0.27567134,9.75,0.0307,546.0,565.207,5066.0,0.8,0.77,1,Cluster 1,1.0108561923047177,1,False,Normal
Kepler-296 f,Kepler-296,Transit,2014,63.33627,1.8,0.16058524,3.89,0.0123,274.0,167.0,3740.0,0.498,0.48,1,Cluster 1,1.0087334180985055,1,False,Normal
Kepler-534 b,Kepler-534,Transit,2016,15.95994513,2.24,0.19983941,5.65,0.0178,721.0,570.659,5884.0,1.05,0.98,1,Cluster 1,0.9722787821133526,1,False,Normal
TOI-512 b,TOI-512,Transit,2025,7.18886,1.54,0.13738983,3.57,0.01123248,1009.0,67.3975,5277.0,0.74,0.89,1,Cluster 1,1.3659869689827495,1,False,Normal
HD 75784 b,HD 75784,Radial Velocity,2014,341.2,13.8,1.23,317.83,1.0,425.98,85.4321,4867.0,1.26,3.4,3,Cluster 3,1.1244828627931784,1,False,Normal
Kepler-172 c,Kepler-172,Transit,2014,6.388996,2.86,0.255,8.55,0.0269,970.0,828.592,5526.0,1.081,1.085,1,Cluster 1,1.2080966114924185,1,False,Normal
Kepler-1340 b,Kepler-1340,Transit,2016,0.665026916,1.55,0.13828174,3.02,0.00951,2174.0,981.779,6331.0,1.27,1.42,1,Cluster 1,1.2452348011076304,1,False,Normal
Kepler-1115 b,Kepler-1115,Transit,2016,23.5540725,1.7,0.15166384,3.53,0.0111,1381.0,983.245,8480.0,1.6,1.73,1,Cluster 1,2.007719665552335,-1,True,Potential Outlier
KIC 5437945 b,KIC 5437945,Transit,2015,440.7813,6.4,0.57096976,33.6,0.106,308.0,1274.01,6340.0,1.07,1.24,0,Cluster 0,1.1645979488415183,1,False,Normal
Kepler-1859 c,Kepler-1859,Transit,2023,3.59645081,1.66,0.14809554,3.39,0.0107,1327.0,1331.25,5887.0,1.09,1.235,1,Cluster 1,1.0050701442733438,1,False,Normal
Kepler-1201 b,Kepler-1201,Transit,2016,15.18725932,2.29,0.20430012,5.86,0.0184,789.0,944.241,6177.0,1.15,1.24,1,Cluster 1,0.9558806769062725,1,False,Normal
Kepler-232 c,Kepler-232,Transit,2014,11.379349,3.83,0.342,14.0,0.0442,806.0,1349.13,5847.0,0.97,0.968,1,Cluster 1,1.115993309435999,1,False,Normal
tau Cet g,tau Cet,Radial Velocity,2017,20.0,1.18,0.105,1.75,0.00550609,639.65,3.60304,5310.0,0.783,0.83,1,Cluster 1,1.1383418218903147,1,False,Normal
Kepler-151 b,Kepler-151,Transit,2014,15.228958,3.06,0.273,9.59,0.0302,639.0,649.919,5460.0,0.87,0.83,1,Cluster 1,1.0724460966622913,1,False,Normal
TOI-201 b,TOI-201,Transit,2021,52.9786,11.4,1.01704163,164.0,0.51600171,759.0,113.825,6423.0,1.32,1.31,0,Cluster 0,1.0564348694065484,1,False,Normal
Kepler-207 d,Kepler-207,Transit,2014,5.868075,3.31,0.295,11.0,0.0345,1254.0,875.519,5920.0,1.313,1.588,1,Cluster 1,1.1215011126025451,1,False,Normal
GJ 887 e,GJ 887,Radial Velocity,2026,4.4249,1.12,0.0999,1.46,0.00459367,544.0,3.28679,3688.0,0.495,0.468,1,Cluster 1,0.9989378950841866,1,False,Normal
WASP-108 b,WASP-108,Transit,2020,2.67555212374,15.13212395,1.35,283.50293904,0.892,1589.0,258.777,6783.0,1.167,1.34415,0,Cluster 0,1.120064104118862,1,False,Normal
Kepler-1521 b,Kepler-1521,Transit,2016,47.14840805,2.5,0.22303506,6.8,0.0214,391.0,206.983,5042.0,0.81,0.76,1,Cluster 1,0.9782872787750578,1,False,Normal
Kepler-238 c,Kepler-238,Transit,2014,6.155557,2.39,0.213,152.522,0.47988788,1146.0,1798.75,5751.0,1.229,1.43,1,Cluster 1,1.231818456345692,1,False,Normal
GJ 676 A d,GJ 676 A,Radial Velocity,2012,3.60076,1.78,0.159,3.81394088,0.012,757.36,16.0272,3734.0,0.626,0.69,1,Cluster 1,1.0526127216369396,1,False,Normal
Kepler-620 b,Kepler-620,Transit,2016,12.91375431,3.32,0.29619056,11.0,0.0346,849.0,1355.28,6155.0,1.15,1.22,1,Cluster 1,1.0879932788026523,1,False,Normal
TOI-2989 b,TOI-2989,Transit,2025,3.122832,12.55405838,1.12,953.485221,3.0,1001.0,195.795,4672.0,0.77,0.76,0,Cluster 0,1.3117633287990822,1,False,Normal
Kepler-349 c,Kepler-349,Transit,2014,12.247629,1.96,0.175,4.5,0.0142,763.0,940.724,5956.0,1.083,0.927,1,Cluster 1,0.9651215242074557,1,False,Normal
Kepler-1231 b,Kepler-1231,Transit,2016,10.41725184,1.42,0.12668391,2.6,0.00819,870.0,987.237,5778.0,1.01,1.0,1,Cluster 1,1.0041869912980133,1,False,Normal
Kepler-274 b,Kepler-274,Transit,2014,11.634788,1.54,0.137,2.99,0.0094,961.0,1333.62,6023.0,0.883,1.007,1,Cluster 1,1.2300813401939055,1,False,Normal
Kepler-832 b,Kepler-832,Transit,2016,7.1396941,2.06,0.18378089,4.9,0.0154,965.0,1688.12,5596.0,0.92,0.9,1,Cluster 1,0.9981543666659732,1,False,Normal
Kepler-1889 b,Kepler-1889,Transit,2021,37.30369949,2.94360686,0.26261147,8.98,0.0282,493.0,1395.13,5646.0,0.864,0.817,1,Cluster 1,1.1386859701309664,1,False,Normal
Kepler-988 b,Kepler-988,Transit,2016,17.76080053,2.07,0.18467303,4.94,0.0155,368.0,304.889,4005.0,0.55,0.53,1,Cluster 1,1.0439832399530262,1,False,Normal
TOI-880 c,TOI-880,Transit,2025,6.3872703,4.95,0.44161018,21.7,0.0683,805.0,60.6679,5050.0,0.87,0.83,1,Cluster 1,1.1710929728741044,1,False,Normal
HD 12235 b,HD 12235,Radial Velocity,2022,4.36305,3.23,0.288,10.48833743,0.033,1667.37,31.7627,5986.0,1.1,1.80185,1,Cluster 1,1.1949041219960308,1,False,Normal
Kepler-444 f,Kepler-444,Transit,2015,9.740486,0.741,0.066,0.332,0.00104,673.0,36.4396,5046.0,0.758,0.752,1,Cluster 1,1.1223751443240078,1,False,Normal
GJ 887 c,GJ 887,Radial Velocity,2020,21.784,2.43,0.217,6.5,0.02045129,320.0,3.28679,3688.0,0.495,0.468,1,Cluster 1,0.9826874329839981,1,False,Normal
Kepler-524 b,Kepler-524,Transit,2016,7.97419807,1.91,0.17039879,4.31,0.0136,974.0,1058.24,6014.0,1.09,1.1,1,Cluster 1,0.9827255099914762,1,False,Normal
Kepler-1075 b,Kepler-1075,Transit,2016,1.52372816,1.42,0.12668391,2.6,0.00819,818.0,291.275,3959.0,0.56,0.54,1,Cluster 1,1.0007607528378706,1,False,Normal
Kepler-368 b,Kepler-368,Transit,2014,26.84768,3.26,0.291,10.7,0.0336,800.0,770.978,5502.0,1.165,2.019,1,Cluster 1,1.449527970070966,1,False,Normal
Kepler-115 b,Kepler-115,Transit,2014,2.403679,1.09,0.097,1.32,0.00416,1489.0,623.609,5979.0,1.042,1.205,1,Cluster 1,0.9935462136616232,1,False,Normal
Kepler-1735 b,Kepler-1735,Transit,2021,7.71792984,1.19429134,0.10654772,1.84,0.00578,502.0,245.303,3975.0,0.535,0.509,1,Cluster 1,1.0291678194202123,1,False,Normal
TOI-1898 b,TOI-1898,Transit,2024,45.52234,9.39553231,0.83821469,129.0,0.40587939,674.54,79.6682,6241.0,1.2484,1.6131,0,Cluster 0,1.0771009116714318,1,False,Normal
Kepler-1130 c,Kepler-1130,Transit,2021,3.266639948,0.79239584,0.07069294,0.422,0.00133,1072.0,249.343,5450.0,0.944,0.842,1,Cluster 1,1.0285645153430891,1,False,Normal
HD 20782 b,HD 20782,Radial Velocity,2006,597.0643,13.6,1.21,472.83,1.4878,253.34,35.9864,5782.13,1.04,1.12681,0,Cluster 0,0.9782247315818837,1,False,Normal
Kepler-1376 b,Kepler-1376,Transit,2016,5.30880656,1.05,0.09367473,1.16,0.00364,1042.0,868.056,5659.0,0.98,0.97,1,Cluster 1,0.9834476656603016,1,False,Normal
Kepler-1190 b,Kepler-1190,Transit,2016,10.45843441,1.33,0.11865465,2.33,0.00733,609.0,342.509,4730.0,0.76,0.72,1,Cluster 1,1.0312250455367358,1,False,Normal
Kepler-450 b,Kepler-450,Transit,2015,28.454851,6.14,0.54777411,19.4,0.06103892,769.0,455.982,6197.21,1.19,1.64162,1,Cluster 1,1.2265046372215842,1,False,Normal
Kepler-758 d,Kepler-758,Transit,2016,20.4966197,2.12,0.18913373,5.14,0.0162,843.0,1502.32,6228.0,1.16,1.42,1,Cluster 1,0.9663219114253712,1,False,Normal
HAT-P-47 b,HAT-P-47,Transit,2026,4.73217441,14.71739166,1.313,65.47265184,0.206,1605.0,282.096,6703.0,1.387,1.515,0,Cluster 0,1.100555450995778,1,False,Normal
HD 135625 b,HD 135625,Radial Velocity,2023,4055.0,13.3,1.19,731.0053361,2.3,146.04,56.518,6040.64,1.28,1.35743,0,Cluster 0,1.4292447435939253,1,False,Normal
TOI-2211.01,TOI-2211,Transit,2024,3.092686757,1.561,0.13926333,3.06,0.00962,1056.92,70.2932,5253.0,0.9,0.834,1,Cluster 1,0.9808935592640016,1,False,Normal
Kepler-124 b,Kepler-124,Transit,2014,3.410493,0.73,0.065,0.315,0.00099,892.0,420.046,4984.0,0.706,0.636,1,Cluster 1,1.2491672028053802,1,False,Normal
Kepler-1259 b,Kepler-1259,Transit,2016,0.663085258,1.43,0.12757605,2.63,0.00829,1681.0,805.562,5053.0,0.8,0.77,1,Cluster 1,0.9961687216908442,1,False,Normal
TOI-1859 b,TOI-1859,Transit,2023,63.48347,9.75181321,0.87,68.6,0.216,615.0,224.385,6341.0,1.287,1.36,0,Cluster 0,1.0864584209999968,1,False,Normal
Kepler-616 b,Kepler-616,Transit,2016,9.99761851,2.43,0.21679008,6.48,0.0204,860.0,945.775,5753.0,0.98,0.97,1,Cluster 1,0.9751100535092331,1,False,Normal
HD 141399 e,HD 141399,Radial Velocity,2014,5000.0,14.1,1.25,209.7678,0.66,142.24,37.0169,5600.0,1.07,1.387236,0,Cluster 0,1.0107189383823505,1,False,Normal
Kepler-1008 b,Kepler-1008,Transit,2016,12.43931193,1.28,0.11419395,2.18,0.00687,627.0,282.565,5066.0,0.81,0.78,1,Cluster 1,1.0428810514776787,1,False,Normal
TOI-2133 b,TOI-2133,Transit,2026,3.8266472,2.37,0.2114376,6.21,0.0195,798.0,75.1973,4250.0,0.644,0.62,1,Cluster 1,1.0443164329762784,1,False,Normal
Kepler-1979 b,Kepler-1979,Transit,2023,18.5084526,29.33,2.61665184,,,683.0,1076.27,5942.0,1.028,0.938,0,Cluster 0,3.237879112720557,-1,True,Potential Outlier
WASP-157 b,WASP-157,Transit,2016,3.951623,11.19,0.99830493,182.43442,0.574,1193.0,334.037,5772.0,1.06,1.1,0,Cluster 0,1.0176804823007,1,False,Normal
Kepler-1183 b,Kepler-1183,Transit,2016,28.5057189,2.82,0.25158355,8.35,0.0263,555.0,1919.19,5765.0,1.0,0.99,1,Cluster 1,0.9929760458563696,1,False,Normal
Kepler-331 d,Kepler-331,Transit,2014,32.134328,1.64,0.146,3.33,0.0105,346.0,580.119,4347.0,0.653,0.492,1,Cluster 1,1.0078171313863231,1,False,Normal
TOI-5322 b,TOI-5322,Transit,2025,5.4233207,16.6117094,1.482,184.02264765,0.579,1350.0,476.899,5692.0,0.998,1.462,0,Cluster 0,1.2259173166588426,1,False,Normal
HD 457 b,HD 457,Radial Velocity,2022,20324.58153,11.9,1.07,8445.3364308,26.572,85.15,55.0375,6114.04,1.15,1.28194,0,Cluster 0,1.1116416566927885,1,False,Normal
HD 112640 b,HD 112640,Radial Velocity,2020,613.2,12.9,1.15,1589.15,5.0,959.65,323.335,4155.0,1.8,39.0,3,Cluster 3,1.099718984934087,1,False,Normal
Kepler-1647 b,Kepler-1647,Transit,2016,1107.5923,11.8739,1.0593184,483.0,1.51968033,242.92,1212.45,6210.0,1.2207,1.7903,0,Cluster 0,1.3300526345365697,1,False,Normal
Kepler-1197 b,Kepler-1197,Transit,2016,2.03231845,1.25,0.11151753,2.1,0.0066,1011.0,486.94,4708.0,0.78,0.72,1,Cluster 1,1.0955502176226322,1,False,Normal
HD 153557 b,HD 153557,Radial Velocity,2022,7.29903,4.77,0.425,20.34101805,0.064,772.12,17.9412,4837.0,0.79,0.745171,1,Cluster 1,1.1810036152995143,1,False,Normal
Kepler-1939 b,Kepler-1939,Transit,2021,2.790659904,1.16480773,0.10391736,1.68,0.00528,816.0,189.833,4353.0,0.648,0.603,1,Cluster 1,1.0170348156528617,1,False,Normal
TIC 117642575 b,TIC 117642575,Transit,2026,4.94459060181,2.82716337,0.25222306,8.38,0.0264,,188.758,5719.98,1.06,1.08102,1,Cluster 1,1.0118289312377622,1,False,Normal
Kepler-621 b,Kepler-621,Transit,2016,2.628113746,2.3,0.20519226,5.9,0.0186,737.0,389.0,4521.0,0.72,0.68,1,Cluster 1,0.9823445758819256,1,False,Normal
Kepler-1113 b,Kepler-1113,Transit,2016,42.3004954,2.81,0.25069141,8.3,0.0261,558.0,1073.88,5931.0,1.12,1.17,1,Cluster 1,1.0482149193790211,1,False,Normal
Kepler-142 b,Kepler-142,Transit,2014,2.024152,1.99,0.178,4.62,0.0145,1597.0,548.686,5790.0,0.978,1.269,1,Cluster 1,0.9730203191366019,1,False,Normal
Kepler-662 b,Kepler-662,Transit,2016,21.67697486,2.18,0.19448657,5.39,0.017,530.0,815.637,4897.0,0.79,0.74,1,Cluster 1,0.9921811071282154,1,False,Normal
Kepler-1336 c,Kepler-1336,Transit,2016,5.77721211,1.71,0.15255598,3.57,0.0112,1260.0,1126.64,5512.0,0.94,1.3,1,Cluster 1,1.0139885505201836,1,False,Normal
TOI-216.02,TOI-216,Transit,2019,17.16073,8.0,0.71371342,18.75187601,0.059,628.0,177.945,5026.0,0.77,0.748,0,Cluster 0,1.0493705866026217,1,False,Normal
Kepler-236 c,Kepler-236,Transit,2014,23.968127,2.0,0.178,4.66,0.0147,329.0,288.763,3750.0,0.596005,0.51,1,Cluster 1,1.0124175223878387,1,False,Normal
HD 196067 b,HD 196067,Radial Velocity,2012,3413.7,12.4,1.11,3623.2438398,11.4,176.42,39.9346,6072.0,1.16,1.71,0,Cluster 0,1.0610380135905098,1,False,Normal
Kepler-1210 b,Kepler-1210,Transit,2016,8.07124073,1.7,0.15166384,3.53,0.0111,856.0,1176.53,5568.0,0.94,0.92,1,Cluster 1,1.0102495150575275,1,False,Normal
Kepler-91 b,Kepler-91,Transit,2013,6.24658,15.322703,1.367,257.4423,0.81,2040.0,1294.69,4550.0,1.31,6.3,0,Cluster 0,2.377534814297835,-1,True,Potential Outlier
K2-290 b,K2-290,Transit,2019,9.21165,3.06,0.27299491,10.9,0.03429506,1230.0,272.909,6302.0,1.194,1.511,1,Cluster 1,1.0481705695885717,1,False,Normal
Kepler-1766 b,Kepler-1766,Transit,2021,105.0149994,2.27904508,0.20332313,5.81,0.0183,406.0,501.229,5868.0,0.915,1.042,1,Cluster 1,1.1154391967983195,1,False,Normal
HD 176986 c,HD 176986,Radial Velocity,2017,16.8124,,,2097.98531461,6.601,558.0,27.7843,4931.0,0.789,0.782,6,Cluster 6,1.0558226401141446,1,False,Normal
K2-170 c,K2-170,Transit,2018,12.400047,1.8017647,0.16074268,3.9,0.0123,,392.872,5748.0,0.963657,0.981614,1,Cluster 1,0.9752635702676713,1,False,Normal
HD 72490 b,HD 72490,Radial Velocity,2018,858.0,13.5,1.2,561.92344,1.768,386.45,126.339,4934.0,1.21,4.96,3,Cluster 3,1.0436099231182294,1,False,Normal
HD 12661 c,HD 12661,Radial Velocity,2002,1708.0,13.2,1.18,899.45439181,2.83,174.06,37.8478,5748.0,1.02,1.11,0,Cluster 0,1.0273240934518602,1,False,Normal
Kepler-1061 b,Kepler-1061,Transit,2016,2.757982666,1.98,0.17664377,4.58,0.0144,1332.0,543.375,6067.0,1.09,1.07,1,Cluster 1,0.9901619628679603,1,False,Normal
Kepler-1904 b,Kepler-1904,Transit,2021,4.577020168,1.3904994,0.12405226,2.51,0.00791,567.0,270.854,3805.0,0.526,0.497,1,Cluster 1,0.9923807418729222,1,False,Normal
Kepler-473 b,Kepler-473,Transit,2016,14.55731705,4.08,0.36399322,15.6,0.0492,879.0,905.937,5816.0,1.06,1.34,1,Cluster 1,1.1204367017055743,1,False,Normal
HD 14787 b,HD 14787,Radial Velocity,2018,676.6,13.7,1.23,356.28743,1.121,409.43,119.137,4946.0,1.43,5.01,3,Cluster 3,0.9926433233961418,1,False,Normal
WASP-106 b,WASP-106,Transit,2014,9.28969,12.10569916,1.08,613.40882551,1.93,1140.0,352.181,6002.0,1.175,1.47,0,Cluster 0,1.156539694116868,1,False,Normal
Kepler-1840 b,Kepler-1840,Transit,2021,131.1900024,2.77771129,0.24781123,8.13,0.0256,284.0,513.107,4898.0,0.774,0.803,1,Cluster 1,0.9953702757923439,1,False,Normal
kap And b,kap And,Imaging,2012,,15.91675259,1.42,5498.4314411,17.3,1791.0,50.0177,11327.0,2.768,2.109,0,Cluster 0,1.8544803089863062,-1,True,Potential Outlier
Kepler-1751 b,Kepler-1751,Transit,2021,7.017310143,1.82417378,0.16274216,3.98,0.0125,984.0,1291.47,6052.0,0.974,0.967,1,Cluster 1,1.1309103955516366,1,False,Normal
Kepler-1067 b,Kepler-1067,Transit,2016,0.762129261,0.8,0.07137122,0.437,0.00137,1872.0,667.693,5592.0,0.95,0.93,1,Cluster 1,1.035370329846468,1,False,Normal
TOI-2578 b,TOI-2578,Transit,2026,3.4579667,19.66055215,1.754,167.17774208,0.526,1778.0,285.53,6333.0,1.27,1.64,0,Cluster 0,1.0518379881746847,1,False,Normal
Kepler-624 b,Kepler-624,Transit,2016,14.58649607,2.31,0.2060844,5.95,0.0187,852.0,748.188,6117.0,1.1,1.18,1,Cluster 1,1.0145922745741767,1,False,Normal
TOI-5349 b,TOI-5349,Transit,2026,3.317921,10.2,0.91,127.4,0.4,719.0,188.336,3751.0,0.61,0.58,0,Cluster 0,0.9667928163387318,1,False,Normal
TOI-1294 c,TOI-1294,Radial Velocity,2024,159.9,14.3,1.27,147.0,0.46251372,440.45,332.648,5718.0,1.1578,1.5566,0,Cluster 0,1.0670683230663178,1,False,Normal
Kepler-1039 b,Kepler-1039,Transit,2016,0.934884242,1.46,0.13025248,2.73,0.00859,2080.0,306.91,4870.0,0.79,0.74,1,Cluster 1,1.4399371877361904,1,False,Normal
HAT-P-60 b,HAT-P-60,Transit,2021,4.7947813,18.28184752,1.631,182.43350562,0.574,1772.0,233.22,6212.0,1.435,2.197,0,Cluster 0,1.019137094730089,1,False,Normal
HD 88986 b,HD 88986,Radial Velocity,2023,146.05,2.49,0.2221433,17.2,0.05411725,460.0,33.2673,5861.0,1.25,1.543,1,Cluster 1,1.4214999503657437,1,False,Normal
HD 215152 e,HD 215152,Radial Velocity,2018,25.1967,,,975.41538108,3.069,517.82,21.5974,4935.0,0.77,0.73,6,Cluster 6,3.172966604430875,-1,True,Potential Outlier
Kepler-704 b,Kepler-704,Transit,2016,3.76182115,2.61,0.2328486,7.32,0.023,1121.0,1228.83,5616.0,0.97,0.96,1,Cluster 1,1.001229294396187,1,False,Normal
K2-385 b,K2-385,Transit,2022,2.380867,1.539,0.13730062,2.98,0.00939,,420.819,4844.0,0.927,0.761,1,Cluster 1,1.4692784755008597,1,False,Normal
Kepler-1432 b,Kepler-1432,Transit,2016,23.9109011,2.22,0.19805513,5.56,0.0175,709.0,2171.87,6031.0,1.09,1.13,1,Cluster 1,1.001958116878101,1,False,Normal
Kepler-135 c,Kepler-135,Transit,2014,11.448708,1.16,0.103,1.65,0.00521,975.0,621.855,6090.0,1.047,1.275,1,Cluster 1,1.060746411197811,1,False,Normal
Kepler-950 b,Kepler-950,Transit,2016,98.7180406,8.98,0.80114194,59.6,0.188,360.0,2161.6,5857.0,1.02,1.02,0,Cluster 0,0.9826827662167007,1,False,Normal
HD 73526 b,HD 73526,Radial Velocity,2002,188.3,13.1,1.17,978.9164,3.08,414.37,97.2396,5601.0,1.14,1.53,0,Cluster 0,1.0764785460013657,1,False,Normal
HD 207897 b,HD 207897,Transit,2021,16.20166,2.34302132,0.20903072,14.8,0.04656601,581.75,28.2938,5106.0,0.8208,0.7827,1,Cluster 1,1.19994225923317,1,False,Normal
Kepler-1459 b,Kepler-1459,Transit,2016,62.8691611,1.36,0.12133107,2.42,0.00761,349.0,455.479,4828.0,0.78,0.74,1,Cluster 1,1.1037251608982004,1,False,Normal
Kepler-1358 b,Kepler-1358,Transit,2016,7.06317341,1.12,0.09991971,1.46,0.00459,827.0,546.998,5181.0,0.82,0.79,1,Cluster 1,1.048592450632825,1,False,Normal
Kepler-411 b,Kepler-411,Transit,2013,3.005156,2.401,0.21420287,25.6,0.0805462,1138.0,153.676,4974.0,0.87,0.82,1,Cluster 1,1.3640559605286526,1,False,Normal
HD 360 b,HD 360,Radial Velocity,2021,273.1,14.0,1.25,238.37130525,0.75,765.69,111.542,4770.0,1.69,10.86,3,Cluster 3,0.9680101248675343,1,False,Normal
TOI-4030 b,TOI-4030,Transit,2026,2.50900199461,5.8462559,0.52156891,28.8,0.0905,1384.0,571.615,5640.37,0.98,0.991737,1,Cluster 1,1.2575349548351977,1,False,Normal
Kepler-741 b,Kepler-741,Transit,2016,7.03902374,2.97,0.26496565,9.11,0.0287,1051.0,1661.87,6129.0,1.16,1.24,1,Cluster 1,1.0519462556939563,1,False,Normal
Kepler-1299 b,Kepler-1299,Transit,2016,19.9400874,2.98,0.26585779,9.17,0.0288,588.0,1404.94,5609.0,0.94,0.91,1,Cluster 1,0.9946831442634073,1,False,Normal
Kepler-1806 b,Kepler-1806,Transit,2021,9.033320427,2.35560189,0.21015309,6.15,0.0193,729.0,978.066,5311.0,0.884,0.788,1,Cluster 1,0.9955878713779182,1,False,Normal
TOI-375 c,TOI-375,Radial Velocity,2026,115.5,13.4,1.19,669.34662514,2.106,596.0,396.213,5259.9,1.441,2.9,3,Cluster 3,1.4146901929619307,1,False,Normal
Kepler-1048 b,Kepler-1048,Transit,2016,6.92101021,1.61,0.14363458,3.22,0.0101,619.0,556.006,4651.0,0.75,0.7,1,Cluster 1,1.0261990752553936,1,False,Normal
Kepler-749 b,Kepler-749,Transit,2016,17.31716585,3.1,0.27656348,9.8,0.0308,454.0,721.027,5009.0,0.79,0.75,1,Cluster 1,1.0181428448760925,1,False,Normal
HD 102329 b,HD 102329,Radial Velocity,2011,778.09998,12.6,1.12,2593.4928,8.16,532.95,217.107,4745.0,3.21,9.82,3,Cluster 3,1.7668863263599974,-1,True,Potential Outlier
TOI-1194 b,TOI-1194,Transit,2023,2.3106446,8.71664516,0.77764833,120.0,0.37756222,1264.29,149.667,5394.0,0.9835,0.9608,0,Cluster 0,1.0696698309783352,1,False,Normal
Barnard d,Barnard's star,Radial Velocity,2025,2.3402,0.694,0.062,0.263,0.00082749,483.0,1.82655,3195.0,0.162,0.185,1,Cluster 1,1.0289646351593629,1,False,Normal
Kepler-1951 b,Kepler-1951,Transit,2021,20.65780067,2.32107188,0.20707252,6.0,0.0189,728.0,1277.32,5468.0,0.923,1.306,1,Cluster 1,1.066854776977134,1,False,Normal
HIP 114933 b,HIP 114933,Radial Velocity,2021,1481.6,13.4,1.2,616.58710958,1.94,316.81,101.766,4823.0,1.39,5.27,3,Cluster 3,1.0392749089224667,1,False,Normal
Kepler-1305 b,Kepler-1305,Transit,2016,13.5630972,1.88,0.16772237,4.19,0.0132,733.0,1575.23,5701.0,0.97,0.96,1,Cluster 1,0.9742043442960922,1,False,Normal
Kepler-598 b,Kepler-598,Transit,2016,3.70175428,1.5,0.13382104,2.86,0.00899,1050.0,681.086,5307.0,0.87,0.86,1,Cluster 1,0.9861694500825147,1,False,Normal
HD 185283 b,HD 185283,Radial Velocity,2023,4060.0,13.6,1.22,413.1769291,1.3,93.97,31.395,4848.0,0.8,0.743303,0,Cluster 0,1.0581471383518946,1,False,Normal
Kepler-1920 b,Kepler-1920,Transit,2021,30.2541008,2.95415848,0.26355282,9.03,0.0284,660.0,885.913,6277.0,1.239,1.161,1,Cluster 1,1.0326118635281907,1,False,Normal
HD 65216 b,HD 65216,Radial Velocity,2003,577.6,13.6,1.22,411.58985,1.295,222.56,35.1205,5612.0,0.874,0.88,0,Cluster 0,1.0100033875208607,1,False,Normal
Kepler-954 b,Kepler-954,Transit,2016,16.78176602,2.32,0.20697654,5.99,0.0189,545.0,215.814,4990.0,0.82,0.76,1,Cluster 1,0.9838389055827834,1,False,Normal
EPIC 206042996 c,EPIC 206042996,Transit,2021,0.354884,1.2,0.10705701,1.87,0.00588,,451.769,4114.0,0.565,0.5,1,Cluster 1,1.0061247421634731,1,False,Normal
HATS-38 b,HATS-38,Transit,2020,4.375021,6.882326,0.614,23.51942,0.074,1294.0,343.525,5732.0,0.89,1.105,1,Cluster 1,1.2133523271666784,1,False,Normal
Kepler-1388 c,Kepler-1388,Transit,2016,5.53608151,2.26,0.2016237,5.73,0.018,566.0,453.795,4098.0,0.63,0.61,1,Cluster 1,0.9833205576248585,1,False,Normal
TIC 178172313 b,TIC 178172313,Transit,2026,4.3731816136,2.80405322,0.2501613,8.27,0.026,,178.137,5405.59,0.91,0.84345,1,Cluster 1,0.9767899297294159,1,False,Normal
Gliese 12 b,Gliese 12,Transit,2024,12.761418,0.93,0.08296919,0.95,0.00298903,314.6,12.21,3328.0,0.255,0.265,1,Cluster 1,1.0981996464878574,1,False,Normal
Kepler-266 c,Kepler-266,Transit,2014,107.723601,3.89,0.347,14.4,0.0453,421.0,1370.79,5885.0,0.947,1.028,1,Cluster 1,1.0630266991073554,1,False,Normal
NGTS-30 b,NGTS-30,Transit,2024,98.29838,10.40193409,0.928,305.11527072,0.96,500.0,238.377,5455.0,0.94,0.913,0,Cluster 0,1.0161172170952248,1,False,Normal
Kepler-1388 e,Kepler-1388,Transit,2016,37.6327084,2.46,0.2194665,6.62,0.0208,299.0,453.795,4098.0,0.63,0.61,1,Cluster 1,1.0102390502431342,1,False,Normal
Kepler-1311 b,Kepler-1311,Transit,2016,11.1726994,1.24,0.11062539,2.07,0.00651,1019.0,866.331,5748.0,1.05,1.4,1,Cluster 1,1.0555986302192082,1,False,Normal
Kepler-1991 c,Kepler-1991,Transit,2023,22.79020351,2.57,0.22928044,7.13,0.0224,634.0,855.82,5478.0,0.914,1.053,1,Cluster 1,0.9880489777168476,1,False,Normal
Kepler-126 d,Kepler-126,Transit,2014,100.283134,2.5,0.223,54.59018723,0.17175992,475.0,237.401,6239.0,1.108,1.358,1,Cluster 1,2.121004533437019,-1,True,Potential Outlier
TOI-4029 b,TOI-4029,Transit,2026,5.88498234631,6.73756618,0.60108643,36.6,0.115,1142.0,274.436,5662.53,1.018,1.17834,1,Cluster 1,1.0694792123295183,1,False,Normal
Kepler-2001 b,Kepler-2001,Transit,2023,1.090011003,1.04,0.09278275,1.12,0.00352,1402.0,776.55,5081.0,0.864,0.77,1,Cluster 1,1.084451495927799,1,False,Normal
Kepler-1247 b,Kepler-1247,Transit,2016,13.71220213,2.33,0.20786868,6.04,0.019,676.0,1045.92,5303.0,0.86,0.82,1,Cluster 1,0.9789330466820132,1,False,Normal
Kepler-68 e,Kepler-68,Radial Velocity,2023,3455.0,11.2,0.997,86.4493267,0.272,147.35,144.166,5847.0,1.057,1.2564,0,Cluster 0,1.4668332378084519,1,False,Normal
Kepler-1406 b,Kepler-1406,Transit,2016,11.62905828,1.1,0.09813543,1.37,0.0043,854.0,572.403,5892.0,1.05,1.12,1,Cluster 1,1.0681050059181614,1,False,Normal
Kepler-1682 b,Kepler-1682,Transit,2020,14.8334,2.88940836,0.25777575,8.7,0.0274,694.0,1159.85,5619.12,0.99,0.842301,1,Cluster 1,1.0281744620793887,1,False,Normal
Kepler-174 d,Kepler-174,Transit,2014,247.35373,2.19,0.195,5.43,0.0171,212.0,384.757,4880.0,0.602,0.622,1,Cluster 1,1.3116779590111594,1,False,Normal
Kepler-326 b,Kepler-326,Transit,2014,2.248329,1.52,0.136,44.6,0.14,1127.0,487.675,5105.0,0.91,0.801,2,Cluster 2,1.2026746820559249,1,False,Normal
GJ 3998 d,GJ 3998,Radial Velocity,2025,41.78,2.34,0.209,6.07,0.01909836,292.23,18.1459,3726.0,0.52,0.5,1,Cluster 1,1.003659485734355,1,False,Normal
HD 205158 b,HD 205158,Radial Velocity,2022,25.33798,13.9,1.24,124.58873554,0.392,963.25,86.6159,6133.55,1.16,1.87741,0,Cluster 0,1.0654440177766162,1,False,Normal
HD 219134 h,HD 219134,Radial Velocity,2015,2247.0,12.7,1.14,108.0622,0.34,117.88,6.53127,4913.0,0.794,0.77,0,Cluster 0,1.0359109686617516,1,False,Normal
K2-183 c,K2-183,Transit,2018,10.787992,2.3,0.20519261,5.9,0.0186,787.0,329.041,5482.0,0.942219,0.87,1,Cluster 1,1.0060241804179488,1,False,Normal
NGTS-21 b,NGTS-21,Transit,2022,1.5433897,14.90794433,1.33,750.07504052,2.36,1357.0,592.891,4660.0,0.72,0.86,0,Cluster 0,1.5833030835913013,-1,True,Potential Outlier
Kepler-1519 b,Kepler-1519,Transit,2016,240.7989397,7.06,0.62985101,39.6,0.125,342.0,1441.63,5644.0,0.94,0.91,0,Cluster 0,1.0081949699079054,1,False,Normal
TCP J05074264+2447555 b,TCP J05074264+2447555,Microlensing,2018,,4.72,0.421,20.0,0.06292704,344.63,505.0,5805.0,0.586,1.42487,1,Cluster 1,2.458345772777179,-1,True,Potential Outlier
TOI-2459 b,TOI-2459,Transit,2023,19.104718,2.9531,0.26345839,9.03,0.0284,445.01,36.6113,4195.0,0.66,0.6751,1,Cluster 1,1.0205754844192456,1,False,Normal
Kepler-784 b,Kepler-784,Transit,2016,31.5922646,1.58,0.14095816,3.12,0.00982,688.0,1303.72,5674.0,1.0,1.32,1,Cluster 1,1.13549761285897,1,False,Normal
TOI-2641 b,TOI-2641,Transit,2023,4.880974,18.10250383,1.615,122.6817651,0.386,1387.0,344.045,6100.0,1.16,1.336,0,Cluster 0,1.3056573503292337,1,False,Normal
Kepler-255 c,Kepler-255,Transit,2014,9.946047,2.99,0.267,9.22,0.029,807.0,1052.53,5573.0,0.867,0.933,1,Cluster 1,1.0499734397074216,1,False,Normal
HD 51608 c,HD 51608,Radial Velocity,2019,95.9446,3.87,0.346,14.31,0.045,400.69,35.0553,5358.0,0.8,0.916136,1,Cluster 1,1.0923983822819738,1,False,Normal
TIC 434398831 c,TIC 434398831,Transit,2025,6.210291,5.63,0.50227582,27.0,0.0849,1050.0,217.011,5638.0,0.992,0.909,1,Cluster 1,1.1019699258270008,1,False,Normal
TOI-3082 b,TOI-3082,Transit,2023,1.926907,3.6621,0.32671124,13.0,0.0409,1032.78,113.048,4263.0,0.664,0.6847,1,Cluster 1,1.241268394685558,1,False,Normal
Kepler-1037 b,Kepler-1037,Transit,2016,1.063788673,1.28,0.11419395,2.18,0.00687,1650.0,446.914,5105.0,0.82,0.78,1,Cluster 1,1.0131569636048798,1,False,Normal
TOI-2141 d,TOI-2141,Radial Velocity,2025,60.45,3.97,0.354,14.9,0.04688064,491.4,77.682,5635.0,0.896,0.95,1,Cluster 1,1.1359029480055158,1,False,Normal
HD 88133 b,HD 88133,Radial Velocity,2004,3.414884,13.8,1.23,324.1866,1.02,1762.08,73.6123,5392.0,1.26,2.2,0,Cluster 0,1.1366070124153937,1,False,Normal
TOI-1448 b,TOI-1448,Transit,2024,8.112245,2.749,0.24524978,19.5,0.06135386,426.0,73.3345,3412.0,0.372,0.38,1,Cluster 1,1.011319907407906,1,False,Normal
TIC 294329732 b,TIC 294329732,Transit,2026,9.7565876181,2.07692266,0.18529095,4.97,0.0156,,189.333,5201.93,0.89,0.920172,1,Cluster 1,1.01006659454274,1,False,Normal
WISPIT 2 c,WISPIT 2,Imaging,2026,,17.93436912,1.6,3178.28407,10.0,2050.0,134.907,4530.0,1.08,1.3,0,Cluster 0,1.5741129419129491,-1,True,Potential Outlier
K2-272 b,K2-272,Transit,2018,14.4536756,3.13,0.27924038,9.96,0.0313,747.0,423.065,5397.0,0.86,0.83,1,Cluster 1,1.0223165656896163,1,False,Normal
TOI-3474 b,TOI-3474,Transit,2025,3.8795105,14.67255574,1.309,193.87532827,0.61,1451.0,420.123,6020.0,1.121,1.256,0,Cluster 0,0.9970364864039111,1,False,Normal
Kepler-825 c,Kepler-825,Transit,2016,8.1818246,1.84,0.1641538,4.04,0.0127,981.0,807.85,5976.0,1.03,1.08,1,Cluster 1,0.9881359458669982,1,False,Normal
Kepler-382 b,Kepler-382,Transit,2014,5.262155,1.32,0.118,2.3,0.00724,1166.0,935.446,5600.0,1.002,0.945,1,Cluster 1,0.9991918163273616,1,False,Normal
Kepler-266 b,Kepler-266,Transit,2014,6.61833,2.48,0.221,6.71,0.0211,1066.0,1370.79,5885.0,0.947,1.028,1,Cluster 1,1.0176380654068513,1,False,Normal
Kepler-1962 b,Kepler-1962,Transit,2021,7.991459846,1.21463929,0.10836305,1.95,0.00614,901.0,866.826,5700.0,1.003,1.006,1,Cluster 1,1.0391698751949008,1,False,Normal
TOI-1266 d,TOI-1266,Transit Timing Variations,2025,32.509,1.74,0.155,3.68,0.01157857,288.0,36.0118,3563.0,0.437,0.4232,1,Cluster 1,1.0495620050778047,1,False,Normal
Kepler-691 b,Kepler-691,Transit,2016,8.114379,2.09,0.18645731,5.02,0.0158,460.0,279.115,3715.0,0.53,0.5,1,Cluster 1,0.9474094636819265,1,False,Normal
HD 142415 b,HD 142415,Radial Velocity,2003,386.29999,13.5,1.2,530.7761,1.67,283.72,35.5318,5940.0,1.07,1.04,0,Cluster 0,0.9945689827250463,1,False,Normal
WASP-167 b,WASP-167,Transit,2017,2.0219596,17.71022,1.58,2542.64,8.0,2329.0,423.552,7000.0,1.59,1.79,0,Cluster 0,1.316982527412351,1,False,Normal
K2-412 b,K2-412,Transit,2022,5.9382,2.116,0.1887772,5.13,0.0161,1100.64,654.085,5590.0,0.893,0.977,1,Cluster 1,0.9954377465799592,1,False,Normal
Kepler-1441 b,Kepler-1441,Transit,2016,39.4419839,1.31,0.11687037,2.27,0.00714,682.0,1110.48,5802.0,1.0,1.0,1,Cluster 1,1.0817167063754136,1,False,Normal
CoRoT-28 b,CoRoT-28,Transit,2015,5.20851,10.704595,0.955,153.82972,0.484,1349.25,766.183,5150.0,1.01,1.78,0,Cluster 0,1.0805793511818527,1,False,Normal
Kepler-88 d,KOI-142,Radial Velocity,2020,1403.0,13.1,1.17,965.14699656,3.0504646,158.95,376.863,5466.0,0.99,0.897,0,Cluster 0,0.9834644590813724,1,False,Normal
Kepler-1755 b,Kepler-1755,Transit,2021,24.81209946,5.91688317,0.52786987,29.4,0.0924,631.0,982.383,6086.0,1.003,0.921,1,Cluster 1,1.1497806466111862,1,False,Normal
Teegarden's Star c,Teegarden's Star,Radial Velocity,2019,11.416,1.02,0.0912,1.05,0.00330367,209.0,3.83078,3034.0,0.097,0.12,1,Cluster 1,1.0945052875791885,1,False,Normal
HD 219828 b,HD 219828,Radial Velocity,2007,3.83483,4.59,0.409,19.06970442,0.06,1602.83,73.114,5891.0,1.04,1.56,1,Cluster 1,1.3278629645283795,1,False,Normal
Kepler-835 b,Kepler-835,Transit,2016,11.41909375,2.79,0.24890713,8.2,0.0258,921.0,2406.33,5954.0,1.08,1.11,1,Cluster 1,1.010084595084765,1,False,Normal
Kepler-1666 c,Kepler-1666,Transit,2020,40.7157,3.23564749,0.28866513,10.5,0.0332,578.0,1379.37,6293.0,1.23,1.14586,1,Cluster 1,1.053217123990829,1,False,Normal
Kepler-1143 b,Kepler-1143,Transit,2016,2.888904849,1.67,0.14898742,3.43,0.0108,976.0,555.189,5053.0,0.81,0.77,1,Cluster 1,0.9643124623229017,1,False,Normal
KOI-4777.01,KOI-4777,Transit,2022,0.412,0.51,0.04549923,99.2,0.3121181,1180.0,172.245,3515.0,0.41,0.4,1,Cluster 1,1.2091632417991647,1,False,Normal
Kepler-79 d,Kepler-79,Transit,2014,52.0897,7.15,0.63788137,5.3,0.01667566,592.0,1020.72,6389.0,1.244,1.316,1,Cluster 1,1.1868631633504336,1,False,Normal
Kepler-190 b,Kepler-190,Transit,2014,2.019999,1.56,0.139,3.05,0.00961,1166.0,433.387,5106.0,0.834,0.795,1,Cluster 1,1.0236391279959627,1,False,Normal
NGTS-17 b,NGTS-17,Transit,2021,3.24253,13.89913607,1.24,242.82090295,0.764,1457.0,1040.28,5650.0,1.025,1.337,0,Cluster 0,0.9815836535550707,1,False,Normal
Kepler-354 c,Kepler-354,Transit,2014,16.934402,1.31,0.117,2.27,0.00714,508.0,554.064,4648.0,0.652,0.674,1,Cluster 1,1.066944664511332,1,False,Normal
TIC 198190129 b,TIC 198190129,Transit,2026,7.94804910667,2.92284949,0.26075962,8.87,0.0279,,130.035,4377.53,0.638,0.640675,1,Cluster 1,1.0477035537037374,1,False,Normal
Kepler-1933 b,Kepler-1933,Transit,2021,4.943290234,1.17984089,0.10525854,1.76,0.00553,1058.0,328.007,5661.0,0.964,1.008,1,Cluster 1,0.9905519446628223,1,False,Normal
OGLE-2014-BLG-0676L b,OGLE-2014-BLG-0676L,Microlensing,2016,,13.1,1.17,988.44634577,3.11,,1880.0,,0.6,,0,Cluster 0,0.991598777287533,1,False,Normal
Kepler-1041 b,Kepler-1041,Transit,2016,24.7576421,2.94,0.26228923,8.96,0.0282,644.0,1485.82,5957.0,1.06,1.08,1,Cluster 1,0.9932356900119114,1,False,Normal
KIC 10525077 b,KIC 10525077,Transit,2015,854.083,5.5,0.49067713,25.9,0.0816,,1461.15,6091.0,1.01,1.01,1,Cluster 1,1.1392470638413699,1,False,Normal
K2-70 b,K2-70,Transit,2016,13.97896,2.89,0.25782853,8.7,0.0274,783.99,232.964,5622.0,0.94,0.93,1,Cluster 1,0.999308863109736,1,False,Normal
TOI-5704 b,TOI-5704,Transit,2023,3.771116,3.2274,0.28792984,10.5,0.033,949.07,89.637,4590.0,0.73,0.7575,1,Cluster 1,1.1446713345578883,1,False,Normal
HATS-4 b,HATS-4,Transit,2014,2.516729,11.433,1.02,420.471,1.323,1315.0,416.459,5403.0,1.001,0.925,0,Cluster 0,1.03754028615654,1,False,Normal
Kepler-121 b,Kepler-121,Transit,2014,3.177422,2.34,0.209,6.08,0.0191,997.0,510.523,5311.0,0.859,0.701,1,Cluster 1,1.053005253838569,1,False,Normal
HD 163607 b,HD 163607,Radial Velocity,2012,75.2203,13.9,1.24,249.051588,0.7836,587.13,67.7855,5522.0,1.12,1.76,0,Cluster 0,1.0913237224767163,1,False,Normal
TOI-1453 b,TOI-1453,Transit,2025,4.3135225,1.173,0.10464823,2.32,0.00729954,944.2,78.7415,4975.0,0.715,0.72,1,Cluster 1,1.2799964707865596,1,False,Normal
Kepler-395 c,Kepler-395,Transit,2014,34.989262,1.32,0.118,2.3,0.00724,341.0,421.382,4262.0,0.622827,0.556,1,Cluster 1,1.0668517548306764,1,False,Normal
Kepler-1965 b,Kepler-1965,Transit,2021,41.86869812,1.35415138,0.1208095,2.4,0.00756,492.0,521.791,5852.0,0.928,0.837,1,Cluster 1,1.2076401771119964,1,False,Normal
DMPP-8 b,DMPP-8,Radial Velocity,2026,62.915,10.8,0.96,81.09,0.25513767,579.7,76.1335,6009.0,0.99,1.24,0,Cluster 0,1.053231811203863,1,False,Normal
Kepler-501 b,Kepler-501,Transit,2016,5.640677572,4.3,0.38362031,17.1,0.0537,1125.0,1125.24,5904.0,1.03,1.04,1,Cluster 1,1.1163342737878887,1,False,Normal
TOI-892 b,TOI-892,Transit,2020,10.62656,11.99363,1.07,301.9385,0.95,1397.0,340.543,6261.0,1.28,1.39,0,Cluster 0,1.1119065632743803,1,False,Normal
Kepler-1898 b,Kepler-1898,Transit,2021,4.765620232,0.93353523,0.08328458,0.76,0.00239,1167.0,360.921,5702.0,0.837,1.125,1,Cluster 1,1.2777788142883675,1,False,Normal
Kepler-1274 b,Kepler-1274,Transit,2016,6.98152703,1.42,0.12668391,2.6,0.00819,1384.0,614.648,6179.0,1.45,2.17,1,Cluster 1,1.2249650149403315,1,False,Normal
G 9-40 b,G 9-40,Transit,2019,5.7459982,1.9,0.16950694,4.0,0.01258541,440.6,27.9276,3395.0,0.2952,0.3026,1,Cluster 1,0.9947345381000783,1,False,Normal
K2-46 b,K2-46,Transit,2016,19.1541,2.05,0.18288875,4.86,0.0153,889.0,449.237,6256.0,0.96,1.29,1,Cluster 1,1.2954610465287058,1,False,Normal
K2-199 c,K2-199,Transit,2018,7.3744897,2.85,0.25426041,12.4,0.03901476,694.0,107.518,4491.0,0.711,0.682,1,Cluster 1,1.0374975929975183,1,False,Normal
TOI-2005 b,TOI-2005,Transit,2025,17.305904,11.99360935,1.07,2034.1018048,6.4,1221.39,328.475,7130.0,1.59,2.02,0,Cluster 0,1.2122127320140001,1,False,Normal
Kepler-1065 b,Kepler-1065,Transit,2016,3.609308907,3.73,0.33276831,13.4,0.0422,1092.0,1122.48,5635.0,0.94,0.93,1,Cluster 1,1.119585071681977,1,False,Normal
TOI-7394 B b,TOI-7394 B,Transit,2026,1.252995,11.5,1.02,668.74,2.1,986.0,189.986,3717.0,0.624,0.609,0,Cluster 0,1.1448926371331718,1,False,Normal
TOI-5811 B b,TOI-5811 B,Transit,2026,6.25663,21.96960217,1.96,257.44100967,0.81,1530.0,170.135,4840.0,1.08,3.73,0,Cluster 0,1.9754452393354267,-1,True,Potential Outlier
HD 112300 b,HD 112300,Radial Velocity,2023,466.63,12.2,1.09,5031.22368281,15.83,1240.35,62.07324,3657.0,1.4,65.8,3,Cluster 3,1.5040272550132168,-1,True,Potential Outlier
TOI-5614 b,TOI-5614,Transit,2026,4.17221328949,3.21759316,0.28705493,10.4,0.0329,817.0,223.016,4553.0,0.674,0.734919,1,Cluster 1,1.125823893360521,1,False,Normal
Kepler-793 b,Kepler-793,Transit,2016,4.24153639,1.37,0.12222321,2.45,0.00771,1177.0,985.699,5745.0,0.98,0.97,1,Cluster 1,0.981418826301609,1,False,Normal
Kepler-307 c,Kepler-307,Transit,2013,13.0729,2.2,0.19627085,3.64,0.01145266,739.0,575.581,5367.0,0.907,0.814,1,Cluster 1,1.1594991738273193,1,False,Normal
Kepler-613 b,Kepler-613,Transit,2016,15.77979614,2.29,0.20430012,5.86,0.0184,713.0,861.494,5723.0,0.98,0.96,1,Cluster 1,0.9710548150379861,1,False,Normal
K2-138 g,K2-138,Transit,2021,41.96797,3.013,0.26880186,4.32,0.01359217,445.0,202.585,5356.3,0.935,0.863,1,Cluster 1,1.1894889429704103,1,False,Normal
HD 128311 b,HD 128311,Radial Velocity,2002,453.019,13.5,1.2,562.24127,1.769,200.47,16.3292,4965.0,0.828,0.76,0,Cluster 0,1.0090252670210274,1,False,Normal
Kepler-20 b,Kepler-20,Transit,2011,3.6961049,1.773,0.15817674,9.7,0.03051961,1187.0,282.563,5495.0,0.929,0.9164,1,Cluster 1,1.232943450623531,1,False,Normal
Kepler-1634 b,Kepler-1634,Transit,2016,374.876239,3.19,0.28459274,10.3,0.0324,282.0,617.339,5474.0,0.92,0.89,1,Cluster 1,1.0412813685837334,1,False,Normal
Kepler-445 d,Kepler-445,Transit,2015,8.15275,1.25,0.11,2.1,0.0066,305.0,127.201,3157.0,0.18,0.21,1,Cluster 1,0.9827147186666811,1,False,Normal
Kepler-1701 b,Kepler-1701,Transit,2020,169.134,2.22186207,0.19822126,5.57,0.0175,273.0,584.142,5146.0,0.87,0.840217,1,Cluster 1,1.0289742616027107,1,False,Normal
Kepler-1835 b,Kepler-1835,Transit,2021,11.96409988,3.53387773,0.315272,12.2,0.0385,808.0,1404.38,5903.0,0.922,0.961,1,Cluster 1,1.2589724793184205,1,False,Normal
Kepler-1024 b,Kepler-1024,Transit,2016,66.4162133,3.91,0.34882684,14.5,0.0457,376.0,1087.4,5143.0,0.81,0.78,1,Cluster 1,1.0657094073606135,1,False,Normal
Kepler-1545 b,Kepler-1545,Transit,2016,163.692349,2.7,0.24087787,7.75,0.0244,274.0,729.964,5201.0,0.84,0.8,1,Cluster 1,0.998128121202007,1,False,Normal
Kepler-1774 b,Kepler-1774,Transit,2021,59.77080154,3.18179549,0.28386127,10.2,0.0322,522.0,816.592,6214.0,1.101,1.122,1,Cluster 1,1.070182571864494,1,False,Normal
KOBE-1 b,KOBE-1,Radial Velocity,2025,8.5399,2.91,0.26,8.8,0.0276879,594.4,23.9718,4135.0,0.629,0.619,1,Cluster 1,1.0171245881871944,1,False,Normal
Kepler-1852 b,Kepler-1852,Transit,2021,7.970940113,1.88610592,0.16826739,4.22,0.0133,760.0,772.481,5237.0,0.927,0.826,1,Cluster 1,1.0385168487629168,1,False,Normal
Kepler-1196 b,Kepler-1196,Transit,2016,66.1849031,2.23,0.19894727,5.6,0.0176,436.0,922.333,5756.0,0.98,0.97,1,Cluster 1,1.0225490703315354,1,False,Normal
TOI-1221 b,TOI-1221,Transit,2023,91.68278,2.91,0.25961326,1112.3994245,3.5,440.0,138.411,5592.0,0.93,1.031,6,Cluster 6,3.286823773450098,-1,True,Potential Outlier
Kepler-324 c,Kepler-324,Transit,2014,51.805612,3.15,0.281,6.2,0.01950738,410.0,501.574,5194.0,0.901,0.84,1,Cluster 1,1.0988357126440422,1,False,Normal
Kepler-1122 b,Kepler-1122,Transit,2016,42.1917357,2.04,0.18199661,4.82,0.0152,526.0,1230.42,5544.0,0.92,0.89,1,Cluster 1,1.0040515644390005,1,False,Normal
Kepler-1826 b,Kepler-1826,Transit,2021,1.615360022,1.47519116,0.13160797,2.78,0.00874,806.0,336.952,3821.0,0.49,0.486,1,Cluster 1,0.9973705958634131,1,False,Normal
HD 134606 c,HD 134606,Radial Velocity,2024,58.883,3.37,0.301,11.31,0.03558524,527.65,26.7909,5576.0,1.046,1.158,1,Cluster 1,1.1817184187117118,1,False,Normal
TIC 150070085 b,TIC 150070085,Transit,2026,10.47423,3.62,0.32295532,12.8,0.0401,945.06,204.368,5999.0,1.16,1.086,1,Cluster 1,1.0392313000949223,1,False,Normal
HIP 75092 b,HIP 75092,Radial Velocity,2021,926.4,13.5,1.2,568.91284853,1.79,353.19,81.6696,4891.0,1.28,4.53,3,Cluster 3,0.9861027806858278,1,False,Normal
Kepler-828 b,Kepler-828,Transit,2016,0.567857136,1.51,0.13471318,2.89,0.00909,1848.0,575.322,5039.0,0.81,0.77,1,Cluster 1,0.9949768564475245,1,False,Normal
CoRoT-8 b,CoRoT-8,Transit,2010,6.21229,6.39,0.57,69.92,0.22,870.0,322.037,5080.0,0.88,0.77,1,Cluster 1,1.061521163656703,1,False,Normal
HD 39091 b,HD 39091,Radial Velocity,2001,2088.8,12.3,1.1,4481.3805387,14.1,172.74,18.2702,5998.0,1.07,1.17,0,Cluster 0,1.0274269947406804,1,False,Normal
K2-136 b,K2-136,Transit,2017,7.97525,1.014,0.09046318,4.3,0.01352931,610.0,59.2474,4500.0,0.742,0.677,1,Cluster 1,2.1433945081759687,-1,True,Potential Outlier
K2-136 c,K2-136,Transit,2017,17.30723,3.0,0.26764253,18.1,0.05694897,470.0,59.2474,4500.0,0.742,0.677,1,Cluster 1,1.1251449437603098,1,False,Normal
K2-136 d,K2-136,Transit,2017,25.575,1.565,0.13962019,3.0,0.00943906,420.0,59.2474,4500.0,0.742,0.677,1,Cluster 1,1.1135510908466546,1,False,Normal
pi Men c,HD 39091,Transit,2018,6.2678399,2.0189,0.1801145,3.63,0.01142126,1169.8,18.2702,5998.0,1.07,1.17,1,Cluster 1,1.101003085222572,1,False,Normal
LHS 1815 b,LHS 1815,Transit,2020,3.814334,1.088,0.09706503,1.58,0.00497124,617.0,29.8424,3643.0,0.502,0.501,1,Cluster 1,1.0384933162099503,1,False,Normal
HIP 67522 b,HIP 67522,Transit,2020,6.9594731,9.9872018,0.891,71.4,0.225,1175.0,127.28,5675.0,1.22,1.38,0,Cluster 0,1.0740742012363835,1,False,Normal
HD 5278 b,HD 5278,Transit,2021,14.339156,2.45,0.21857474,7.8,0.02454154,943.0,57.5846,6203.0,1.126,1.194,1,Cluster 1,1.094598915424411,1,False,Normal
HD 5278 c,HD 5278,Radial Velocity,2021,40.87,4.49,0.401,18.4,0.05789287,664.95,57.5846,6203.0,1.126,1.194,1,Cluster 1,1.168039843530673,1,False,Normal
TOI-1062 b,TOI-1062,Transit,2021,4.11296,2.265,0.20207011,10.15,0.03193547,1077.0,82.1733,5328.0,0.94,0.84,1,Cluster 1,1.1652660826752292,1,False,Normal
TOI-1062 c,TOI-1062,Radial Velocity,2021,7.972,3.1,0.276,9.78,0.03077132,859.0,82.1733,5328.0,0.94,0.84,1,Cluster 1,1.0585972971702506,1,False,Normal
TOI-2285 b,TOI-2285,Transit,2021,13.635109,1.77,0.1579091,19.5,0.06135386,358.0,42.409,3491.0,0.454,0.464,1,Cluster 1,1.025930553255588,1,False,Normal
TOI-2109 b,TOI-2109,Transit,2021,0.67247414,15.098497,1.347,1595.49860314,5.02,3646.0,262.041,6540.0,1.453,1.698,0,Cluster 0,2.0566992338293266,-1,True,Potential Outlier
pi Men d,HD 39091,Radial Velocity,2022,124.64,3.72,0.332,13.38,0.04209819,443.55,18.2702,5998.0,1.07,1.19,1,Cluster 1,1.1281166712420037,1,False,Normal
TOI-1107 b,TOI-1107,Transit,2022,4.0782387,14.57167491,1.3,1064.72516345,3.35,1728.0,281.314,6311.0,1.35,1.81,0,Cluster 0,1.0744835148784369,1,False,Normal
TOI-707 b,TOI-707,Transit,2026,52.79918,2.416,0.2155,6.42,0.0202,491.7,130.959,5424.0,0.99,0.978,1,Cluster 1,1.1899429286792418,1,False,Normal
TOI-907.01,TOI-907,Transit,2024,4.5849129,9.6158851,0.85694229,67.0,0.211,1846.6,312.529,6272.0,1.069357,2.059789,0,Cluster 0,1.58337050525368,-1,True,Potential Outlier
LHS 475 b,LHS 475,Transit,2023,2.029088,0.991,0.08841125,0.941,0.00296,586.0,12.4814,3300.0,0.262,0.2789,1,Cluster 1,1.033682857903068,1,False,Normal
TOI-912 b,TOI-912,Transit,2025,4.6780691,1.93,0.17218336,5.1,0.01604639,551.0,26.1072,3572.0,0.418,0.419,1,Cluster 1,1.0065995142750526,1,False,Normal
TOI-913 b,TOI-913,Transit,2023,11.098644,2.4528,0.21882454,6.59,0.0207,712.01,65.1769,4969.0,0.82,0.7325,1,Cluster 1,1.0096080572168193,1,False,Normal
TOI-1105 b,TOI-1105,Transit,2026,10.86818410933,3.05823658,0.27283806,9.58,0.0301,756.37,79.5225,4678.46,0.74,0.755833,1,Cluster 1,1.0326229905667894,1,False,Normal
TOI-1230.01,TOI-1230,Transit,2021,25.05734661842,2.38627705,0.21288975,6.29,0.0198,1046.51,143.138,5696.0,1.14,1.15281,1,Cluster 1,1.1712505564607067,1,False,Normal
TOI-2322 c,TOI-2322,Transit,2025,20.225528,1.874,0.16718737,18.1,0.05694897,496.8,59.861,4664.0,0.703,0.662,1,Cluster 1,1.5548166713313434,-1,True,Potential Outlier
TOI-2322 b,TOI-2322,Transit,2025,11.30717,0.994,0.08867889,2.31,0.00726807,603.1,59.861,4664.0,0.703,0.662,1,Cluster 1,1.4836315137553955,1,False,Normal
TOI-3353.01,TOI-3353,Transit,2024,4.6657965,2.6667555,0.23765421,7.59,0.0239,1264.36,78.7577,6365.0,1.332089,1.0207,1,Cluster 1,1.112485498831077,1,False,Normal
NGTS-26 b,NGTS-26,Transit,2024,4.5199279,14.88552637,1.328,92.80589484,0.292,1331.0,1093.69,5550.0,0.96,1.16,0,Cluster 0,1.04480559257492,1,False,Normal
TIC 46432937 b,TIC 46432937,Transit,2024,1.44044527,13.31626907,1.188,1017.0509024,3.2,872.0,90.5369,3572.0,0.563,0.5299,0,Cluster 0,1.3372645404107348,1,False,Normal
HIP 67522 c,HIP 67522,Transit,2024,14.334892,7.93595834,0.708,48.3,0.152,917.0,127.28,5675.0,1.22,1.38,0,Cluster 0,1.0959193735114752,1,False,Normal
Kepler-103 c,Kepler-103,Transit,2014,179.60978,5.4539,0.48656521,58.47,0.18396719,434.0,494.832,6047.0,1.212,1.492,1,Cluster 1,1.2739609922687634,1,False,Normal
Kepler-546 b,Kepler-546,Transit,2016,4.147020258,7.0,0.62449817,39.1,0.123,1258.0,1019.65,5967.0,1.11,1.15,1,Cluster 1,1.0964272027281874,1,False,Normal
Kepler-103 b,Kepler-103,Transit,2014,15.9653287,3.4857,0.31097386,11.67,0.03671793,973.0,494.832,6047.0,1.212,1.492,1,Cluster 1,1.0791473185744924,1,False,Normal
Kepler-433 b,Kepler-433,Transit,2015,5.33408384,16.25,1.45,896.24,2.82,1776.0,1878.31,6360.0,1.46,2.26,0,Cluster 0,1.188010416622694,1,False,Normal
Kepler-1976 b,Kepler-1976,Transit Timing Variations,2023,4.959319244,12.21,1.08930511,,,1103.0,1314.51,5712.0,0.976,1.082,0,Cluster 0,0.982459839338204,1,False,Normal
Kepler-1157 b,Kepler-1157,Transit,2016,4.45743164,1.09,0.09724329,1.32,0.00416,732.0,342.144,4679.0,0.76,0.71,1,Cluster 1,1.0274820496467754,1,False,Normal
Kepler-1610 b,Kepler-1610,Transit,2016,8.70181574,1.61,0.14363458,3.22,0.0101,750.0,864.331,5383.0,0.91,0.87,1,Cluster 1,1.0106748728805866,1,False,Normal
Kepler-1245 c,Kepler-1245,Transit,2016,2.936584681,1.44,0.1284682,2.67,0.00839,1190.0,805.936,5306.0,0.86,0.83,1,Cluster 1,1.008893836543583,1,False,Normal
Kepler-297 d,Kepler-297,Transit,2023,150.0189511,32.6,2.9083822,,,325.0,692.14,5618.0,0.846,0.897,0,Cluster 0,4.966041225806186,-1,True,Potential Outlier
Kepler-431 b,Kepler-431,Transit,2015,6.803,0.764,0.068,0.37,0.00117,1032.0,486.546,6004.0,1.071,1.092,1,Cluster 1,1.077694690798704,1,False,Normal
DMPP-4 b,DMPP-4,Radial Velocity,2023,3.4982,3.53,0.315,12.2,0.03838549,1645.69,25.3284,6400.0,1.25,1.38,1,Cluster 1,1.1277154748757936,1,False,Normal
Kepler-184 d,Kepler-184,Transit,2014,29.022358,2.49,0.222,6.76,0.0213,559.0,610.326,5788.0,0.872,0.873,1,Cluster 1,1.1983363912282967,1,False,Normal
Kepler-1140 b,Kepler-1140,Transit,2016,24.0862707,2.77,0.24712285,8.1,0.0255,500.0,656.48,4850.0,0.76,0.73,1,Cluster 1,1.0175235273448944,1,False,Normal
TOI-1799 b,TOI-1799,Transit,2024,7.094570865,1.642,0.14648968,4.0,0.01258541,922.72,62.1274,5690.0,1.01,0.957,1,Cluster 1,1.298893964347545,1,False,Normal
Kepler-1696 b,Kepler-1696,Transit,2020,65.9409,2.80982017,0.25067537,8.29,0.0261,454.0,1506.36,5712.0,1.02,1.19811,1,Cluster 1,1.0475900635296014,1,False,Normal
Kepler-928 b,Kepler-928,Transit,2016,3.932461302,1.59,0.1418503,3.15,0.00993,894.0,508.809,4700.0,0.73,0.7,1,Cluster 1,1.0443201307081882,1,False,Normal
Kepler-153 c,Kepler-153,Transit,2014,46.90232,2.53,0.226,6.94,0.0218,458.0,459.368,5404.0,0.756,0.892,1,Cluster 1,1.1657470488418524,1,False,Normal
HD 73256 c,HD 73256,Radial Velocity,2023,2690.0,12.2,1.09,5085.254512,16.0,133.92,36.708,5570.0,1.0,0.944723,0,Cluster 0,1.0490105957036915,1,False,Normal
HD 175541 b,HD 175541,Radial Velocity,2007,298.43,14.1,1.26,190.06234,0.598,501.11,129.603,5013.0,1.39,4.19,3,Cluster 3,1.0457389074051997,1,False,Normal
HD 219134 g,HD 219134,Radial Velocity,2015,94.2,3.28,0.293,10.80622,0.034,339.34,6.53127,4913.0,0.794,0.77,1,Cluster 1,1.0017877861073683,1,False,Normal
Kepler-708 b,Kepler-708,Transit,2016,3.167891938,2.93,0.26139709,8.91,0.028,1221.0,1394.22,5692.0,0.97,0.96,1,Cluster 1,1.0687447880365524,1,False,Normal
WASP-54 b,WASP-54,Transit,2012,3.69364,17.71022,1.58,187.5197,0.59,1759.0,251.303,6100.0,1.08,1.76,0,Cluster 0,1.0684099339764228,1,False,Normal
K2-250 b,K2-250,Transit,2018,4.01392,2.71257333,0.242,7.81,0.0246,1003.0,414.708,5003.0,0.809,0.797,1,Cluster 1,1.0887164982247444,1,False,Normal
Kepler-1325 b,Kepler-1325,Transit,2016,33.8786838,2.86,0.25515211,8.55,0.0269,564.0,973.368,5550.0,0.93,0.91,1,Cluster 1,0.986083692270275,1,False,Normal
Kepler-703 b,Kepler-703,Transit,2016,4.583521756,8.2,0.731555,51.1,0.161,1038.0,1156.83,6185.0,1.18,1.27,0,Cluster 0,1.0781803816127966,1,False,Normal
TOI-1533 c,TOI-1533,Transit,2026,8.0637926,7.5,0.66910634,36.6,0.11515648,628.0,100.051,5146.0,0.88,0.849,0,Cluster 0,1.0505943477390758,1,False,Normal
Kepler-957 b,Kepler-957,Transit,2016,5.907413537,5.5,0.49067713,25.9,0.0816,769.0,824.688,4963.0,0.81,0.75,1,Cluster 1,1.1361760596456996,1,False,Normal
TOI-3856 b,TOI-3856,Transit,2025,2.04360352,13.59649359,1.213,171.62733978,0.54,1544.0,314.443,5622.0,1.096,1.055,0,Cluster 0,1.013293577616007,1,False,Normal
Kepler-1740 b,Kepler-1740,Transit,2021,8.172400475,3.32321414,0.29647782,11.0,0.0347,858.0,1061.77,5705.0,0.943,0.905,1,Cluster 1,1.1181721061375582,1,False,Normal
Kepler-176 d,Kepler-176,Transit,2014,25.751974,2.51,0.224,1.72,0.00541173,501.0,527.321,5232.0,0.86,0.891,1,Cluster 1,1.1184966731417534,1,False,Normal
K2-150 b,K2-150,Transit,2018,10.59357,2.0,0.17842805,4.66,0.0147,413.19,102.483,3499.0,0.457,0.436,1,Cluster 1,1.0025812948867956,1,False,Normal
Kepler-307 b,Kepler-307,Transit,2013,10.4208,2.43,0.21679008,7.44,0.02340874,797.0,575.581,5367.0,0.907,0.814,1,Cluster 1,1.0774966329467395,1,False,Normal
Kepler-755 c,Kepler-755,Transit,2016,2.853133644,1.26,0.11240967,2.13,0.00669,1016.0,399.034,5043.0,0.82,0.77,1,Cluster 1,0.9971905006427007,1,False,Normal
Kepler-607 c,Kepler-607,Transit,2021,39.67679977,2.76001201,0.2462322,8.05,0.0253,473.0,519.122,5244.0,0.808,0.888,1,Cluster 1,1.016389518421736,1,False,Normal
TOI-540 b,TOI-540,Transit,2020,1.2391491,0.903,0.08056026,0.674,0.00212,611.0,14.0022,3216.0,0.159,0.1895,1,Cluster 1,1.153071265688653,1,False,Normal
K2-320 b,K2-320,Transit,2020,1.995,2.62,0.23374074,7.37,0.0232,698.0,108.74,3157.0,0.117,0.3,1,Cluster 1,1.5274187367451302,-1,True,Potential Outlier
Kepler-1523 b,Kepler-1523,Transit,2016,0.93875077,1.58,0.14095816,3.12,0.00982,1676.0,865.596,5708.0,0.97,0.96,1,Cluster 1,0.9996974671400649,1,False,Normal
GJ 463 b,GJ 463,Radial Velocity,2022,3459.0,13.1,1.17,1080.6165838,3.4,63.55,18.3554,3563.0,0.486,0.483,4,Cluster 4,1.2089569579457087,1,False,Normal
Kepler-62 c,Kepler-62,Transit,2013,12.4417,0.54,0.048,4.0,0.013,578.0,300.874,4925.0,0.69,0.64,1,Cluster 1,1.4910355290439632,1,False,Normal
HD 222582 b,HD 222582,Radial Velocity,1999,572.38,12.6,1.12,2660.2371,8.37,256.39,42.1586,5790.0,1.12,1.13,0,Cluster 0,1.1225726577874622,1,False,Normal
Kepler-210 c,Kepler-210,Transit,2014,7.972513,3.62,0.323,12.8,0.0401,497.0,232.75,4559.0,0.77,0.65,1,Cluster 1,1.2489927341507603,1,False,Normal
Kepler-1551 b,Kepler-1551,Transit,2016,24.4973698,2.66,0.23730931,7.56,0.0238,722.0,1463.72,6136.0,1.14,1.22,1,Cluster 1,0.994379641841977,1,False,Normal
TIC 188624430 b,TIC 188624430,Transit,2026,6.21860433132,3.64811843,0.32546389,12.9,0.0407,,300.743,5369.46,0.929,0.786574,1,Cluster 1,1.0850893444840755,1,False,Normal
Kepler-1174 b,Kepler-1174,Transit,2016,6.89225223,1.59,0.1418503,3.15,0.00993,1156.0,1408.75,5936.0,1.04,1.04,1,Cluster 1,0.9886885899605614,1,False,Normal
Kepler-269 c,Kepler-269,Transit,2014,8.127899,1.69,0.151,3.5,0.011,875.0,2257.32,5847.0,0.92,0.959,1,Cluster 1,1.1344882207707396,1,False,Normal
Kepler-607 b,Kepler-607,Transit,2016,0.638163204,0.87,0.0776162,0.59,0.00186,1874.0,519.122,5196.0,0.84,0.8,1,Cluster 1,0.998350397992712,1,False,Normal
Kepler-1981 b,Kepler-1981,Transit,2023,453.54212,9.23,0.82344686,62.5,0.197,390.0,659.395,5874.0,1.519,3.006,1,Cluster 1,1.3901380725972936,1,False,Normal
TOI-6041 c,TOI-6041,Radial Velocity,2025,88.0,10.5,0.938,77.9,0.24510081,403.5,72.4731,5445.0,0.885,0.879,0,Cluster 0,1.008777037675641,1,False,Normal
HD 109833 c,HD 109833,Transit,2022,13.900148,2.59,0.23106472,7.22,0.0227,756.7,79.5561,5881.0,1.08,1.0,1,Cluster 1,0.9826228592400765,1,False,Normal
Kepler-1082 b,Kepler-1082,Transit,2016,1.543206604,1.12,0.09991971,1.46,0.00459,1827.0,739.557,5923.0,1.03,1.14,1,Cluster 1,1.036521767157876,1,False,Normal
Kepler-431 d,Kepler-431,Transit,2015,11.922,1.11,0.1,1.41,0.00444,856.0,486.546,6004.0,1.071,1.092,1,Cluster 1,1.0427544452184128,1,False,Normal
WASP-170 b,WASP-170,Transit,2018,2.34478022,12.285064,1.096,508.528,1.6,1422.0,305.603,5600.0,0.93,0.938,0,Cluster 0,1.0378847515607565,1,False,Normal
K2-74 b,K2-74,Transit,2016,19.5666,2.31,0.2060844,5.95,0.0187,772.58,377.822,6060.0,0.96,0.98,1,Cluster 1,1.2038276763176554,1,False,Normal
TOI-1246 d,TOI-1246,Transit,2022,18.654874,3.43139739,0.3061293,5.4,0.0169903,587.77,169.422,5213.0,0.8889,0.8649,1,Cluster 1,1.0971351692854454,1,False,Normal
Kepler-372 d,Kepler-372,Transit,2014,30.092568,1.69,0.151,3.5,0.011,660.0,1493.95,6509.0,1.202,1.137,1,Cluster 1,1.2891182490835562,1,False,Normal
HD 25723 b,HD 25723,Radial Velocity,2020,457.01,13.3,1.18,794.5710175,2.5,698.4,114.816,4766.0,2.12,13.76,3,Cluster 3,1.1271302001437344,1,False,Normal
TOI-7155 b,TOI-7155,Transit,2026,3.89489711981,2.40821473,0.2148469,6.38,0.0201,914.0,144.751,4673.03,0.755,0.670748,1,Cluster 1,1.1016882075942576,1,False,Normal
Kepler-84 b,Kepler-84,Transit,2012,8.726,2.23,0.199,40.0,0.126,985.0,1023.9,6039.0,1.0,1.43,1,Cluster 1,1.5420860194712356,-1,True,Potential Outlier
Kepler-1555 b,Kepler-1555,Transit,2016,8.10501635,1.61,0.14363458,3.22,0.0101,959.0,2013.27,5866.0,1.04,1.06,1,Cluster 1,0.9804128872084966,1,False,Normal
Kepler-1725 b,Kepler-1725,Transit,2021,16.71990013,2.8125177,0.25091645,8.31,0.0261,767.0,558.652,6020.0,1.049,1.085,1,Cluster 1,1.0497270667019198,1,False,Normal
TOI-2104 b,TOI-2104,Transit,2026,5.904370457,1.52898127,0.13640681,2.95,0.00929,846.0,76.7418,4856.13,0.8,0.723757,1,Cluster 1,0.998298704972609,1,False,Normal
Kepler-120 b,Kepler-120,Transit,2014,6.312501,2.15,0.192,8.5,0.027,575.0,388.63,4096.0,0.654,0.534,1,Cluster 1,1.019480823443527,1,False,Normal
Kepler-627 b,Kepler-627,Transit,2016,40.6994443,3.73,0.33276831,13.4,0.0422,685.0,984.307,6424.0,1.3,1.49,1,Cluster 1,1.176398980998635,1,False,Normal
Kepler-1326 b,Kepler-1326,Transit,2016,42.3514267,4.18,0.37291462,16.3,0.0512,938.0,698.326,6725.0,1.45,1.74,1,Cluster 1,1.2584160765831904,1,False,Normal
TOI-1184 b,TOI-1184,Transit,2024,5.748433803,2.39,0.21322189,6.8,0.02139519,715.47,58.5946,4534.0,0.71,0.69,1,Cluster 1,1.021870051931045,1,False,Normal
G 192-15 b,G 192-15,Radial Velocity,2025,2.27476,1.02,0.0907,1.03,0.00324074,453.6,9.53114,2999.0,0.132,0.170718,1,Cluster 1,1.0215292507510814,1,False,Normal
HATS-61 b,HATS-61,Transit,2018,7.817953,13.394755,1.195,1080.622,3.4,1226.1,679.761,5542.0,1.076,1.664,0,Cluster 0,1.218202302177914,1,False,Normal
Kepler-684 b,Kepler-684,Transit,2016,6.770302008,3.36,0.29975912,11.2,0.0354,812.0,1731.27,5493.0,0.89,0.86,1,Cluster 1,1.0559398331693588,1,False,Normal
WASP-159 b,WASP-159,Transit,2018,3.840401,15.46842,1.38,174.8065,0.55,1850.0,715.383,6120.0,1.41,2.11,0,Cluster 0,1.0875163802229617,1,False,Normal
K2-26 b,K2-26,Transit,2016,14.5665,2.67,0.23820145,7.61,0.0239,430.0,99.0504,3785.0,0.56,0.52,1,Cluster 1,0.9837271277933818,1,False,Normal
TIC 9344899 b,TIC 9344899,Transit,2026,8.5821566,9.16,0.817,6170.0,19.4,923.0,532.228,5800.0,0.98,1.06,0,Cluster 0,1.219299891051585,1,False,Normal
WASP-194 b,WASP-194,Transit,2025,3.183387,15.47960235,1.381,373.13054982,1.174,1693.0,476.831,6405.0,1.29,1.409,0,Cluster 0,0.9709345481504604,1,False,Normal
Kepler-1956 b,Kepler-1956,Transit,2021,5.943719864,1.08940238,0.09719014,1.32,0.00416,674.0,360.468,4391.0,0.671,0.682,1,Cluster 1,1.056652449343374,1,False,Normal
K2-335 b,K2-335,Transit,2021,12.283211,2.21,0.19716333,5.52,0.0174,949.0,557.993,6222.0,1.23,1.33,1,Cluster 1,0.9956694928981777,1,False,Normal
Kepler-352 c,Kepler-352,Transit,2014,16.332995,1.24,0.111,2.07,0.00651,591.0,252.733,5212.0,0.798,0.781,1,Cluster 1,1.0715805610190974,1,False,Normal
Kepler-1175 b,Kepler-1175,Transit,2016,37.94563,2.99,0.26674993,9.22,0.029,515.0,1121.89,5453.0,0.9,0.86,1,Cluster 1,1.0414544861326018,1,False,Normal
TOI-2453 b,TOI-2453,Transit,2026,4.44143463188,3.24380341,0.28939325,10.6,0.0333,550.78,81.9043,3720.23,0.500519,0.502498,1,Cluster 1,1.1614692146686731,1,False,Normal
TOI-3523 A b,TOI-3523 A,Transit,2025,2.30458952,15.9727975,1.425,435.42491759,1.37,1984.0,645.294,6450.0,1.131,1.448,0,Cluster 0,1.0668657717917922,1,False,Normal
Kepler-1586 b,Kepler-1586,Transit,2016,15.6049212,1.52,0.13560532,2.92,0.0092,1013.0,552.55,6681.0,1.45,1.75,1,Cluster 1,1.2409866019752427,1,False,Normal
Kepler-30 b,Kepler-30,Transit,2012,29.33434,3.9,0.348,11.3,0.036,524.0,914.221,5498.0,0.99,0.95,1,Cluster 1,1.1855836255488095,1,False,Normal
Kepler-1285 b,Kepler-1285,Transit,2016,14.7967458,0.97,0.0865376,0.871,0.00274,874.0,422.269,6170.0,1.2,1.28,1,Cluster 1,1.0510940932212995,1,False,Normal
NGTS-10 b,NGTS-10,Transit,2020,0.7668944,13.89913607,1.24,687.14846,2.162,1508.0,324.69865036,4567.0,0.696,0.7,0,Cluster 0,1.494553058250926,1,False,Normal
TOI-6158 b,TOI-6158,Transit,2026,3.0446899,10.4,0.93,135.0,0.425,636.0,180.96,3467.0,0.503,0.476,0,Cluster 0,1.0024623737004588,1,False,Normal
Kepler-361 c,Kepler-361,Transit,2014,55.188023,2.52,0.225,6.9,0.0217,568.0,930.32,6169.0,1.191,1.343,1,Cluster 1,0.9974826376412833,1,False,Normal
TOI-5728 b,TOI-5728,Transit,2025,11.49761,1.31,0.11687057,2.27,0.00714,382.0,54.7045,3419.0,0.36,0.37,1,Cluster 1,1.0044069399739108,1,False,Normal
Kepler-568 b,Kepler-568,Transit,2016,11.02347475,2.26,0.2016237,5.73,0.018,429.0,130.645,3768.0,0.55,0.53,1,Cluster 1,0.9530978415324827,1,False,Normal
Kepler-1923 b,Kepler-1923,Transit,2021,52.60969925,1.95958179,0.17482248,4.5,0.0142,553.0,990.838,5881.0,1.109,1.294,1,Cluster 1,1.1009414758344538,1,False,Normal
Kepler-1208 b,Kepler-1208,Transit,2016,11.08507637,2.32,0.20697654,5.99,0.0189,665.0,825.176,5001.0,0.8,0.76,1,Cluster 1,1.0313181610166653,1,False,Normal
Kepler-406 c,Kepler-406,Transit,2014,4.62332,0.85,0.076,2.71,0.009,1050.0,364.03,5538.0,1.07,1.07,1,Cluster 1,1.8060390260033738,-1,True,Potential Outlier
Kepler-1910 b,Kepler-1910,Transit,2021,5.688769817,1.184,0.10562959,1.78,0.0056,645.0,,4234.0,0.636,0.639,1,Cluster 1,1.012311063899055,1,False,Normal
Kepler-1655 b,Kepler-1655,Transit,2018,11.8728787,2.213,0.19743098,5.4,0.0169903,938.0,213.26,6148.0,1.03,1.03,1,Cluster 1,1.2374547388881991,1,False,Normal
HD 191939 g,HD 191939,Radial Velocity,2022,284.0,3.74,0.334,13.5,0.04247575,278.0,53.6089,5348.0,0.81,0.94,1,Cluster 1,1.0682707442148587,1,False,Normal
HD 87816 c,HD 87816,Radial Velocity,2025,7596.0,12.4,1.1,3877.5065654,12.2,226.65,133.233,4989.0,2.41,9.0,3,Cluster 3,1.2587163585530914,1,False,Normal
Kepler-185 c,Kepler-185,Transit,2014,20.729042,2.02,0.18,4.74,0.0149,530.0,466.735,5208.0,0.763,0.806,1,Cluster 1,1.0903247142991037,1,False,Normal
Kepler-738 b,Kepler-738,Transit,2016,24.58721573,2.5,0.22303506,6.8,0.0214,530.0,1113.65,5327.0,0.86,0.82,1,Cluster 1,0.9683932732542531,1,False,Normal
TOI-1883 b,TOI-1883,Transit,2024,4.508,5.65,0.50406011,13.7,0.04310502,544.0,115.369,3554.0,0.495,0.506,1,Cluster 1,1.254933535505884,1,False,Normal
Kepler-658 b,Kepler-658,Transit,2016,1.287076762,1.63,0.14541886,3.29,0.0104,871.0,388.384,4103.0,0.63,0.6,1,Cluster 1,1.0205189130347427,1,False,Normal
HD 235088 b,HD 235088,Transit,2023,7.4341325,1.982,0.1768225,4.15,0.01305736,805.0,41.1706,5075.0,0.849,0.772,1,Cluster 1,1.0899546311247694,1,False,Normal
Kepler-93 b,Kepler-93,Transit,2014,4.72673978,1.478,0.13185856,4.66,0.014662,1133.0,95.9115,5669.0,0.911,0.919,1,Cluster 1,1.250177836848217,1,False,Normal
Kepler-596 b,Kepler-596,Transit,2016,21.30022655,3.46,0.30868052,11.8,0.0372,725.0,1023.85,6267.0,1.21,1.32,1,Cluster 1,1.065454787120289,1,False,Normal
K2-174 b,K2-174,Transit,2018,19.562307,2.6,0.23195646,7.27,0.0229,455.0,99.9293,4455.0,0.7,0.676,1,Cluster 1,1.0032573049238966,1,False,Normal
Kepler-1357 b,Kepler-1357,Transit,2016,3.0091324,1.28,0.11419395,2.18,0.00687,1177.0,1015.69,5597.0,0.93,0.9,1,Cluster 1,0.9980271993680642,1,False,Normal
Kepler-1807 b,Kepler-1807,Transit,2021,10.86060047,2.70393215,0.24122908,7.77,0.0245,1108.0,1299.32,6455.0,1.087,1.496,1,Cluster 1,1.2667897957524432,1,False,Normal
GJ 3378 b,GJ 3378,Radial Velocity,2026,21.45,1.32,0.118,2.3,0.00723661,272.0,7.72274,3340.0,0.262,0.275,1,Cluster 1,1.002797345406432,1,False,Normal
Kepler-256 b,Kepler-256,Transit,2014,1.620493,1.59,0.142,3.15,0.00993,1681.0,1026.43,5551.0,1.037,1.301,1,Cluster 1,0.9972093518224707,1,False,Normal
NGTS-31 b,NGTS-31,Transit,2025,4.162734,18.04645893,1.61,355.96781584,1.12,1410.0,497.376,5710.0,0.96,1.7,0,Cluster 0,1.3889527596546474,1,False,Normal
TOI-2525 c,TOI-2525,Transit,2023,49.2519,10.13291855,0.904,208.8132634,0.657,399.96,395.398,5096.0,0.849,0.785,0,Cluster 0,1.0211114524940677,1,False,Normal
Kepler-574 b,Kepler-574,Transit,2016,7.65880414,2.39,0.21322152,6.3,0.0198,858.0,682.896,5612.0,0.95,0.91,1,Cluster 1,0.9967955704488874,1,False,Normal
Kepler-1062 b,Kepler-1062,Transit,2016,9.30412078,1.76,0.15701668,3.75,0.0118,583.0,397.455,4597.0,0.75,0.7,1,Cluster 1,1.0151496868982433,1,False,Normal
HD 28185 c,HD 28185,Radial Velocity,2022,9090.0,12.8,1.14,1906.970442,6.0,94.85,39.3809,5602.0,0.974,1.048,0,Cluster 0,0.9963425538285795,1,False,Normal
Kepler-725 c,Kepler-725,Transit Timing Variations,2025,207.541,3.08,0.275,9.7,0.03051961,268.0,758.469,5395.0,0.95,0.88,1,Cluster 1,1.2268423675854412,1,False,Normal
K2-317 b,K2-317,Transit,2020,6.22,2.93,0.26139709,8.91,0.028,432.0,176.291,3387.0,0.403,0.379,1,Cluster 1,1.0126123234057836,1,False,Normal
Kepler-1375 b,Kepler-1375,Transit,2016,3.3004192,1.74,0.1552324,3.68,0.0116,1543.0,1430.84,6704.0,1.47,1.78,1,Cluster 1,1.162215947601114,1,False,Normal
TOI-6478 b,TOI-6478,Transit,2025,34.005019,4.6,0.411,19.2,0.0603,204.4,38.6057,3230.0,0.23,0.234,1,Cluster 1,1.458141602594046,1,False,Normal
Kepler-1338 b,Kepler-1338,Transit,2016,0.935118057,0.92,0.0820769,0.721,0.00227,2124.0,753.26,5909.0,1.04,1.05,1,Cluster 1,1.0021404630525135,1,False,Normal
WASP-59 b,WASP-59,Transit,2012,7.919585,8.687,0.775,274.276,0.863,670.0,115.936,4650.0,0.719,0.613,0,Cluster 0,1.0365641925087254,1,False,Normal
K2-63 c,K2-63,Transit,2016,25.4556,3.9,0.3479347,14.5,0.0455,958.85,517.534,6771.0,1.4,1.63,1,Cluster 1,1.2469388566277786,1,False,Normal
KOI-4978 b,KOI-4978,Transit,2024,0.941967,0.7,0.06244992,0.271,0.000852,,936.341,5050.28,0.859,0.966,1,Cluster 1,1.1080078470357582,1,False,Normal
Kepler-1539 b,Kepler-1539,Transit,2016,133.3036741,2.7,0.24087787,7.75,0.0244,301.0,748.326,5176.0,0.84,0.8,1,Cluster 1,0.9854257762465141,1,False,Normal
Kepler-614 b,Kepler-614,Transit,2016,14.03491514,2.39,0.21322152,6.3,0.0198,641.0,527.995,5268.0,0.85,0.81,1,Cluster 1,0.9574234248914063,1,False,Normal
Kepler-257 c,Kepler-257,Transit,2014,6.581484,5.41,0.483,25.2,0.0794,881.0,780.256,5180.0,0.916,1.037,1,Cluster 1,1.11455874473539,1,False,Normal
TOI-5398 b,TOI-5398,Transit,2022,10.590547,10.3,0.91890603,58.7,0.18469085,947.0,130.855,6000.0,1.146,1.051,0,Cluster 0,1.0283197451901063,1,False,Normal
TOI-1820 b,TOI-1820,Transit,2022,4.860674,12.778238,1.14,731.0053361,2.3,1375.0,248.504,5734.0,1.04,1.51,0,Cluster 0,1.1891200292527568,1,False,Normal
Kepler-1220 b,Kepler-1220,Transit,2016,7.42693741,1.52,0.13560532,2.92,0.0092,899.0,961.907,5842.0,1.0,0.99,1,Cluster 1,0.9999952899447269,1,False,Normal
TOI-938 b,TOI-938,Transit,2026,8.80733882211,4.82401567,0.43037059,20.8,0.0653,1073.0,215.034,5829.42,1.1,0.985134,1,Cluster 1,1.1981561887095253,1,False,Normal
Kepler-192 d,Kepler-192,Transit,2016,6.47027579,1.02,0.0909983,1.04,0.00328,926.0,651.674,5487.0,0.94,0.94,1,Cluster 1,1.0424949665774899,1,False,Normal
Kepler-825 b,Kepler-825,Transit,2016,3.77360059,1.53,0.13649746,2.96,0.0093,1270.0,807.85,5976.0,1.03,1.08,1,Cluster 1,0.9942164287629408,1,False,Normal
Kepler-1414 b,Kepler-1414,Transit,2016,3.51576315,1.23,0.10973325,2.04,0.00642,1033.0,570.835,4951.0,0.8,0.75,1,Cluster 1,1.0128696219203206,1,False,Normal
HD 86950 b,HD 86950,Radial Velocity,2016,1270.0,13.0,1.16,1144.188,3.6,416.76,209.839,4805.0,1.66,8.8,3,Cluster 3,1.213307705333268,1,False,Normal
Kepler-1150 b,Kepler-1150,Transit,2016,2.787868386,1.02,0.0909983,1.04,0.00328,1432.0,358.518,4754.0,0.76,0.72,1,Cluster 1,1.0296032821535452,1,False,Normal
Kepler-1765 b,Kepler-1765,Transit,2021,10.41889954,2.49508857,0.22259728,6.78,0.0213,855.0,764.456,5692.0,0.946,1.064,1,Cluster 1,1.0008963152143382,1,False,Normal
Kepler-831 b,Kepler-831,Transit,2016,5.62153941,1.27,0.11330181,2.15,0.00678,992.0,593.54,5732.0,0.99,0.97,1,Cluster 1,0.978302168709039,1,False,Normal
K2-257 b,K2-257,Transit,2018,1.60588,0.83,0.07404764,0.498,0.00157,789.0,64.0065,3725.0,0.52,0.5,1,Cluster 1,1.0114634282932908,1,False,Normal
Kepler-27 d,Kepler-27,Transit,2021,6.546289921,2.7061946,0.24143093,7.78,0.0245,810.0,1044.36,5251.0,0.926,0.817,1,Cluster 1,1.0314284603154995,1,False,Normal
HIP 29442 d,TOI-469,Radial Velocity,2023,6.429575,1.538,0.13721141,5.14,0.01617225,920.0,68.192,5289.0,0.901,0.98,1,Cluster 1,1.461594876824065,1,False,Normal
Kepler-196 b,Kepler-196,Transit,2014,20.739886,1.9,0.17,4.27,0.0134,536.0,451.312,5128.0,0.839,0.782,1,Cluster 1,1.0094916732086427,1,False,Normal
Kepler-806 b,Kepler-806,Transit,2016,8.09219642,1.14,0.10170399,1.55,0.00489,1089.0,361.896,5770.0,0.99,1.16,1,Cluster 1,0.9942119549553187,1,False,Normal
Kepler-1854 b,Kepler-1854,Transit,2021,39.83110046,2.58746104,0.23083821,7.21,0.0227,420.0,423.348,5026.0,0.8,0.759,1,Cluster 1,0.9856408407472896,1,False,Normal
TOI-5624 b,TOI-5624,Transit,2026,3.3903473,2.314,0.20644161,9.4,0.02957571,1136.0,101.913,5327.0,0.858,0.82,1,Cluster 1,1.0663969973158358,1,False,Normal
Kepler-739 b,Kepler-739,Transit,2016,12.53248465,3.32,0.29619056,11.0,0.0346,775.0,1370.65,5601.0,0.93,0.9,1,Cluster 1,1.055753998830591,1,False,Normal
HD 204313 b,HD 204313,Radial Velocity,2010,2041.11539,12.9,1.15,1466.7780983,4.615,163.43,47.7945,5767.0,1.03,1.1,0,Cluster 0,0.9969657822647827,1,False,Normal
Kepler-129 d,Kepler-129,Radial Velocity,2021,2646.0,12.6,1.12,2637.9757781,8.3,178.86,408.845,5770.0,1.178,1.653,0,Cluster 0,1.1049299805230894,1,False,Normal
Kepler-389 c,Kepler-389,Transit,2014,14.51143,1.46,0.13,2.73,0.00859,636.0,816.559,5376.0,0.765,0.792,1,Cluster 1,1.1793059071451346,1,False,Normal
K2-158 c,K2-158,Transit,2018,5.90279,1.28,0.11419395,2.18,0.00687,948.0,197.299,5503.0,0.92,0.95,1,Cluster 1,1.009330975831203,1,False,Normal
Kepler-864 c,Kepler-864,Transit,2023,2.42150341,1.62,0.14452697,3.26,0.0102,1532.0,2022.9,6213.0,1.27,1.195,1,Cluster 1,1.060701334843656,1,False,Normal
TOI-5800 b,TOI-5800,Transit,2025,2.6278838,2.46,0.21946688,9.5,0.02989034,1108.0,42.9052,4850.0,0.778,0.773,1,Cluster 1,1.2261983827277756,1,False,Normal
TOI-2803 A b,TOI-2803 A,Transit,2023,1.96229325,18.11371281,1.616,309.88269682,0.975,1893.0,494.818,6280.0,1.118,1.245,0,Cluster 0,1.0209324564381699,1,False,Normal
Kepler-1462 b,Kepler-1462,Transit,2016,65.6488341,3.82,0.34079757,14.0,0.044,390.0,1017.82,5756.0,1.0,1.0,1,Cluster 1,1.0299054953370719,1,False,Normal
HD 191939 b,HD 191939,Transit,2020,8.8803256,3.41,0.30422035,10.0,0.03146352,880.0,53.6089,5348.0,0.81,0.94,1,Cluster 1,1.1464167536783658,1,False,Normal
HD 212771 b,HD 212771,Radial Velocity,2009,380.7,13.3,1.18,759.6137,2.39,507.69,111.155,5003.0,1.56,5.27,3,Cluster 3,1.104045456825479,1,False,Normal
Kepler-1695 b,Kepler-1695,Transit,2020,4.7329,1.11948901,0.09987412,1.46,0.00458,957.0,791.175,5473.19,0.96,0.987155,1,Cluster 1,1.059950301838485,1,False,Normal
TOI-1782.02,TOI-1782,Transit,2024,1.829024227,1.839,0.16406487,4.04,0.0127,974.95,95.2649,4336.0,0.68,0.669,1,Cluster 1,1.0303864225939847,1,False,Normal
WASP-119 b,WASP-119,Transit,2016,2.49979,15.6926,1.4,390.9309,1.23,1600.0,302.448,5650.0,1.02,1.2,0,Cluster 0,1.08837546314811,1,False,Normal
Kepler-893 b,Kepler-893,Transit,2016,6.33855761,3.03,0.27031849,9.43,0.0297,1034.0,1285.59,5820.0,1.0,0.99,1,Cluster 1,1.0089022386057418,1,False,Normal
Kepler-1487 c,Kepler-1487,Transit,2023,35.8007112,7.97,0.711037,48.7,0.153,991.0,1014.62,5745.0,1.801,3.955,1,Cluster 1,1.6888399747770457,-1,True,Potential Outlier
KOI-7913 b,KOI-7913 A,Transit,2022,24.278553,2.34,0.209,6.08,0.0191,432.0,271.277,4324.0,0.76,0.788,1,Cluster 1,1.1342304420690117,1,False,Normal
TOI-1472 c,TOI-1472,Radial Velocity,2025,15.5381747,3.334,0.298,21.13,0.067,662.0,121.84,5100.0,0.87,0.84,1,Cluster 1,1.1810007022241873,1,False,Normal
Kepler-1239 b,Kepler-1239,Transit,2016,5.19104016,2.9,0.25872067,8.75,0.0275,1183.0,2140.6,6564.0,1.4,1.57,1,Cluster 1,1.1931991299710876,1,False,Normal
Kepler-1902 b,Kepler-1902,Transit,2021,3.822220087,1.17563613,0.10488341,1.74,0.00546,601.0,344.337,3729.0,0.52,0.514,1,Cluster 1,0.9997013887711723,1,False,Normal
Kepler-297 b,Kepler-297,Transit,2014,38.871826,2.87,0.256,48.5,0.153,509.0,692.14,5619.0,0.927,0.915,1,Cluster 1,1.7566227169189443,-1,True,Potential Outlier
Kepler-351 d,Kepler-351,Transit,2016,142.544247,2.72,0.24266215,7.85,0.0247,318.0,1083.91,5225.0,0.81,0.78,1,Cluster 1,0.9911436030629861,1,False,Normal
Kepler-789 b,Kepler-789,Transit,2016,8.63847725,2.12,0.18913373,5.14,0.0162,1419.0,1480.16,5870.0,1.01,1.02,1,Cluster 1,1.0032020989044546,1,False,Normal
K2-279 b,K2-279,Transit,2018,7.122605,1.21,0.10794897,1.92,0.00606,879.0,182.983,5558.0,0.79,0.86,1,Cluster 1,1.24578907409333,1,False,Normal
nu Oph c,nu Oph,Radial Velocity,2012,3180.6,12.0,1.07,7838.32346,24.662,341.48,46.2107,4887.0,2.61,12.24,0,Cluster 0,1.8095109486284895,-1,True,Potential Outlier
KOI-1599.02,KOI-1599,Transit,2019,13.6088,1.9,0.16950665,9.0,0.02831702,755.0,1131.64,5833.0,1.02,0.972,1,Cluster 1,1.2671972922815755,1,False,Normal
HD 109833 b,HD 109833,Transit,2022,9.188526,2.888,0.25765055,8.69,0.0273,786.0,79.5561,5881.0,1.08,1.0,1,Cluster 1,1.0188856337805943,1,False,Normal
HIP 71135 b,HIP 71135,Radial Velocity,2019,87.19,4.55,0.406,18.8,0.05915112,285.11,32.3311,4146.0,0.66,0.681296,1,Cluster 1,1.2962404698733427,1,False,Normal
K2-147 b,K2-147,Transit,2018,0.961939,1.47286006,0.1314,2.77,0.00872,1077.0,90.5494,3690.0,0.563,0.578,1,Cluster 1,1.1034611530496907,1,False,Normal
Kepler-11 d,Kepler-11,Transit,2010,22.6845,3.12,0.278,7.3,0.023,653.0,646.346,5663.0,0.961,1.065,1,Cluster 1,1.1470980381368103,1,False,Normal
K2-131 b,K2-131,Transit,2017,0.3693038,1.69,0.15077196,7.9,0.02485618,2223.0,152.509,5120.0,0.803,0.7595,1,Cluster 1,1.2739110572226915,1,False,Normal
Kepler-218 d,Kepler-218,Transit,2016,124.5244647,2.66,0.23730931,7.56,0.0238,356.0,656.38,5542.0,1.01,1.02,1,Cluster 1,1.0598017895873078,1,False,Normal
TOI-6054.01,TOI-6054,Transit,2024,7.501428,2.64,0.23552543,12.5,0.0393294,1360.0,79.407,6047.0,1.107,1.662,1,Cluster 1,1.2192812378097284,1,False,Normal
Kepler-1937 b,Kepler-1937,Transit,2021,9.688599586,3.0229133,0.26968673,9.39,0.0295,1014.0,905.069,6457.0,1.19,1.196,1,Cluster 1,1.0722381642339387,1,False,Normal
HAT-P-56 b,HAT-P-56,Transit,2015,2.79083,16.92559,1.51,734.1873,2.31,1840.0,320.639,6566.0,1.42,1.47,0,Cluster 0,1.1321377447397052,1,False,Normal
HD 8574 b,HD 8574,Radial Velocity,2002,227.0,13.4,1.19,645.1949,2.03,394.03,44.8264,6064.0,1.34,1.38,0,Cluster 0,1.049306352346449,1,False,Normal
HATS-71 b,HATS-71,Transit,2020,3.7955202,11.478016,1.024,117.5971,0.37,586.8,140.225,3405.0,0.4861,0.4783,0,Cluster 0,1.0510715259739516,1,False,Normal
K2-341 b,K2-341,Transit,2021,36.552551,3.21,0.28637751,10.4,0.0327,598.0,421.408,5817.0,0.98,1.16,1,Cluster 1,1.0440777374215715,1,False,Normal
GJ 1061 b,GJ 1061,Radial Velocity,2020,3.2073,1.04,0.0926,1.11,0.00349245,388.11,3.67278,2953.0,0.12,0.156,1,Cluster 1,1.07237763472311,1,False,Normal
Kepler-102 b,Kepler-102,Transit,2014,5.286965,0.46,0.04103852,1.1,0.00346099,857.0,107.796,4909.0,0.803,0.724,2,Cluster 2,1.238453461572305,1,False,Normal
Kepler-731 b,Kepler-731,Transit,2016,3.855603551,13.88,1.23829066,,,1212.0,1257.16,5849.0,1.03,1.06,0,Cluster 0,0.9931734097246773,1,False,Normal
K2-194 b,K2-194,Transit,2018,39.721386,3.64229858,0.32494411,12.9,0.0405,,629.51,5979.0,1.110086,1.281115,1,Cluster 1,1.0553598793113763,1,False,Normal
Kepler-915 b,Kepler-915,Transit,2016,4.59489604,1.5,0.13382104,2.86,0.00899,1319.0,849.036,6173.0,1.21,1.38,1,Cluster 1,1.0225432892893935,1,False,Normal
TIC 241249530 b,TIC 241249530,Transit,2024,165.7719,13.29385111,1.186,1582.78546686,4.98,438.94,324.448,6166.0,1.271,1.397,0,Cluster 0,1.065453399454721,1,False,Normal
TOI-5795 b,TOI-5795,Transit,2025,6.1406325,5.62,0.50138368,23.66,0.07444269,1136.78,156.53,5715.0,0.901,1.082,1,Cluster 1,1.0874406768172384,1,False,Normal
K2-196 b,K2-196,Transit,2018,48.324222,3.59970536,0.3211442,12.6,0.0397,,584.877,6045.0,1.162095,1.538801,1,Cluster 1,1.0358120757607945,1,False,Normal
Kepler-1315 b,Kepler-1315,Transit,2016,0.84338011,1.38,0.12311535,2.48,0.0078,1541.0,480.869,4861.0,0.8,0.75,1,Cluster 1,1.0531983511016532,1,False,Normal
Kepler-93 c,Kepler-93,Radial Velocity,2014,1460.0,,,954.0,3.0,,95.9115,5669.0,0.91,0.92,1,Cluster 1,3.4529482153402236,-1,True,Potential Outlier
TOI-5599 b,TOI-5599,Transit,2026,5.43691503941,7.1888212,0.64134477,40.9,0.129,1496.0,547.948,6137.02,1.21,1.91334,1,Cluster 1,1.114634475911737,1,False,Normal
Kepler-1912 b,Kepler-1912,Transit,2021,6.059219837,1.35670508,0.12103733,2.41,0.00758,976.0,297.017,5734.0,0.977,0.962,1,Cluster 1,0.9774248366401423,1,False,Normal
TOI-1260 c,TOI-1260,Transit,2021,7.493134,2.76,0.24623113,13.2,0.04153184,651.0,73.5977,4227.0,0.679,0.672,1,Cluster 1,1.0559761923866593,1,False,Normal
Kepler-306 e,Kepler-306,Transit,2014,44.840975,2.27,0.203,5.77,0.0182,390.0,775.679,4954.0,0.75,0.719,1,Cluster 1,0.9753951636130591,1,False,Normal
K2-396 b,K2-396,Transit,2022,0.673862,1.579,0.14086919,3.12,0.00981,,274.864,5236.0,0.954,0.92,1,Cluster 1,1.1663233608614254,1,False,Normal
HD 10442 b,HD 10442,Radial Velocity,2014,1032.3,13.6,1.21,472.61321,1.487,234.49,135.374,4912.0,1.01,1.97,0,Cluster 0,1.6168433819710326,-1,True,Potential Outlier
Kepler-198 c,Kepler-198,Transit,2014,49.567416,2.47,0.22,6.66,0.021,465.0,495.358,5574.0,0.995,0.94,1,Cluster 1,1.014009876927314,1,False,Normal
Kepler-129 b,Kepler-129,Transit,2014,15.79,2.4,0.21411403,20.0,0.06292704,910.0,408.845,5770.0,1.178,1.653,1,Cluster 1,1.2918151192870824,1,False,Normal
Kepler-1549 b,Kepler-1549,Transit,2016,214.886545,2.57,0.22928004,7.13,0.0224,286.0,803.052,5324.0,0.88,0.84,1,Cluster 1,1.0102226300210781,1,False,Normal
HD 8326 b,HD 8326,Radial Velocity,2019,158.991,9.58,0.855,66.6,0.20954598,287.23,30.6862,4914.0,0.8,0.783181,0,Cluster 0,1.0397090692406468,1,False,Normal
Kepler-1800 b,Kepler-1800,Transit,2021,4.562029839,0.99679734,0.08892846,0.961,0.00302,1533.0,350.455,5343.0,1.33,2.506,1,Cluster 1,1.6611612172623793,-1,True,Potential Outlier
TOI-1742 b,TOI-1742,Transit,2024,21.269084,2.36507598,0.21099831,9.7,0.03051961,694.09,72.8871,5815.0,1.0861,1.131,1,Cluster 1,1.2456637279390232,1,False,Normal
BD+45 564 b,BD+45 564,Radial Velocity,2021,307.88,13.6,1.21,432.24663352,1.36,238.82,53.622,5004.0,0.81,0.813064,0,Cluster 0,1.0129751522836468,1,False,Normal
HD 11343 c,HIP 8541,Radial Velocity,2022,228.53731,13.9,1.24,255.53403923,0.804,613.29,155.121,4672.0,2.009,6.84,3,Cluster 3,1.1992781362491762,1,False,Normal
TOI-2295 b,TOI-2295,Transit,2024,30.033302,16.47720163,1.47,278.09985612,0.875,747.0,126.279,5730.0,1.168,1.459,0,Cluster 0,1.3714865555214,1,False,Normal
Kepler-656 c,Kepler-656,Transit,2023,5.25449393,1.41,0.12579199,2.57,0.00809,975.0,890.352,5550.0,1.05,0.954,1,Cluster 1,1.2123758837081287,1,False,Normal
Kepler-1941 b,Kepler-1941,Transit,2021,31.33510017,2.64976949,0.23639701,7.51,0.0236,666.0,1494.39,6404.0,1.175,1.142,1,Cluster 1,1.042290574750752,1,False,Normal
Kepler-1311 d,Kepler-1311,Transit,2021,197.5110016,9.65837605,0.86166408,67.5,0.212,391.0,866.331,5616.0,1.032,1.674,0,Cluster 0,1.005270420781563,1,False,Normal
Kepler-1316 b,Kepler-1316,Transit,2016,87.9732136,3.54,0.31581765,12.3,0.0386,446.0,800.871,5884.0,1.04,1.12,1,Cluster 1,1.0770737520359241,1,False,Normal
TOI-6954 b,TOI-6954,Transit,2026,4.02074127419,3.63524486,0.32431538,12.8,0.0404,930.0,190.042,5170.87,0.834,0.947112,1,Cluster 1,1.107373954853553,1,False,Normal
Kepler-256 d,Kepler-256,Transit,2014,5.839172,2.48,0.221,6.71,0.0211,1097.0,1026.43,5551.0,1.037,1.301,1,Cluster 1,1.1275682832585656,1,False,Normal
K2-90 c,K2-90,Transit,2016,2.900706,1.3,0.11597823,2.24,0.00705,908.07,134.188,4421.98,0.704613,0.634754,1,Cluster 1,1.0339369515865686,1,False,Normal
HD 11506 d,HD 11506,Radial Velocity,2022,26500.0,12.3,1.1,4068.2036096,12.8,77.07,51.261,6123.0,1.22,1.24,0,Cluster 0,1.0326359712518058,1,False,Normal
Kepler-1118 b,Kepler-1118,Transit,2016,38.6715075,2.74,0.24444643,7.95,0.025,502.0,888.325,5688.0,0.96,0.97,1,Cluster 1,0.9601582439734054,1,False,Normal
K2-247 c,K2-247,Transit,2018,6.49424,2.19,0.19537871,5.43,0.0171,688.0,258.113,4667.0,0.74,0.69,1,Cluster 1,0.9697232520610178,1,False,Normal
K2-322 b,K2-322,Transit,2020,8.205,1.92,0.17129093,4.35,0.0137,635.0,123.415,4141.0,0.63,0.602,1,Cluster 1,0.9876536286687683,1,False,Normal
HD 141004 b,HD 141004,Radial Velocity,2021,15.5083,3.77,0.336,13.63483866,0.0429,950.73,11.8148,5885.38,1.051904,1.389372,1,Cluster 1,1.0792556673742586,1,False,Normal
Kepler-168 c,Kepler-168,Transit,2014,13.193242,2.69,0.24,7.7,0.0242,862.0,1343.6,6282.0,1.113,1.107,1,Cluster 1,1.1065977486680911,1,False,Normal
Kepler-1515 b,Kepler-1515,Transit,2016,214.3114164,9.55,0.85199393,66.2,0.208,380.0,539.321,6511.0,1.3,1.41,0,Cluster 0,1.3192233852148132,1,False,Normal
TOI-4155 b,TOI-4155,Transit,2025,3.320729,3.21,0.28637751,10.4,0.0327,1255.0,240.737,5724.0,1.16,0.95,1,Cluster 1,1.21236367656593,1,False,Normal
GJ 9689 b,GJ 9689,Radial Velocity,2020,18.27,3.07,0.274,9.65,0.0303623,453.04,30.6203,3836.0,0.59,0.57,1,Cluster 1,1.0428092529204052,1,False,Normal
Kepler-169 d,Kepler-169,Transit,2014,8.348125,1.25,0.112,2.1,0.0066,702.0,406.529,4997.0,0.825,0.763,1,Cluster 1,0.9946768596488937,1,False,Normal
Kepler-191 d,Kepler-191,Transit,2016,5.945041017,2.28,0.20340798,5.82,0.0183,857.0,594.464,5215.0,0.84,0.8,1,Cluster 1,0.9848016933746834,1,False,Normal
K2-8 b,K2-8,Transit,2015,10.35239,3.58,0.31938621,12.5,0.0394,631.0,403.513,4870.0,0.78,0.74,1,Cluster 1,1.139295072318297,1,False,Normal
HATS-33 b,HATS-33,Transit,2016,2.5495551,13.78707,1.23,378.85336,1.192,1429.0,248.46,5659.0,1.062,1.022,0,Cluster 0,0.981655721936928,1,False,Normal
Kepler-1464 b,Kepler-1464,Transit,2016,31.7785901,1.66,0.14809528,3.39,0.0107,564.0,1151.73,5828.0,1.02,1.01,1,Cluster 1,1.0460255304091874,1,False,Normal
Kepler-805 b,Kepler-805,Transit,2016,30.8638931,2.89,0.25782853,8.7,0.0274,743.0,638.49,6112.0,1.19,1.65,1,Cluster 1,1.0343984147564498,1,False,Normal
17 Sco b,17 Sco,Radial Velocity,2020,578.38,12.9,1.15,1373.01871824,4.32,847.51,124.953,4157.0,1.22,25.92,3,Cluster 3,1.1276225678501435,1,False,Normal
Kepler-264 c,Kepler-264,Transit,2014,140.101261,2.83,0.252,8.4,0.0264,511.0,942.173,6158.0,1.426,1.55,1,Cluster 1,1.4690549968365558,1,False,Normal
HR 858 b,HR 858,Transit,2019,3.585287,2.004,0.17878521,3.55,0.01116955,1552.0,31.964,6354.0,1.204,1.258,1,Cluster 1,1.0689031149964436,1,False,Normal
Kepler-941 b,Kepler-941,Transit,2016,17.42395198,3.08,0.2747792,9.69,0.0305,722.0,1088.36,5539.0,0.89,0.86,1,Cluster 1,1.0232000209366707,1,False,Normal
Kepler-1832 b,Kepler-1832,Transit,2021,3.138789892,1.22719556,0.10948324,2.02,0.00637,1022.0,486.174,5242.0,0.684,0.722,1,Cluster 1,1.4865494568359539,1,False,Normal
TOI-833 b,TOI-833,Transit,2022,1.0418777,1.27,0.11330201,2.15,0.00678,1118.0,41.7148,3920.0,0.61,0.6,1,Cluster 1,1.087197587713677,1,False,Normal
HD 38283 b,HD 38283,Radial Velocity,2010,363.20001,14.0,1.25,127.132,0.4,348.58,38.0615,5981.0,1.37,1.49,0,Cluster 0,1.103678455007885,1,False,Normal
Kepler-341 b,Kepler-341,Transit,2014,5.195528,1.18,0.105,1.76,0.00553,1085.0,1047.03,6012.0,0.976,1.024,1,Cluster 1,1.1217983921320056,1,False,Normal
TIC 153919886 b,TIC 153919886,Transit,2026,2.10510492329,2.70601108,0.24141455,7.78,0.0245,,132.33,4137.16,0.581261,0.591697,1,Cluster 1,1.0427124910921477,1,False,Normal
Kepler-1669 b,Kepler-1669,Transit,2020,9.51216,2.78043818,0.24805408,8.15,0.0256,530.0,543.444,4303.0,0.67,0.714145,1,Cluster 1,0.9941174393290619,1,False,Normal
Kepler-295 c,Kepler-295,Transit,2014,21.526258,1.17,0.104,1.71,0.00537,621.0,1699.19,5603.0,0.89,0.898,1,Cluster 1,1.073539121389968,1,False,Normal
NN Ser c,NN Ser,Eclipse Timing Variations,2010,6987.0,12.6,1.13,2329.6,7.33,,515.818,57000.0,0.535,,7,Cluster 7,2.8067399169873317,-1,True,Potential Outlier
Kepler-1802 b,Kepler-1802,Transit,2021,15.45020008,1.671,0.14907689,3.43,0.0108,581.0,636.694,4245.0,0.649,0.637,1,Cluster 1,0.9867967326181397,1,False,Normal
TOI-6008 b,TOI-6008,Transit,2024,0.8574347,1.03,0.0918906,4.0,0.01258541,707.0,23.1008,3075.0,0.23,0.242,1,Cluster 1,1.2416653319451794,1,False,Normal
Kepler-1437 b,Kepler-1437,Transit,2016,10.9295461,1.37,0.12222321,2.45,0.00771,770.0,2101.69,5557.0,0.93,0.9,1,Cluster 1,0.9835762385845527,1,False,Normal
Kepler-330 b,Kepler-330,Transit,2014,8.25978,1.35,0.12,2.39,0.00752,714.0,717.527,5117.0,0.848,0.722,1,Cluster 1,0.9887675342372988,1,False,Normal
Kepler-100 c,Kepler-100,Transit,2014,12.8159,2.2,0.196,7.05,0.02218167,939.0,304.645,5825.0,1.08,1.49,1,Cluster 1,1.1610983347432702,1,False,Normal
K2-377 b,K2-377,Transit,2022,12.832235,1.693,0.1510396,3.51,0.011,,195.149,4200.0,0.821,0.691,1,Cluster 1,1.5093327847348423,-1,True,Potential Outlier
Kepler-554 b,Kepler-554,Transit,2016,1.902208556,4.29,0.38272816,17.0,0.0535,1346.0,690.525,5447.0,0.93,0.92,1,Cluster 1,1.3411023671489941,1,False,Normal
Kepler-208 e,Kepler-208,Transit,2014,16.259458,1.48,0.132,2.79,0.00879,880.0,775.328,6092.0,1.082,1.314,1,Cluster 1,1.0047787783029318,1,False,Normal
Kepler-1287 b,Kepler-1287,Transit,2016,11.47685909,1.54,0.1373896,2.99,0.0094,796.0,1003.26,5715.0,0.96,0.94,1,Cluster 1,0.9850053027705921,1,False,Normal
Kepler-646 b,Kepler-646,Transit,2016,15.87364565,1.99,0.17753591,4.62,0.0145,632.0,451.794,5634.0,0.93,0.91,1,Cluster 1,0.9889385002673844,1,False,Normal
Kepler-1880 b,Kepler-1880,Transit,2021,6.309219837,2.11686218,0.18885412,5.13,0.0161,606.0,611.041,4380.0,0.524,0.53,1,Cluster 1,1.2128679283404293,1,False,Normal
Kepler-587 b,Kepler-587,Transit,2016,10.94027841,2.23,0.19894727,5.6,0.0176,764.0,787.894,5549.0,0.92,0.89,1,Cluster 1,0.9791543968875839,1,False,Normal
EPIC 201238110 b,EPIC 201238110,Transit,2019,28.1656,1.87,0.16683023,4.16,0.0131,,159.259,3587.0,0.41,0.374,1,Cluster 1,0.9910521839403172,1,False,Normal
K2-240 c,K2-240,Transit,2018,20.523,1.8,0.16058524,3.89,0.0123,389.0,72.9105,3810.0,0.58,0.54,1,Cluster 1,1.0079250955788495,1,False,Normal
Kepler-1495 b,Kepler-1495,Transit,2016,85.273256,2.94,0.26228923,8.96,0.0282,443.0,1355.54,5831.0,1.03,1.04,1,Cluster 1,1.0500254907993516,1,False,Normal
Kepler-508 b,Kepler-508,Transit,2016,25.30889748,1.64,0.146311,3.33,0.0105,710.0,324.618,6025.0,1.16,1.25,1,Cluster 1,1.0379297469531512,1,False,Normal
HD 191939 f,HD 191939,Radial Velocity,2022,2898.0,13.2,1.18,915.34581216,2.88,125.0,53.6089,5348.0,0.81,0.94,0,Cluster 0,1.0174519395272008,1,False,Normal
HN Peg b,HN Peg,Imaging,2006,,11.7768,1.05066,6991.57,21.9987,10.77,18.1186,6186.0,1.08,1.006954,0,Cluster 0,1.5326445937288278,-1,True,Potential Outlier
K2-413 b,K2-413,Transit,2022,0.8094,0.7599,0.06779385,0.363,0.00114,1535.2,285.162,4116.0,0.808,0.7,1,Cluster 1,1.454774499088542,1,False,Normal
KOI-351 h,KOI-351,Transit,2013,331.60296,11.252,1.00383793,203.0,0.63870943,294.0,848.254,6031.13,1.242,1.185,0,Cluster 0,1.25672088245841,1,False,Normal
HD 60779 c,HD 60779,Radial Velocity,2026,104.79,5.79,0.516,28.3,0.08904176,,35.4445,6081.0,1.05,1.129,1,Cluster 1,1.0895747112908634,1,False,Normal
K2-19 c,K2-19,Transit,2015,11.906,4.1,0.36577813,11.0,0.03460987,679.0,289.827,5322.0,0.88,0.82,1,Cluster 1,1.1229372783218776,1,False,Normal
TOI-3160 A b,TOI-3160 A,Transit,2025,3.971281,13.7646283,1.228,378.21580433,1.19,1539.0,567.678,6190.0,1.088,1.346,0,Cluster 0,1.0584744552203822,1,False,Normal
Kepler-1333 b,Kepler-1333,Transit,2016,109.6471842,2.81,0.25069141,8.3,0.0261,428.0,932.446,5628.0,0.94,0.92,1,Cluster 1,1.013913936030472,1,False,Normal
Kepler-1715 b,Kepler-1715,Transit,2021,35.59730148,4.14042267,0.36938441,16.0,0.0504,646.0,522.605,6212.0,1.082,1.209,1,Cluster 1,1.1792660065973792,1,False,Normal
Kepler-1885 b,Kepler-1885,Transit,2021,2.522559881,1.51110555,0.13481204,2.89,0.0091,1205.0,818.482,5591.0,0.977,0.86,1,Cluster 1,0.9915987987166887,1,False,Normal
TOI-1803 c,TOI-1803,Transit,2025,12.885779,4.29,0.38272882,8.0,0.02517081,588.0,119.24,4687.0,0.756,0.715,1,Cluster 1,1.3656802688372935,1,False,Normal
Kepler-1116 b,Kepler-1116,Transit,2016,41.6977827,2.54,0.22660362,6.99,0.022,488.0,1008.57,5641.0,0.95,0.93,1,Cluster 1,0.9639622553520564,1,False,Normal
Kepler-232 b,Kepler-232,Transit,2014,4.431222,3.08,0.275,9.69,0.0305,1104.0,1349.13,5847.0,0.97,0.968,1,Cluster 1,1.0052653251055406,1,False,Normal
HD 141399 d,HD 141399,Radial Velocity,2014,1069.8,13.7,1.22,375.0394,1.18,220.0,37.0169,5600.0,1.07,1.387236,0,Cluster 0,0.9703385586949823,1,False,Normal
HIP 57274 b,HIP 57274,Radial Velocity,2011,8.1352,,,3359.44626199,10.57,725.95,25.8618,4510.0,0.29,0.78,6,Cluster 6,1.3062069397566467,1,False,Normal
Kepler-398 d,Kepler-398,Transit,2016,6.83437001,0.88,0.07850834,0.615,0.00193,636.0,177.355,4557.0,0.72,0.67,1,Cluster 1,1.1040664856430398,1,False,Normal
HD 158259 b,HD 158259,Radial Velocity,2020,2.178,1.28228,0.11439756,2.22,0.00698487,1462.0,27.0498,5801.89,1.08,1.21,1,Cluster 1,1.0084239928895962,1,False,Normal
Kepler-577 b,Kepler-577,Transit,2016,25.69578251,2.55,0.22749576,7.04,0.0221,314.0,524.247,4984.0,0.78,0.73,1,Cluster 1,0.9783028615767735,1,False,Normal
Kepler-953 b,Kepler-953,Transit,2016,88.40655258,4.21,0.37559104,16.5,0.0519,410.0,258.893,5416.0,0.95,0.99,1,Cluster 1,1.1413102205667187,1,False,Normal
HD 124330 b,HD 124330,Radial Velocity,2021,270.66,14.0,1.25,238.37130525,0.75,348.79,60.1977,5873.0,1.15,1.30446,0,Cluster 0,1.01908243624111,1,False,Normal
Kepler-1966 b,Kepler-1966,Transit,2021,8.617429733,1.10479327,0.09856322,1.39,0.00437,733.0,484.601,5009.0,0.797,0.84,1,Cluster 1,1.0055513074718136,1,False,Normal
Kepler-212 c,Kepler-212,Transit,2014,31.805174,2.74,0.244,7.95,0.025,664.0,687.194,5852.0,1.166,1.455,1,Cluster 1,1.1222689046043255,1,False,Normal
HD 238914 b,HD 238914,Radial Velocity,2018,4100.0,12.8,1.14,1906.98,6.0,343.67,519.452,4769.0,1.47,12.73,3,Cluster 3,1.1128993849471918,1,False,Normal
Kepler-44 b,Kepler-44,Transit,2011,3.2467293,12.22,1.09,317.82,1.0,1544.0,1188.0,5800.0,1.12,1.35,0,Cluster 0,1.037115311044855,1,False,Normal
Kepler-158 b,Kepler-158,Transit,2014,16.709184,2.12,0.189,5.14,0.0162,500.0,315.177,4623.0,0.655,0.624,1,Cluster 1,1.0055196764660144,1,False,Normal
Kepler-1080 b,Kepler-1080,Transit,2016,77.2548396,3.28,0.292622,10.8,0.0339,548.0,1382.82,5956.0,1.1,1.16,1,Cluster 1,1.0467580166664603,1,False,Normal
Kepler-1228 b,Kepler-1228,Transit,2016,0.577369579,1.54,0.1373896,2.99,0.0094,1757.0,515.453,5063.0,0.78,0.74,1,Cluster 1,0.9995933911558537,1,False,Normal
TOI-5786 b,TOI-5786,Transit,2025,12.779107,8.54,0.76188908,73.0,0.22968369,1040.0,192.475,6235.0,1.23,1.36,0,Cluster 0,1.0612549950436443,1,False,Normal
Kepler-1850 b,Kepler-1850,Transit,2021,1.385800004,0.72909663,0.06504576,0.313,0.000985,1008.0,250.199,4239.0,0.611,0.6,1,Cluster 1,1.0705092189267784,1,False,Normal
75 Cet c,75 Cet,Radial Velocity,2023,2051.62,13.9,1.24,289.85950718,0.912,376.92,82.9613,4809.0,1.92,10.38,3,Cluster 3,1.0048353438388837,1,False,Normal
TOI-2345 b,TOI-2345,Transit,2025,1.0528573,1.504,0.13417812,3.49,0.01098077,1478.0,81.6541,4687.0,0.727,0.729,1,Cluster 1,1.0991219713066187,1,False,Normal
DMPP-1 e,DMPP-1,Radial Velocity,2019,5.516,1.86,0.166,4.13,0.01299437,1314.0,62.5388,6196.0,1.21,1.26,1,Cluster 1,1.0326408496062731,1,False,Normal
Kepler-548 b,Kepler-548,Transit,2016,4.454194338,11.99,1.06967615,,,1017.0,751.776,5535.0,0.93,0.9,0,Cluster 0,0.9868892024430022,1,False,Normal
Kepler-260 c,Kepler-260,Transit,2014,76.050178,1.74,0.155,3.68,0.0116,372.0,627.365,5250.0,1.013,0.862,1,Cluster 1,1.547224862524836,-1,True,Potential Outlier
Kepler-1460 b,Kepler-1460,Transit,2016,29.9633247,1.96,0.17485949,4.5,0.0142,391.0,553.218,4422.0,0.7,0.67,1,Cluster 1,0.9964082150935848,1,False,Normal
HD 133131 B b,HD 133131 B,Radial Velocity,2016,5769.0,13.3,1.18,794.575,2.5,112.28,51.2993,5805.0,0.93,0.989538,0,Cluster 0,1.0382329332843727,1,False,Normal
HD 158259 d,HD 158259,Radial Velocity,2020,5.1980814,2.18,0.195,5.41,0.01702168,,27.0498,5801.89,1.08,1.21,1,Cluster 1,0.9953074838803886,1,False,Normal
WASP-138 b,WASP-138,Transit,2016,3.634433,12.21781,1.09,387.7526,1.22,1590.0,414.234,6272.0,1.22,1.36,0,Cluster 0,1.0596818026497115,1,False,Normal
TOI-5181 A b,TOI-5181 A,Transit,2025,3.8922295,13.34989601,1.191,330.54154328,1.04,1585.0,480.155,6060.0,1.25,1.53,0,Cluster 0,0.9814823798708605,1,False,Normal
Kepler-599 b,Kepler-599,Transit,2016,15.65562652,2.84,0.25336783,8.45,0.0266,623.0,558.517,5127.0,0.83,0.79,1,Cluster 1,1.0239162435290412,1,False,Normal
Kepler-158 d,Kepler-158,Transit,2024,0.645088,0.43,0.0383621,0.0472,0.000148,,315.177,4895.97,0.656,0.668,1,Cluster 1,1.3228471204972345,1,False,Normal
Kepler-575 b,Kepler-575,Transit,2016,9.37891944,2.39,0.21322152,6.3,0.0198,803.0,853.977,5710.0,0.97,0.95,1,Cluster 1,0.9716392852954614,1,False,Normal
EPIC 246851721 b,EPIC 246851721,Transit,2018,6.180235,11.780659,1.051,953.49,3.0,1401.0,372.632,6202.0,1.317,1.586,0,Cluster 0,1.0787649363255662,1,False,Normal
HD 1461 b,HD 1461,Radial Velocity,2010,5.77152,2.42,0.216,6.44,0.0202624,1185.14,23.4534,5765.0,1.02,1.152288,1,Cluster 1,1.0428371492328663,1,False,Normal
Kepler-1218 b,Kepler-1218,Transit,2016,22.9221266,1.44,0.1284682,2.67,0.00839,684.0,840.503,5986.0,1.06,1.1,1,Cluster 1,1.0425826996429772,1,False,Normal
Kepler-1891 b,Kepler-1891,Transit,2021,4.02229023,1.52139156,0.1357297,2.93,0.00921,1017.0,596.24,5516.0,0.873,0.827,1,Cluster 1,0.9920282861148106,1,False,Normal
Kepler-782 b,Kepler-782,Transit,2016,158.6853308,3.21,0.28637702,10.4,0.0327,350.0,446.844,5867.0,0.98,1.01,1,Cluster 1,1.005867983042858,1,False,Normal
Kepler-330 c,Kepler-330,Transit,2014,15.955387,1.95,0.174,4.46,0.014,573.0,717.527,5117.0,0.848,0.722,1,Cluster 1,1.0054063073942996,1,False,Normal
Kepler-987 b,Kepler-987,Transit,2016,105.3033148,3.26,0.29083772,10.7,0.0336,351.0,914.126,5637.0,0.97,0.91,1,Cluster 1,1.0137455749190045,1,False,Normal
Kepler-385 d,Kepler-385,Transit,2020,56.4159,2.6186448,0.23361984,7.36,0.0232,535.0,1432.61,5829.0,1.05,1.157,1,Cluster 1,0.9574248346165393,1,False,Normal
Kepler-115 c,Kepler-115,Transit,2014,8.990889,2.6,0.232,7.27,0.0229,960.0,623.609,5979.0,1.042,1.205,1,Cluster 1,1.000672283079418,1,False,Normal
TOI-2120 b,TOI-2120,Transit,2024,5.7998164,2.122,0.18931249,6.8,0.02139519,384.0,32.1755,3131.0,0.211,0.245,1,Cluster 1,1.0756501249515493,1,False,Normal
K2-395 b,K2-395,Transit,2022,4.803352,2.597,0.23168922,7.26,0.0228,,286.727,5007.0,0.952,0.783,1,Cluster 1,1.3380263167068136,1,False,Normal
KOI-1833 d,Kepler-968,Transit,2021,7.685,2.58,0.23017258,11.02,0.0346728,613.0,290.324,4413.0,0.681,0.667,1,Cluster 1,1.0477943038254607,1,False,Normal
Kepler-734 b,Kepler-734,Transit,2016,6.104852856,3.56,0.31760193,12.4,0.039,784.0,1157.21,5326.0,0.85,0.78,1,Cluster 1,1.069029586065404,1,False,Normal
HD 104067 c,HD 104067,Radial Velocity,2024,13.8992,3.69,0.33,13.2,0.04153184,648.36,20.3632,4952.0,0.82,0.78,1,Cluster 1,1.1919204851469867,1,False,Normal
Kepler-514 b,Kepler-514,Transit,2016,5.65179605,1.72,0.15344812,3.61,0.0113,1248.0,455.336,6106.0,1.28,1.44,1,Cluster 1,1.041349519972084,1,False,Normal
Kepler-1456 b,Kepler-1456,Transit,2016,18.1373829,1.14,0.10170399,1.55,0.00489,433.0,370.312,4231.0,0.64,0.62,1,Cluster 1,1.0613144555824443,1,False,Normal
TOI-1411 b,TOI-1411,Transit,2022,1.4520527,1.19880592,0.10695049,2.0,0.0062927,976.4,32.4778,4115.0,0.6045,0.614,1,Cluster 1,1.0927049825112236,1,False,Normal
Kepler-1614 b,Kepler-1614,Transit,2016,3.9466141,1.49,0.1329289,2.83,0.00889,981.0,1191.19,5121.0,0.79,0.76,1,Cluster 1,0.966756404062283,1,False,Normal
CoRoT-20 b,CoRoT-20,Transit,2011,9.24285,9.41556,0.84,1366.669,4.3,1024.0,844.061,5880.0,1.14,1.02,0,Cluster 0,1.1346585642872915,1,False,Normal
K2-187 d,K2-187,Transit,2018,7.149584,2.4,0.21411403,6.35,0.02,865.0,330.916,5438.0,0.966999,0.83,1,Cluster 1,1.0928523332724578,1,False,Normal
HD 44219 b,HD 44219,Radial Velocity,2010,472.0,14.1,1.26,184.34047606,0.58,283.89,52.9051,5752.0,1.2,1.32,0,Cluster 0,1.0355846792574164,1,False,Normal
Kepler-142 c,Kepler-142,Transit,2014,4.761702,2.86,0.255,8.55,0.0269,1201.0,548.686,5790.0,0.978,1.269,1,Cluster 1,1.0406298720479092,1,False,Normal
HD 72659 b,HD 72659,Radial Velocity,2002,3549.0,13.2,1.17,949.67128012,2.988,155.34,51.8949,5929.0,1.033,1.36,0,Cluster 0,1.029074894666452,1,False,Normal
Kepler-652 b,Kepler-652,Transit,2016,4.182002531,2.49,0.22214292,6.76,0.0213,974.0,394.55,5490.0,0.97,0.88,1,Cluster 1,1.0093471299030017,1,False,Normal
TOI-332 b,TOI-332,Transit,2023,0.777038,3.2,0.28548537,57.2,0.17997133,1871.0,222.852,5251.0,0.88,0.87,1,Cluster 1,1.2500747491064685,1,False,Normal
K2-62 b,K2-62,Transit,2016,6.67199,2.02,0.18021264,4.74,0.0149,666.0,112.467,4455.0,0.67,0.696,1,Cluster 1,1.0188627996101147,1,False,Normal
K2-380 b,K2-380,Transit,2022,9.401312,2.729,0.24346549,7.89,0.0248,,249.303,5911.0,0.993,1.32,1,Cluster 1,1.0737914413455765,1,False,Normal
Kepler-785 b,Kepler-785,Transit,2016,1.973760926,13.02,1.1615666,,,753.0,642.051,4739.0,0.77,0.71,0,Cluster 0,1.1432945946546142,1,False,Normal
K2-224 b,K2-224,Transit,2018,4.47904,1.56,0.13917388,3.05,0.00961,1002.0,275.255,5620.0,0.91,0.84,1,Cluster 1,0.9699405036012584,1,False,Normal
Kepler-1066 b,Kepler-1066,Transit,2016,1.931559839,2.36,0.2105451,6.17,0.0194,1290.0,344.251,5762.0,0.98,0.98,1,Cluster 1,1.0405679441604876,1,False,Normal
Kepler-1315 c,Kepler-1315,Transit,2021,6.566060066,1.84398883,0.16450995,4.06,0.0128,777.0,480.869,4818.0,0.809,0.856,1,Cluster 1,0.9816203367637557,1,False,Normal
TOI-375 d,TOI-375,Radial Velocity,2026,297.9,13.6,1.21,445.59542661,1.402,434.0,396.213,5259.9,1.441,2.9,3,Cluster 3,1.348127019743257,1,False,Normal
KIC 9663113 b,KIC 9663113,Transit,2015,572.3847,4.6,0.41038451,19.2,0.0603,264.0,1594.74,6065.0,0.98,1.03,1,Cluster 1,1.4576418812397798,1,False,Normal
NGTS-12 b,NGTS-12,Transit,2020,7.532806,11.747032,1.048,66.10864,0.208,1257.0,446.442,5690.0,1.021,1.589,0,Cluster 0,1.0351793903994853,1,False,Normal
Kepler-1240 b,Kepler-1240,Transit,2016,4.8663815,1.15,0.10259613,1.6,0.00505,1121.0,862.186,5682.0,0.98,0.96,1,Cluster 1,0.9906080578465662,1,False,Normal
KIC 7917485 b,KIC 7917485,Pulsation Timing Variations,2016,840.0,12.4,1.1,3750.394,11.8,,1382.89,7067.0,1.63,2.009938,0,Cluster 0,1.4975575511239843,1,False,Normal
HD 26161 b,HD 26161,Radial Velocity,2021,10942.29013,11.9,1.06,9045.39646322,28.46,110.98,40.9128,6057.62,1.12,1.455981,0,Cluster 0,1.119605228498757,1,False,Normal
Kepler-1323 b,Kepler-1323,Transit,2016,0.929906678,1.52,0.13560532,2.92,0.0092,2291.0,465.417,6169.0,1.18,1.4,1,Cluster 1,1.1588485386428524,1,False,Normal
TOI-2379 b,TOI-2379,Transit,2024,5.4693827,11.72459381,1.046,1830.69162432,5.76,624.0,211.247,3707.0,0.645,0.622,0,Cluster 0,1.5215555682914053,-1,True,Potential Outlier
Kepler-657 b,Kepler-657,Transit,2016,24.54350418,3.52,0.31403337,12.2,0.0383,616.0,1691.88,5808.0,1.01,1.01,1,Cluster 1,1.0768845545609067,1,False,Normal
K2-198 c,K2-198,Transit,2019,3.3596055,1.423,0.12695156,2.61,0.00822,1229.9,110.567,5212.9,0.799,0.757,1,Cluster 1,1.0217666421367162,1,False,Normal
HD 170469 b,HD 170469,Radial Velocity,2007,1145.0,14.1,1.25,209.7678,0.66,209.6,60.178,5842.0,1.1,1.24,0,Cluster 0,0.9735542055673934,1,False,Normal
Kepler-139 d,Kepler-139,Transit,2023,7.305699922,1.695,0.15121803,2.0,0.0062927,972.0,391.038,5622.0,1.078,1.045,1,Cluster 1,1.3438937007769551,1,False,Normal
Kepler-1639 b,Kepler-1639,Transit,2016,9.878482,2.58,0.23017218,7.18,0.0226,1003.0,1031.31,6150.0,1.12,1.18,1,Cluster 1,1.0078657744683648,1,False,Normal
TOI-2580 b,TOI-2580,Transit,2024,3.39775,17.37392009,1.55,200.23189641,0.63,2410.0,379.253,6120.0,1.33,1.81,0,Cluster 0,1.2788684217218447,1,False,Normal
Kepler-1000 b,Kepler-1000,Transit,2016,120.0181272,4.76,0.42465876,20.3,0.0639,473.0,1115.62,6453.0,1.4,1.51,1,Cluster 1,1.3782228834973658,1,False,Normal
TOI-2088 b,TOI-2088,Transit,2024,124.72997,3.6831179,0.32858634,37.0,0.11641502,300.33,126.46,5081.0,0.9027,0.8481,1,Cluster 1,1.1678102041397571,1,False,Normal
HIP 98599 b,HIP 98599,Radial Velocity,2026,2656.0,12.7,1.13,2177.12458795,6.85,171.08,75.9428,5978.0,1.19,1.39484,0,Cluster 0,1.0305906837678713,1,False,Normal
K2-154 b,K2-154,Transit,2018,3.67626,1.99,0.17753591,4.62,0.0145,715.0,129.356,4097.0,0.65,0.63,1,Cluster 1,0.9828352355809171,1,False,Normal
Kepler-240 b,Kepler-240,Transit,2014,4.144495,1.37,0.122,2.45,0.00771,864.0,746.927,4985.0,0.868,0.739,1,Cluster 1,1.1294730490269294,1,False,Normal
HIP 38594 c,HIP 38594,Radial Velocity,2020,3477.768,7.94,0.708,48.4,0.15228267,79.96,17.7886,4086.3,0.61,0.626646,0,Cluster 0,1.3154910960897286,1,False,Normal
Kepler-145 c,Kepler-145,Transit,2013,42.882,4.32,0.385,79.4,0.25,709.0,566.85,6022.0,1.32,1.85,1,Cluster 1,1.204932509199295,1,False,Normal
Kepler-144 b,Kepler-144,Transit,2014,5.885273,1.33,0.119,2.33,0.00733,1253.0,384.917,6075.0,1.154,1.235,1,Cluster 1,1.0011090747406046,1,False,Normal
TOI-1846 b,TOI-1846,Transit,2025,3.9306737,1.792,0.15987181,3.87,0.0122,568.1,47.2496,3568.0,0.418,0.397,1,Cluster 1,1.0056914069356542,1,False,Normal
Kepler-1957 b,Kepler-1957,Transit,2021,2.186619997,0.94374867,0.08419576,0.79,0.00248,1099.0,460.899,4904.0,0.745,0.772,1,Cluster 1,1.128788283354452,1,False,Normal
Kepler-219 b,Kepler-219,Transit,2014,4.585512,2.95,0.263,9.01,0.0283,1307.0,787.07,5786.0,1.164,1.491,1,Cluster 1,1.1870769113553634,1,False,Normal
TIC 365102760 b,TIC 365102760,Transit,2024,4.21285367,6.21,0.55402005,19.2,0.06040996,1676.12,555.546,4900.0,1.17,3.13,1,Cluster 1,1.5241806690252386,-1,True,Potential Outlier
Kepler-1153 b,Kepler-1153,Transit,2016,1.755835327,1.73,0.15434026,3.64,0.0115,1343.0,1119.49,5470.0,0.91,0.88,1,Cluster 1,1.0122474435530264,1,False,Normal
Kepler-327 b,Kepler-327,Transit,2014,2.549575,1.11,0.099,1.41,0.00444,682.0,241.987,3799.0,0.591913,0.492,1,Cluster 1,1.0666525371517463,1,False,Normal
K2-72 b,K2-72,Transit,2016,5.577212,1.08,0.09635115,1.28,0.00403,466.13,66.4321,3360.47,0.271365,0.330989,1,Cluster 1,1.007619830219269,1,False,Normal
TOI-5126 c,TOI-5126,Transit,2023,17.8999,3.86,0.34436673,14.2,0.0447,971.0,160.414,6150.0,1.24,1.241,1,Cluster 1,1.0668223905674459,1,False,Normal
Kepler-405 b,Kepler-405,Transit,2014,10.613839,2.08,0.186,4.98,0.0157,785.0,1065.08,5818.0,0.873,0.893,1,Cluster 1,1.111276914384376,1,False,Normal
Kepler-451 d,2MASS J19383260+4603591,Eclipse Timing Variations,2022,43.0,13.5,1.2,559.37799632,1.76,,396.332,29564.0,0.48,0.203,7,Cluster 7,3.4653518110005215,-1,True,Potential Outlier
Kepler-1421 b,Kepler-1421,Transit,2016,6.9131112,0.93,0.08296904,0.749,0.00236,1209.0,783.401,6335.0,1.25,1.42,1,Cluster 1,1.0323444517088658,1,False,Normal
K2-332 b,K2-332,Transit,2021,17.70632,2.2,0.19627119,5.48,0.0172,266.0,123.202,3315.0,0.27,0.28,1,Cluster 1,1.0092097299977811,1,False,Normal
Kepler-1288 b,Kepler-1288,Transit,2016,2.76122421,1.12,0.09991971,1.46,0.00459,2017.0,814.078,6132.0,1.2,1.29,1,Cluster 1,1.082460151658594,1,False,Normal
GJ 1151 c,GJ 1151,Radial Velocity,2023,389.7,3.25,0.29,10.62,0.03341426,88.3,8.03625,3280.0,0.1639,0.1781,1,Cluster 1,1.5322172342941154,-1,True,Potential Outlier
Kepler-80 c,Kepler-80,Transit,2012,9.52355,2.74,0.24444643,6.74,0.02120631,495.0,369.451,4540.0,0.73,0.678,1,Cluster 1,1.0792814660133088,1,False,Normal
Kepler-925 b,Kepler-925,Transit,2016,33.8678531,2.34,0.20876082,6.08,0.0191,394.0,611.115,4673.0,0.77,0.72,1,Cluster 1,0.9750271267466882,1,False,Normal
Kepler-194 d,Kepler-194,Transit,2014,52.814973,2.4,0.214,6.35,0.02,562.0,1097.97,6089.0,0.94,1.025,1,Cluster 1,1.2304942479574088,1,False,Normal
Kepler-945 b,Kepler-945,Transit,2016,31.0033814,2.63,0.23463288,7.41,0.0233,616.0,1651.25,5718.0,0.97,0.97,1,Cluster 1,0.9850666334331963,1,False,Normal
HD 156846 b,HD 156846,Radial Velocity,2007,359.51001,12.4,1.11,3391.2461,10.67,382.49,47.7332,6090.0,1.38,1.9,0,Cluster 0,1.130816485609673,1,False,Normal
TOI-2025 b,TOI-2025,Transit,2022,8.8720982,11.89272852,1.061,1144.1822652,3.6,1166.0,335.985,5977.0,1.199,1.459,0,Cluster 0,1.0522511628778162,1,False,Normal
Kepler-1878 b,Kepler-1878,Transit,2021,4.445879936,2.92019781,0.26052305,8.86,0.0279,1063.0,1494.3,5918.0,0.956,0.865,1,Cluster 1,1.0366063555179896,1,False,Normal
Kepler-1447 b,Kepler-1447,Transit,2016,56.6747285,2.9,0.25872067,8.75,0.0275,522.0,890.296,5722.0,0.97,0.95,1,Cluster 1,0.9684701606786715,1,False,Normal
Kepler-1805 b,Kepler-1805,Transit,2021,8.847940445,1.54502915,0.13783851,3.0,0.00945,479.0,221.639,3867.0,0.581,0.552,1,Cluster 1,1.0117452791713795,1,False,Normal
HD 158259 f,HD 158259,Radial Velocity,2020,12.028,2.35,0.21,6.14,0.0193185,,27.0498,5801.89,1.08,1.21,1,Cluster 1,0.9982226409108039,1,False,Normal
TOI-261.01,TOI-261,Transit,2021,3.3639254,3.0449863,0.27136114,9.51,0.0299,1722.49,114.495,5890.3,0.496728,1.28018,1,Cluster 1,2.9554864175199143,-1,True,Potential Outlier
Kepler-370 b,Kepler-370,Transit,2014,4.57953,1.59,0.142,3.15,0.00993,1040.0,1167.94,5852.0,0.982,0.9,1,Cluster 1,0.9869559187761782,1,False,Normal
Kepler-956 b,Kepler-956,Transit,2016,5.248672631,3.0,0.26764207,9.27,0.0292,1056.0,544.939,6040.0,1.1,1.15,1,Cluster 1,1.0101425989756094,1,False,Normal
HD 63433 b,HD 63433,Transit,2020,7.1079475,2.14,0.191,21.755,0.06844888,967.11,22.4035,5553.0,0.956,0.934,1,Cluster 1,1.5886161252464595,-1,True,Potential Outlier
Kepler-1142 b,Kepler-1142,Transit,2016,18.3027248,1.47,0.13114462,2.76,0.00869,902.0,1273.51,5685.0,0.97,0.96,1,Cluster 1,1.0004960090453583,1,False,Normal
Kepler-853 b,Kepler-853,Transit,2016,7.16892463,1.69,0.1507717,3.5,0.011,1187.0,568.676,6350.0,1.3,1.55,1,Cluster 1,1.0400709312018948,1,False,Normal
Kepler-451 c,2MASS J19383260+4603591,Eclipse Timing Variations,2022,1460.0,13.5,1.21,511.70373527,1.61,,396.332,29564.0,0.48,0.203,7,Cluster 7,3.4653566679950574,-1,True,Potential Outlier
WISPIT 1 b,WISPIT 1,Imaging,2025,,12.4,1.11,3305.4154328,10.4,12.94,230.007,4670.0,0.72,1.1161,0,Cluster 0,1.5748897290358868,-1,True,Potential Outlier
TOI-2529 b,TOI-2529,Transit,2024,64.5949,11.54525012,1.03,743.71847238,2.34,636.0,296.271,5802.0,1.11,1.7,0,Cluster 0,1.2494782382665686,1,False,Normal
KOI-1599.01,KOI-1599,Transit,2019,20.4415,1.9,0.16950665,4.6,0.01447315,660.0,1131.64,5833.0,1.02,0.972,1,Cluster 1,1.1507148923614974,1,False,Normal
Kepler-1759 b,Kepler-1759,Transit,2021,3.720230103,0.9037791,0.08062991,0.676,0.00213,954.0,385.348,5017.0,0.76,0.797,1,Cluster 1,1.0535990381662033,1,False,Normal
Kepler-1215 b,Kepler-1215,Transit,2016,4.76703963,1.22,0.10884111,1.98,0.00624,1046.0,661.022,5616.0,0.95,0.93,1,Cluster 1,0.9912116340636556,1,False,Normal
Kepler-1733 b,Kepler-1733,Transit,2021,9.229579926,3.63582354,0.32436701,12.8,0.0404,1021.0,2080.51,6320.0,1.273,1.252,1,Cluster 1,1.1230098869941039,1,False,Normal
Kepler-357 c,Kepler-357,Transit,2014,16.85837,2.67,0.238,7.61,0.0239,576.0,688.573,5036.0,0.794,0.834,1,Cluster 1,1.0135352346227717,1,False,Normal
Kepler-194 c,Kepler-194,Transit,2014,17.308032,2.59,0.231,7.22,0.0227,815.0,1097.97,6089.0,0.94,1.025,1,Cluster 1,1.1934864101400466,1,False,Normal
Kepler-1056 b,Kepler-1056,Transit,2016,27.495606,3.01,0.26853421,9.32,0.0293,590.0,982.51,6127.0,1.12,1.2,1,Cluster 1,1.018076673000363,1,False,Normal
Kepler-1424 b,Kepler-1424,Transit,2016,29.6091744,1.16,0.10348827,1.65,0.00521,629.0,661.421,5838.0,1.02,1.07,1,Cluster 1,1.1094918750407123,1,False,Normal
Kepler-1642 c,Kepler-1642,Transit,2016,6.6513802,2.66,0.23730931,7.56,0.0238,1095.0,413.873,5355.0,0.88,0.84,1,Cluster 1,1.0385257730816357,1,False,Normal
HD 164595 b,HD 164595,Radial Velocity,2015,40.0,4.16,0.371,16.14,0.05078186,589.0,28.254,5790.0,0.99,1.023606,1,Cluster 1,1.1183967829902257,1,False,Normal
K2-24 c,K2-24,Transit,2016,42.34732,7.93,0.70746843,16.4,0.05160017,591.0,170.562,5726.0,1.091,1.185,0,Cluster 0,1.026188260051701,1,False,Normal
Kepler-235 d,Kepler-235,Transit,2014,20.060548,2.05,0.183,4.86,0.0153,401.0,428.018,4255.0,0.581,0.554,1,Cluster 1,1.0014471383872225,1,False,Normal
HD 97037 b,HD 97037,Radial Velocity,2022,6449.08337,12.1,1.08,6707.76852973,21.105,120.99,32.413,5874.1,1.06,1.26356,0,Cluster 0,1.0441786110188687,1,False,Normal
Kepler-776 b,Kepler-776,Transit,2016,4.89718784,1.28,0.11419395,2.18,0.00687,904.0,727.904,5071.0,0.83,0.78,1,Cluster 1,0.9830716732354059,1,False,Normal
K2-352 b,K2-352,Transit,2021,3.665912,1.37,0.12222342,2.45,0.00771,1160.0,176.051,5791.0,0.98,0.95,1,Cluster 1,0.9754801914349038,1,False,Normal
TOI-3288 b,TOI-3288,Transit,2025,1.4338647,12.24020692,1.092,536.17652261,1.687,973.0,200.5,4072.0,0.643,0.672,0,Cluster 0,1.0807335589664704,1,False,Normal
Kepler-1420 b,Kepler-1420,Transit,2016,6.69960006,1.28,0.11419395,2.18,0.00687,806.0,1054.37,5187.0,0.82,0.79,1,Cluster 1,1.0061143860035142,1,False,Normal
K2-333 b,K2-333,Transit,2021,14.759287,6.18,0.55134362,31.6,0.0995,826.0,343.99,5880.0,1.06,1.22,1,Cluster 1,1.0461977667251257,1,False,Normal
Kepler-79 e,Kepler-79,Transit,2014,81.0665,3.53,0.31492605,3.8,0.01195614,511.0,1020.72,6389.0,1.244,1.316,1,Cluster 1,1.2153937472529392,1,False,Normal
Kepler-20 d,Kepler-20,Transit,2011,77.611455,2.606,0.23249215,13.4,0.04216111,430.0,282.563,5495.0,0.929,0.9164,1,Cluster 1,1.1975248843057922,1,False,Normal
DMPP-1 c,DMPP-1,Radial Velocity,2019,10.03,3.31,0.295,10.94,0.03442109,1239.0,62.5388,6196.0,1.21,1.26,1,Cluster 1,1.060301045045304,1,False,Normal
Kepler-947 b,Kepler-947,Transit,2016,26.9644317,2.28,0.20340798,5.82,0.0183,573.0,1730.78,5508.0,0.9,0.87,1,Cluster 1,0.9919938562641392,1,False,Normal
Kepler-689 b,Kepler-689,Transit,2016,22.36656079,2.89,0.25782853,8.7,0.0274,536.0,1131.73,5518.0,0.91,0.88,1,Cluster 1,0.9997831485380122,1,False,Normal
NGC 2682 YBP 1194 b,NGC 2682 YBP 1194,Radial Velocity,2014,6.959,12.3,1.1,101.7056,0.32,,872.92,5780.0,1.01,0.99,0,Cluster 0,1.0125725951572098,1,False,Normal
HD 211970 b,HD 211970,Radial Velocity,2019,25.201,3.66,0.327,13.0,0.04090237,398.77,13.1277,4127.0,0.61,0.574175,1,Cluster 1,1.0869802569469615,1,False,Normal
Kepler-336 c,Kepler-336,Transit,2014,9.600001,2.1,0.187,5.06,0.0159,967.0,768.86,5867.0,1.09,1.304,1,Cluster 1,1.0099318520300513,1,False,Normal
Kepler-423 b,Kepler-423,Transit,2014,2.6843285,13.361,1.192,189.101,0.595,1605.0,758.753,5560.0,0.85,0.95,0,Cluster 0,1.1274191816285568,1,False,Normal
2M0437 b,2MASS J04372171+2651014,Imaging,2021,,13.0,1.16,1271.313628,4.0,1450.0,128.484,3100.0,0.17,0.84,0,Cluster 0,2.7880267784563504,-1,True,Potential Outlier
Kepler-561 b,Kepler-561,Transit,2016,58.3620495,6.96,0.62092961,38.7,0.122,446.0,621.378,5646.0,0.96,0.94,0,Cluster 0,0.9943619982499114,1,False,Normal
24 Boo b,24 Boo,Radial Velocity,2018,30.33,13.9,1.24,280.64248338,0.883,1840.86,95.9863,4816.0,1.05,12.19,3,Cluster 3,1.6754298966894183,-1,True,Potential Outlier
HD 74156 c,HD 74156,Radial Velocity,2003,2448.48726,12.5,1.12,2753.98314665,8.665,187.52,57.603,6068.0,1.1,1.510576,0,Cluster 0,0.9902481684443935,1,False,Normal
Kepler-1365 c,Kepler-1365,Transit,2016,4.77468005,0.8,0.07137122,0.437,0.00137,1137.0,840.128,5770.0,1.0,1.05,1,Cluster 1,0.9889776711706993,1,False,Normal
HD 20003 c,HD 20003,Radial Velocity,2019,33.9239,3.89,0.347,14.44,0.0454,573.89,41.8316,5494.0,0.875,0.921637,1,Cluster 1,1.1422776294366628,1,False,Normal
Kepler-716 b,Kepler-716,Transit,2016,10.37168453,2.9,0.25872067,8.75,0.0275,720.0,635.009,5099.0,0.83,0.78,1,Cluster 1,1.0677716112670137,1,False,Normal
Kepler-411 c,Kepler-411,Transit,2016,7.834435,4.421,0.3944152,26.4,0.08306327,838.0,153.676,4974.0,0.87,0.82,1,Cluster 1,1.2230942167732364,1,False,Normal
HD 134606 b,HD 134606,Radial Velocity,2024,12.089,2.97,0.265,9.09,0.02860034,894.63,26.7909,5576.0,1.046,1.158,1,Cluster 1,1.1583570588967986,1,False,Normal
K2-66 b,K2-66,Transit,2016,5.06963,2.49,0.22214292,21.3,0.06701696,1372.0,513.877,5887.0,1.11,1.67,1,Cluster 1,1.302479145068154,1,False,Normal
TIC 437041147 b,TIC 437041147,Transit,2026,3.82301421497,2.21526814,0.19763333,5.54,0.0174,,246.6,5224.36,0.931,0.961092,1,Cluster 1,1.0540267164288482,1,False,Normal
Kepler-583 b,Kepler-583,Transit,2016,6.5100253,2.28,0.20340798,5.82,0.0183,1017.0,867.271,5523.0,0.94,0.91,1,Cluster 1,0.9777429427411152,1,False,Normal
Kepler-1649 c,Kepler-1649,Transit,2020,19.53527,1.06,0.09456687,1.2,0.00377,234.0,92.1913,3240.0,0.1977,0.2317,1,Cluster 1,1.0409589948455713,1,False,Normal
WASP-57 b,WASP-57,Transit,2012,2.83891856,11.76945,1.05,204.68252,0.644,1338.0,398.276,5600.0,0.886,0.927,0,Cluster 0,1.0168671558670366,1,False,Normal
Kepler-381 d,Kepler-381,Transit,2021,8.256299973,1.0667865,0.09517248,1.23,0.00386,1387.0,267.323,6197.0,1.198,2.188,1,Cluster 1,1.175866741432535,1,False,Normal
TOI-1199 b,TOI-1199,Transit,2024,3.671463,10.5140239,0.938,75.96098927,0.239,1486.0,248.427,5710.0,1.23,1.45,0,Cluster 0,1.068988550901367,1,False,Normal
TOI-4961 b,TOI-4961,Transit,2025,7.479182,12.34108775,1.101,572.0911326,1.8,919.0,213.073,5380.0,0.912,0.912,0,Cluster 0,1.1454837286654307,1,False,Normal
Kepler-118 c,Kepler-118,Transit,2014,20.17202,7.68,0.685,45.7,0.144,564.0,574.228,5274.0,0.811,1.094,0,Cluster 0,1.0639097833451796,1,False,Normal
Kepler-278 b,Kepler-278,Transit,2014,30.1556,3.955,0.35284207,56.0,0.1761957,586.0,443.03,4965.0,1.227,2.861,1,Cluster 1,2.3109175693919166,-1,True,Potential Outlier
K2-268 e,K2-268,Transit,2021,6.131243,1.33,0.11865486,2.33,0.00733,801.0,327.783,5106.0,0.84,0.78,1,Cluster 1,0.9843821165564803,1,False,Normal
Kepler-1254 d,Kepler-1254,Transit,2016,5.72717226,1.31,0.11687037,2.27,0.00714,794.0,622.818,4985.0,0.78,0.75,1,Cluster 1,0.987665308056991,1,False,Normal
HD 167768 b,HD 167768,Radial Velocity,2022,20.6532,13.9,1.24,270.15414595,0.85,1873.59,107.214,4851.0,1.08,9.7,0,Cluster 0,2.092324504808553,-1,True,Potential Outlier
TOI-1036 b,TOI-1036,Transit,2026,3.77952125496,6.28499593,0.56071075,32.5,0.102,1294.0,184.015,5664.68,1.03,1.17554,1,Cluster 1,1.1030601622626055,1,False,Normal
EPIC 212424622 b,EPIC 212424622,Transit,2019,18.0983,2.17,0.19359443,5.35,0.0168,,611.804,5782.33,1.106,1.2247,1,Cluster 1,1.0705591400861711,1,False,Normal
Kepler-1915 b,Kepler-1915,Transit,2021,13.83539963,3.21798413,0.28708981,10.4,0.0329,809.0,1514.66,6020.0,1.03,1.057,1,Cluster 1,1.1320735737998926,1,False,Normal
Kepler-1734 b,Kepler-1734,Transit,2021,6.796850204,3.08851092,0.27553896,9.74,0.0306,985.0,1482.83,6061.0,1.05,0.97,1,Cluster 1,0.9953576600095401,1,False,Normal
Kepler-960 b,Kepler-960,Transit,2016,3.12686223,2.29,0.20430012,5.86,0.0184,1391.0,284.916,4755.0,0.77,0.72,1,Cluster 1,1.0287876171271049,1,False,Normal
HD 208897 b,HD 208897,Radial Velocity,2017,358.27,13.7,1.22,379.48711796,1.194,507.24,67.4872,4860.0,1.25,4.98,3,Cluster 3,1.0791857578580248,1,False,Normal
Kepler-1386 b,Kepler-1386,Transit,2016,6.73972381,1.24,0.11062539,2.07,0.00651,1011.0,835.882,5733.0,1.02,1.03,1,Cluster 1,0.9836353964816509,1,False,Normal
Kepler-1921 c,Kepler-1921,Transit,2023,3.15722086,1.41,0.12579199,2.57,0.00809,1791.0,928.989,6120.0,1.251,2.0,1,Cluster 1,1.1121670023046826,1,False,Normal
Kepler-1225 b,Kepler-1225,Transit,2016,7.01075434,1.82,0.16236952,3.97,0.0125,1453.0,1347.52,6140.0,1.13,1.19,1,Cluster 1,1.036747715838677,1,False,Normal
Kepler-1708 b,Kepler-1708,Transit,2021,737.1131,9.96,0.88857321,1462.0106722,4.6,245.02,1666.69,6157.0,1.088,1.117,0,Cluster 0,1.1785051341190678,1,False,Normal
HD 96700 b,HD 96700,Radial Velocity,2021,8.1245,2.93,0.261,8.9,0.02800253,1089.02,25.4111,5845.0,0.89,1.16,1,Cluster 1,1.135248260180998,1,False,Normal
Kepler-208 b,Kepler-208,Transit,2014,4.22864,1.63,0.145,3.29,0.0104,1379.0,775.328,6092.0,1.082,1.314,1,Cluster 1,1.0105687434418786,1,False,Normal
Kepler-1146 b,Kepler-1146,Transit,2016,2.352265797,1.23,0.10973325,2.04,0.00642,1019.0,703.038,4692.0,0.74,0.7,1,Cluster 1,1.0571566157264027,1,False,Normal
WASP-100 b,WASP-100,Transit,2014,2.84938,14.90797,1.33,400.4658,1.26,2099.0,364.411,6900.0,0.77,1.57,0,Cluster 0,1.6807840783102175,-1,True,Potential Outlier
Kepler-1643 b,Kepler-1643,Transit,2016,5.342657,2.32,0.207,5.99,0.0189,799.0,341.774,4916.0,0.845,0.855,1,Cluster 1,1.0117625223364055,1,False,Normal
Kepler-215 d,Kepler-215,Transit,2014,30.864423,2.39,0.213,23.6,0.074,527.0,485.997,5739.0,0.788,1.027,1,Cluster 1,1.370901526379533,1,False,Normal
EPIC 212737443 b,EPIC 212737443,Transit,2019,13.603,2.586,0.23070747,7.2,0.0227,536.0,336.25,4684.0,0.69,0.673,1,Cluster 1,1.0031383851116784,1,False,Normal
TOI-2169 A b,TOI-2169 A,Transit,2025,8.2148282,12.50922246,1.116,329.58805806,1.037,1364.0,351.487,6270.0,1.42,1.82,0,Cluster 0,1.1362559708083466,1,False,Normal
K2-259 b,K2-259,Transit,2018,15.48043,2.32,0.20697654,5.99,0.0189,795.0,416.457,6059.0,1.14,1.13,1,Cluster 1,0.9722358629681208,1,False,Normal
Kepler-416 c,Kepler-416,Transit Timing Variations,2014,12.209,2.352,0.20983175,6.13,0.0193,791.0,690.819,5718.0,1.0,1.075,1,Cluster 1,0.9886367646147445,1,False,Normal
Kepler-401 c,Kepler-401,Transit,2014,47.318218,2.15,0.192,5.27,0.0166,598.0,965.56,6117.0,1.173,1.333,1,Cluster 1,0.9889238239667805,1,False,Normal
Kepler-888 b,Kepler-888,Transit,2016,70.6979061,1.76,0.15701668,3.75,0.0118,417.0,420.817,5875.0,0.97,0.9,1,Cluster 1,1.1283571289819798,1,False,Normal
Kepler-740 b,Kepler-740,Transit,2016,3.584101216,4.57,0.40770809,18.9,0.0596,1131.0,1442.02,5438.0,0.91,0.87,1,Cluster 1,1.1079544678126132,1,False,Normal
Kepler-1673 b,Kepler-1673,Transit,2020,33.7888,2.9355194,0.2618895,8.93,0.0281,611.0,727.187,6014.95,1.11,1.13166,1,Cluster 1,1.0271940149219643,1,False,Normal
Kepler-1322 c,Kepler-1322,Transit,2021,6.459980011,2.15492527,0.19224989,5.29,0.0166,883.0,1350.32,5704.0,0.897,0.804,1,Cluster 1,1.0505290593757628,1,False,Normal
Kepler-1211 b,Kepler-1211,Transit,2016,11.01816836,2.55,0.22749576,7.04,0.0221,840.0,1826.53,5705.0,0.96,0.94,1,Cluster 1,0.9879735140681344,1,False,Normal
HIP 78530 b,HIP 78530,Imaging,2010,,12.0,1.07,7300.0,23.0,2700.0,136.759,10500.0,2.5,2.10876,0,Cluster 0,1.6855256247239914,-1,True,Potential Outlier
Kepler-48 f,Kepler-48,Radial Velocity,2023,5219.681854,13.8,1.23,298.5809968,0.93944088,95.68,306.738,5190.0,0.916,0.836,0,Cluster 0,1.0112153023985697,1,False,Normal
Kepler-1750 b,Kepler-1750,Transit,2021,205.9120026,6.00434637,0.53567283,30.1,0.0947,298.0,1497.33,5644.0,0.981,0.969,0,Cluster 0,1.0306919069859706,1,False,Normal
TOI-4308 b,TOI-4308,Transit,2023,9.151201,2.4189,0.21580018,6.43,0.0202,763.05,108.932,5243.0,0.9,0.7934,1,Cluster 1,0.9923684443112173,1,False,Normal
HD 18015 b,HD 18015,Radial Velocity,2018,2278.0,13.1,1.17,1048.8337431,3.3,242.98,123.801,5603.0,1.49,3.13,0,Cluster 0,1.3563037855405407,1,False,Normal
TOI-1798.02,TOI-1798,Transit,2024,0.437811822,1.464,0.13060956,5.6,0.01761957,1935.83,113.181,5165.0,0.87,0.78,1,Cluster 1,1.1170173836352357,1,False,Normal
Kepler-24 b,Kepler-24,Transit,2011,8.14,2.348,0.20947489,11.14,0.03505036,1050.0,1156.81,6028.0,1.06,1.099,1,Cluster 1,1.128157709176504,1,False,Normal
Kepler-1875 b,Kepler-1875,Transit,2021,34.45859909,3.22686692,0.28788228,10.5,0.033,559.0,1660.45,6161.0,0.95,0.862,1,Cluster 1,1.2955422927838915,1,False,Normal
Kepler-1642 b,Kepler-1642,Transit,2016,12.2057513,3.2,0.28548488,10.3,0.0325,895.0,413.873,5355.0,0.88,0.84,1,Cluster 1,1.0236777198602218,1,False,Normal
HD 33142 c,HD 33142,Radial Velocity,2016,810.2,13.9,1.24,282.86728223,0.89,353.91,121.375,5025.4,1.52,4.17,3,Cluster 3,1.1192819876678586,1,False,Normal
Kepler-864 b,Kepler-864,Transit,2016,5.83376092,2.4,0.21411366,6.35,0.02,1143.0,2022.9,5754.0,1.0,1.0,1,Cluster 1,1.0188663005522482,1,False,Normal
HD 181720 b,HD 181720,Radial Velocity,2009,956.0,14.0,1.25,127.132,0.4,249.06,60.2046,5736.0,1.03,1.5,0,Cluster 0,0.9692808523785335,1,False,Normal
TOI-6677 b,TOI-6677,Transit,2026,5.45060661625,5.83507112,0.52057107,28.7,0.0902,334.0,340.52,6572.28,1.45,1.57167,1,Cluster 1,1.477977736796984,1,False,Normal
Kepler-1394 b,Kepler-1394,Transit,2016,3.93766373,1.39,0.12400749,2.51,0.0079,1947.0,640.409,6481.0,1.64,2.55,1,Cluster 1,1.6897681397813191,-1,True,Potential Outlier
Kepler-1672 b,Kepler-1672,Transit,2020,150.878,2.97022762,0.26498596,9.11,0.0287,423.0,391.181,6131.95,1.16,1.08841,1,Cluster 1,1.0147438666670079,1,False,Normal
HD 331093 b,HD 331093,Radial Velocity,2021,621.62,13.6,1.21,476.7426105,1.5,234.84,50.1928,5544.0,1.03,1.1112,0,Cluster 0,0.9580486770382816,1,False,Normal
Kepler-58 d,Kepler-58,Transit,2014,40.101371,2.94,0.262,245.343,0.7719354,583.0,969.252,6099.0,1.024,1.127,1,Cluster 1,1.1520794654695232,1,False,Normal
Kepler-404 c,Kepler-404,Transit,2014,14.751166,1.72,0.153,3.61,0.0113,678.0,812.524,5654.0,0.86,0.884,1,Cluster 1,1.079390929528969,1,False,Normal
Kepler-1254 b,Kepler-1254,Transit,2016,9.99113313,1.55,0.13828174,3.02,0.00951,660.0,622.818,4985.0,0.78,0.75,1,Cluster 1,1.0205463395498482,1,False,Normal
HD 37124 d,HD 37124,Radial Velocity,2005,1862.0,14.0,1.25,221.20968,0.696,159.79,31.6634,5698.64,0.85,0.949168,0,Cluster 0,1.0498319980140272,1,False,Normal
WASP-3 b,WASP-3,Transit,2007,1.84683,15.91678,1.42,772.3269,2.43,2020.0,231.161,6400.0,1.62,1.44,0,Cluster 0,1.0646477341122413,1,False,Normal
Kepler-1936 b,Kepler-1936,Transit,2021,126.5569992,3.16615594,0.282466,10.2,0.032,524.0,871.096,6501.0,1.419,1.854,1,Cluster 1,1.4408160344757848,1,False,Normal
Kepler-1615 b,Kepler-1615,Transit,2016,47.3126192,2.06,0.18378089,4.9,0.0154,658.0,1393.83,5865.0,1.04,1.05,1,Cluster 1,0.9966608896375406,1,False,Normal
Kepler-327 d,Kepler-327,Transit,2014,13.969457,1.73,0.154,3.64,0.0115,387.0,241.987,3799.0,0.591913,0.492,1,Cluster 1,1.0130007714420488,1,False,Normal
Kepler-1301 b,Kepler-1301,Transit,2016,9.08237046,1.4,0.12489963,2.54,0.008,734.0,854.28,5188.0,0.85,0.81,1,Cluster 1,0.9927194397182421,1,False,Normal
Kepler-784 c,Kepler-784,Transit,2023,17.157236,1.55,0.13828198,3.02,0.00951,844.0,1303.72,5676.0,1.016,1.487,1,Cluster 1,1.1736929153726932,1,False,Normal
Kepler-1553 b,Kepler-1553,Transit,2016,4.24261881,1.15,0.10259613,1.6,0.00505,926.0,692.594,5288.0,0.85,0.81,1,Cluster 1,0.9932844010665587,1,False,Normal
TOI-2227 b,TOI-2227,Transit,2026,4.22175815648,3.09885187,0.27646152,9.79,0.0308,1164.0,165.441,5889.54,1.03,1.20847,1,Cluster 1,1.024417353213851,1,False,Normal
Kepler-1862 b,Kepler-1862,Transit,2021,16.05730057,2.203,0.19653883,5.49,0.0173,645.0,1232.19,5644.0,0.9,0.806,1,Cluster 1,0.9987684981749997,1,False,Normal
Kepler-990 b,Kepler-990,Transit,2016,9.91723428,2.6,0.23195646,7.27,0.0229,903.0,802.163,5948.0,1.05,1.08,1,Cluster 1,0.99159197444142,1,False,Normal
Kepler-1537 b,Kepler-1537,Transit,2016,1.444453798,1.18,0.10527255,1.76,0.00553,1800.0,517.292,5079.0,0.81,0.77,1,Cluster 1,1.0013920973109771,1,False,Normal
HATS-28 b,HATS-28,Transit,2016,3.1810781,13.383546,1.194,213.58176,0.672,1253.0,535.383,5498.0,0.929,0.922,0,Cluster 0,0.9748332999586425,1,False,Normal
HR 858 d,HR 858,Transit,2019,11.230511,2.001,0.17851757,7.1,0.0223391,1061.0,31.964,6354.0,1.204,1.258,1,Cluster 1,1.033822222180393,1,False,Normal
TOI-2193 A b,TOI-2193 A,Transit,2022,2.1225735,19.83989584,1.77,298.75870258,0.94,1763.0,337.064,5966.0,1.082,1.248,0,Cluster 0,1.1291337897252007,1,False,Normal
GJ 9773 b,GJ 9773,Radial Velocity,2025,2965.0,14.2,1.26,172.580825,0.543,59.89,15.9211,3528.0,0.358,0.362,4,Cluster 4,1.0412471340890987,1,False,Normal
Kepler-1785 b,Kepler-1785,Transit,2021,19.58550072,2.70422447,0.24125516,7.77,0.0245,666.0,745.74,5618.0,0.911,0.996,1,Cluster 1,0.9958192221810569,1,False,Normal
Kepler-130 d,Kepler-130,Transit,2014,87.517905,1.64,0.146,3.33,0.0105,451.0,316.663,5884.0,0.927,1.127,1,Cluster 1,1.1902358442938092,1,False,Normal
HD 125136 b,HD 125136,Radial Velocity,2026,849.77,13.3,1.19,718.29219982,2.26,,121.257,4959.0,1.55,5.39,3,Cluster 3,1.3315524798855325,1,False,Normal
HD 13808 c,HD 13808,Radial Velocity,2021,53.753,3.13,0.279,9.96,0.03133751,424.57,28.2305,5035.0,0.771,0.781,1,Cluster 1,1.0182869060398279,1,False,Normal
Kepler-340 b,Kepler-340,Transit,2014,14.844387,2.53,0.226,6.94,0.0218,1092.0,808.762,6620.0,1.65,1.85,1,Cluster 1,1.2182198625343663,1,False,Normal
HD 125271 b,HD 125271,Radial Velocity,2022,14901.99295,12.4,1.11,3465.60094993,10.904,59.78,39.3466,4703.93,0.75,0.751364,0,Cluster 0,1.185099250415777,1,False,Normal
Kepler-1085 b,Kepler-1085,Transit,2016,219.3217528,7.22,0.64412526,41.2,0.13,313.0,1364.53,6000.0,1.11,1.14,0,Cluster 0,1.033480902182848,1,False,Normal
Kepler-1404 b,Kepler-1404,Transit,2016,15.9314739,2.01,0.17932019,4.7,0.0148,596.0,962.183,5261.0,0.84,0.8,1,Cluster 1,0.9832906839996518,1,False,Normal
K2-99 c,K2-99,Radial Velocity,2022,522.2,12.6,1.12,2669.7586188,8.4,390.0,519.229,6069.0,1.44,2.55,0,Cluster 0,1.1639259797485777,1,False,Normal
TOI-1728 b,TOI-1728,Transit,2020,3.49151,5.05,0.45053082,26.78,0.08425888,767.0,60.798,3980.0,0.646,0.6243,1,Cluster 1,1.1651959871174475,1,False,Normal
HATS-74 A b,HATS-74 A,Transit,2021,1.73185606,11.56766808,1.032,464.02947422,1.46,895.1,299.389,3776.9,0.601,0.5758,0,Cluster 0,1.0150702143899235,1,False,Normal
Kepler-1207 b,Kepler-1207,Transit,2016,13.68237119,1.62,0.14452672,3.26,0.0102,802.0,1754.19,5909.0,1.06,1.06,1,Cluster 1,0.9867603067127714,1,False,Normal
Kepler-1636 b,Kepler-1636,Transit,2016,425.47785,3.23,0.2881613,10.5,0.0331,248.0,1947.54,5797.0,1.01,1.02,1,Cluster 1,1.1673352725246258,1,False,Normal
Kepler-1267 b,Kepler-1267,Transit,2016,13.0313945,3.01,0.26853421,9.32,0.0293,774.0,1379.43,6096.0,1.15,1.2,1,Cluster 1,1.023320068949383,1,False,Normal
K2-73 c,K2-73,Radial Velocity,2025,1000.0,13.0,1.16,1142.0,3.59313383,186.1,269.183,5867.0,1.02,1.058,0,Cluster 0,0.990124271052027,1,False,Normal
Kepler-1795 b,Kepler-1795,Transit,2021,13.36019993,1.66301611,0.14836462,3.4,0.0107,520.0,,4500.0,0.768,0.688,1,Cluster 1,1.1151930616632293,1,False,Normal
K2-285 b,K2-285,Transit,2018,3.471745,2.59,0.23106432,9.68,0.03045653,1088.9,154.961,4975.0,0.83,0.787,1,Cluster 1,1.1572408972442816,1,False,Normal
WISPIT 1 c,WISPIT 1,Imaging,2025,,12.8,1.14,1684.4905571,5.3,8.21,230.007,4670.0,0.72,1.1161,0,Cluster 0,3.2092350989425236,-1,True,Potential Outlier
TIC 349520724 b,TIC 349520724,Transit,2026,7.94044635021,2.82626313,0.25214274,8.38,0.0264,,241.105,5098.6,0.89,0.818771,1,Cluster 1,1.069407204867565,1,False,Normal
LP 714-47 b,LP 714-47,Transit,2020,4.052032,4.25,0.37916026,28.38,0.08929347,722.8,52.616,4123.0,0.542,0.536,1,Cluster 1,1.202118627780203,1,False,Normal
Kepler-963 b,Kepler-963,Transit,2016,9.97683705,2.66,0.23730931,7.56,0.0238,802.0,771.494,5461.0,0.91,0.87,1,Cluster 1,0.975775294158559,1,False,Normal
XO-2 S b,XO-2 S,Radial Velocity,2014,18.22,10.9,0.971,82.63538582,0.26,706.59,151.398,5325.0,0.98,1.02,0,Cluster 0,1.000989664442756,1,False,Normal
Kepler-1748 b,Kepler-1748,Transit,2021,5.823520184,2.71275017,0.24201578,7.81,0.0246,955.0,1083.28,5774.0,0.916,0.864,1,Cluster 1,1.0634851121308655,1,False,Normal
Kepler-336 d,Kepler-336,Transit,2014,20.678772,2.37,0.211,6.21,0.0195,749.0,768.86,5867.0,1.09,1.304,1,Cluster 1,0.9995908541560011,1,False,Normal
Kepler-712 b,Kepler-712,Transit,2016,21.02247699,3.41,0.30421982,11.5,0.0363,521.0,872.493,5148.0,0.84,0.78,1,Cluster 1,1.0555960246863394,1,False,Normal
TOI-4364 b,TOI-4364,Transit,2025,5.424019,2.01,0.1793205,4.7,0.0148,488.0,43.9662,3528.0,0.487,0.4684,1,Cluster 1,1.0135608478822185,1,False,Normal
TOI-5628 A b,TOI-5628 A,Transit,2026,4.3416612,8.29464572,0.74,28.60455663,0.09,492.0,110.03,3310.0,0.36,0.35,0,Cluster 0,1.276417785237216,1,False,Normal
EPIC 201427007 b,EPIC 201427007,Transit,2021,0.72091,1.5,0.13382127,2.86,0.00899,,706.391,5633.0,0.93,0.94,1,Cluster 1,0.9823278503980204,1,False,Normal
TOI-2992 b,TOI-2992,Transit,2025,3.007812,13.75341932,1.227,1058.36859531,3.33,1726.0,542.026,6000.0,1.21,1.545,0,Cluster 0,1.1380614514474185,1,False,Normal
K2-268 b,K2-268,Transit,2018,2.151676,1.5,0.13382127,2.86,0.00899,1136.0,327.783,5106.0,0.84,0.78,1,Cluster 1,1.0087275243495901,1,False,Normal
Kepler-1096 b,Kepler-1096,Transit,2016,2.892217506,1.24,0.11062539,2.07,0.00651,794.0,377.976,4306.0,0.66,0.63,1,Cluster 1,1.0089765420485848,1,False,Normal
TOI-615 b,TOI-615,Transit,2023,4.6615983,18.97680433,1.693,138.25535705,0.435,1666.0,360.408,6850.0,1.449,1.732,0,Cluster 0,1.0906343369647278,1,False,Normal
HAT-P-28 b,HAT-P-28,Transit,2011,3.257215,13.585,1.212,198.953,0.626,1384.0,401.319,5680.0,1.025,1.103,0,Cluster 0,0.9565800240456905,1,False,Normal
Kepler-667 b,Kepler-667,Transit,2016,41.43962808,4.73,0.42198234,20.1,0.0632,516.0,2302.45,5327.0,0.91,0.87,1,Cluster 1,1.081476265711643,1,False,Normal
Kepler-557 b,Kepler-557,Transit,2016,3.705989551,2.67,0.23820145,7.61,0.0239,1281.0,2097.12,6068.0,1.11,1.16,1,Cluster 1,1.055400279696041,1,False,Normal
EPIC 206024342 d,EPIC 206024342,Transit,2021,14.647531,2.6,0.23195686,7.27,0.0229,,369.888,5724.0,0.928,1.1,1,Cluster 1,1.0061273866844624,1,False,Normal
rho CrB c,rho CrB,Radial Velocity,2016,102.036,5.68,0.507,27.442,0.08634219,448.1,17.4671,5817.0,1.0,1.3617,0,Cluster 0,1.053360324920108,1,False,Normal
Kepler-483 b,Kepler-483,Transit,2016,30.229104,3.21,0.28637702,10.4,0.0327,755.0,860.355,6346.0,1.28,1.47,1,Cluster 1,1.1499491163208178,1,False,Normal
HD 73534 b,HD 73534,Radial Velocity,2008,1750.0,13.7,1.23,353.42696,1.112,220.25,83.3321,4917.0,1.16,2.58,0,Cluster 0,1.4362104133408877,1,False,Normal
HD 35843 b,HD 35843,Radial Velocity,2025,9.8991,2.29,0.204,5.84,0.01837469,872.3,69.6026,5666.0,0.94,0.897,1,Cluster 1,1.0023945883088161,1,False,Normal
Kepler-116 b,Kepler-116,Transit,2014,5.968734,3.42,0.305,11.6,0.0364,1251.0,955.168,6142.0,1.198,1.454,1,Cluster 1,1.0517318247560095,1,False,Normal
HAT-P-62 b,HAT-P-62,Transit,2021,2.6453235,12.02723629,1.073,241.86741773,0.761,1512.0,348.815,5629.0,1.023,1.17,0,Cluster 0,1.0819239002294188,1,False,Normal
TOI-3896 b,TOI-3896,Transit,2026,4.37730369667,3.14949237,0.28097937,10.1,0.0317,966.0,181.653,5110.91,0.86,0.747752,1,Cluster 1,1.0568023820233194,1,False,Normal
Kepler-443 b,Kepler-443,Transit,2015,177.6693,2.33,0.21,6.04,0.019,233.0,802.271,4723.0,0.738,0.706,1,Cluster 1,1.051573955390722,1,False,Normal
TOI-4504 d,TOI-4504,Transit Timing Variations,2024,41.2871975,11.26,1.00455164,643.0,2.02,524.8,342.605,5315.0,0.875,0.93,0,Cluster 0,1.1172443329876858,1,False,Normal
HD 150010 b,HD 150010,Radial Velocity,2022,562.0,13.3,1.18,762.7881768,2.4,681.22,144.49,4153.0,1.3,16.2,3,Cluster 3,1.3233035375359958,1,False,Normal
Kepler-552 b,Kepler-552,Transit,2016,5.263415765,3.95,0.3523954,14.8,0.0465,1103.0,843.689,5863.0,1.03,1.04,1,Cluster 1,1.0891633252700554,1,False,Normal
TOI-2719 b,TOI-2719,Transit,2025,3.37594,5.98,0.53350078,29.9,0.0941,1710.0,588.368,5762.0,1.02,1.69,1,Cluster 1,1.4017429963050139,1,False,Normal
HD 23596 b,HD 23596,Radial Velocity,2003,1535.11912,12.4,1.1,3786.607641,11.914,219.49,52.0018,6040.0,1.1,1.53,0,Cluster 0,1.0342962354994187,1,False,Normal
K2-347 b,K2-347,Transit,2021,7.187257,2.41,0.21500617,6.39,0.0201,640.0,320.336,4599.0,0.66,0.63,1,Cluster 1,1.0337575138966533,1,False,Normal
Kepler-812 b,Kepler-812,Transit,2016,10.11716531,3.55,0.31670979,12.3,0.0388,1163.0,1482.74,6761.0,1.45,1.71,1,Cluster 1,1.204834996592913,1,False,Normal
TOI-2266 b,TOI-2266,Transit,2024,2.326318,1.54,0.13738983,2.99,0.0094,550.0,51.6004,3200.0,0.23,0.24,1,Cluster 1,1.0478821955825695,1,False,Normal
Kepler-1187 b,Kepler-1187,Transit,2016,18.87064068,2.61,0.2328486,7.32,0.023,701.0,1020.53,5975.0,1.06,1.09,1,Cluster 1,0.9963886101859201,1,False,Normal
Kepler-1547 b,Kepler-1547,Transit,2016,0.692979676,0.9,0.08029262,0.666,0.0021,3186.0,674.695,6078.0,1.12,1.18,1,Cluster 1,2.780598625729817,-1,True,Potential Outlier
Kepler-170 b,Kepler-170,Transit,2014,7.930592,3.2,0.285,82.6,0.26,899.0,738.657,5679.0,1.066,1.035,1,Cluster 1,1.6928218817531768,-1,True,Potential Outlier
GJ 15 A b,GJ 15 A,Radial Velocity,2014,11.4407,1.55,0.139,3.03,0.0095334,550.0,3.56228,3607.0,0.38,0.38,1,Cluster 1,1.0020178799506256,1,False,Normal
Kepler-100 b,Kepler-100,Transit,2014,6.88734,1.34,0.119547,4.01,0.01261687,1155.0,304.645,5837.0,1.13,1.51,1,Cluster 1,1.5665036044816136,-1,True,Potential Outlier
Kepler-1258 b,Kepler-1258,Transit,2016,0.984940167,0.86,0.07672406,0.566,0.00178,2335.0,717.555,5839.0,0.99,0.99,1,Cluster 1,1.0658770630166259,1,False,Normal
NSVS 14256825 b,NSVS 14256825,Eclipse Timing Variations,2019,3225.0,12.3,1.1,4497.2945,14.15,473.47,820.877,40000.0,0.419,0.188,7,Cluster 7,2.750088174947629,-1,True,Potential Outlier
TOI-1266 b,TOI-1266,Transit,2020,10.8945,2.52,0.22481973,4.46,0.01403273,415.0,36.0118,3563.0,0.437,0.4232,1,Cluster 1,1.0158433746947275,1,False,Normal
Kepler-659 b,Kepler-659,Transit,2016,17.671796,2.5,0.22303506,6.8,0.0214,513.0,722.64,4870.0,0.79,0.74,1,Cluster 1,0.9944812188110757,1,False,Normal
GJ 27.1 b,GJ 27.1,Radial Velocity,2014,15.819,3.66,0.327,13.0,0.04090237,387.13,23.6062,3542.0,0.53,0.518887,1,Cluster 1,1.2729036057603063,1,False,Normal
TOI-4495 c,TOI-4495,Transit,2024,5.18553,4.03,0.35953314,23.2,0.07299536,1365.0,132.214,6210.0,1.247,1.309,1,Cluster 1,1.165897162276571,1,False,Normal
Kepler-798 b,Kepler-798,Transit,2016,13.71933369,2.39,0.21322152,6.3,0.0198,864.0,972.274,6224.0,1.19,1.29,1,Cluster 1,1.020041665246508,1,False,Normal
TOI-5082.01,TOI-5082,Transit,2024,4.240122,2.54811,0.22708083,7.03,0.0221,1164.91,43.1406,5670.0,0.99665,0.93,1,Cluster 1,1.0234821194144401,1,False,Normal
Kepler-364 c,Kepler-364,Transit,2014,59.980627,2.15,0.192,5.27,0.0166,568.0,891.462,6108.0,1.076,1.284,1,Cluster 1,1.0904047342652141,1,False,Normal
TOI-1260 d,TOI-1260,Transit,2022,16.608164,3.12,0.27834824,11.84,0.03725281,499.0,73.5977,4227.0,0.679,0.672,1,Cluster 1,1.0590597165568914,1,False,Normal
HD 50499 b,HD 50499,Radial Velocity,2005,2447.1,13.5,1.2,519.96988,1.636,174.69,46.2845,6102.0,1.253,1.351,0,Cluster 0,1.065031697591007,1,False,Normal
HD 20794 f,HD 20794,Radial Velocity,2025,647.6,2.28,0.203,5.82,0.01831177,214.52,6.00278,5368.0,0.79,0.93,1,Cluster 1,1.2271270951380933,1,False,Normal
Kepler-1595 b,Kepler-1595,Transit,2016,4.56380468,1.23,0.10973325,2.04,0.00642,980.0,845.022,5203.0,0.84,0.8,1,Cluster 1,0.9835387907498159,1,False,Normal
HD 99109 b,HD 99109,Radial Velocity,2005,439.29999,14.3,1.28,139.8452,0.44,239.32,54.7901,5282.0,0.76,0.98,0,Cluster 0,1.0573281485458688,1,False,Normal
KOI-3503 b,KOI-3503,Transit,2021,21.185,1.19,0.10616487,9.2,0.02894644,785.0,887.064,6001.0,0.858,1.255,1,Cluster 1,1.5323230756493613,-1,True,Potential Outlier
Kepler-526 b,Kepler-526,Transit,2016,5.458498316,1.99,0.17753591,4.62,0.0145,1099.0,666.146,5894.0,1.15,1.14,1,Cluster 1,1.04787566382186,1,False,Normal
HD 28109 c,HD 28109,Transit,2022,55.99712,4.13,0.36845456,9.2,0.02894644,643.0,139.611,6189.0,1.227,1.425,1,Cluster 1,1.1797818441448027,1,False,Normal
K2-11 b,K2-11,Transit,2015,39.93767,7.55,0.67356588,44.4,0.14,734.0,329.309,5433.0,1.35,5.15,1,Cluster 1,1.7572833906750884,-1,True,Potential Outlier
KOI-319 c,KOI-319,Transit Timing Variations,2014,80.099,11.9,1.06,8803.8468739,27.7,,660.138,5880.0,1.325,2.064,0,Cluster 0,1.092008618942803,1,False,Normal
KOI-319 b,KOI-319,Transit,2014,46.14827,10.67,0.95191528,3178.28407,10.0,703.0,660.138,5880.0,1.325,2.064,0,Cluster 0,1.4455519547585118,1,False,Normal
TOI-1743 b,TOI-1743,Transit,2025,4.266046,1.83,0.16326195,4.01,0.0126,485.0,41.2758,3277.0,0.339,0.338,1,Cluster 1,0.998889747979644,1,False,Normal
Kepler-1837 b,Kepler-1837,Transit,2021,5.906089783,2.06673842,0.18438237,4.92,0.0155,1012.0,1229.18,5966.0,1.049,0.961,1,Cluster 1,0.9818582355997038,1,False,Normal
Kepler-1986 b,Kepler-1986,Transit,2023,19.5489666,1.89,0.1686148,4.23,0.0133,579.0,912.085,5549.0,0.776,0.732,1,Cluster 1,1.2417571235338292,1,False,Normal
Kepler-696 b,Kepler-696,Transit,2016,4.190425575,6.14,0.54777411,31.3,0.0984,1234.0,1416.44,5903.0,1.06,1.08,1,Cluster 1,1.1428269135771951,1,False,Normal
Kepler-189 c,Kepler-189,Transit,2014,20.134866,2.38,0.212,22.7,0.071,544.0,591.534,5235.0,0.803,0.75,1,Cluster 1,1.4404321034504821,1,False,Normal
HD 105618 b,HD 105618,Radial Velocity,2022,10.02245,5.44,0.485,25.42627256,0.08,1023.19,70.0837,5671.0,1.01,1.27399,1,Cluster 1,1.0984950352453855,1,False,Normal
TOI-1301.01,TOI-1301,Transit,2024,6.096407209,2.477,0.22098352,6.7,0.0211,737.36,90.8693,4820.0,0.77,0.732,1,Cluster 1,0.9986916544452018,1,False,Normal
Kepler-1497 b,Kepler-1497,Transit,2016,8.74199772,1.66,0.14809528,3.39,0.0107,924.0,1122.0,5675.0,0.96,0.95,1,Cluster 1,1.0256574427772445,1,False,Normal
EPIC 212624936 b,EPIC 212624936,Transit,2021,0.578657,1.2,0.10705701,1.87,0.00588,,561.929,5765.0,1.0,0.93,1,Cluster 1,1.071097188124792,1,False,Normal
Kepler-194 b,Kepler-194,Transit,2014,2.092281,1.51,0.135,2.89,0.00909,1648.0,1097.97,6089.0,0.94,1.025,1,Cluster 1,1.0636402226564186,1,False,Normal
Kepler-661 b,Kepler-661,Transit,2016,6.029301321,3.07,0.27388706,9.64,0.0303,678.0,534.788,4483.0,0.7,0.67,1,Cluster 1,1.0252932464646582,1,False,Normal
Kepler-529 c,Kepler-529,Transit,2016,12.8345022,2.0,0.17842805,4.66,0.0147,891.0,799.008,6087.0,1.07,1.14,1,Cluster 1,0.9952937546575186,1,False,Normal
HAT-P-61 b,HAT-P-61,Transit,2021,1.90231289,10.07687365,0.899,335.9446262,1.057,1505.0,338.84,5587.0,1.004,0.938,0,Cluster 0,1.0824103830908942,1,False,Normal
TOI-2589 b,TOI-2589,Transit,2023,61.6277,12.10569916,1.08,1112.3994245,3.5,592.0,200.273,5579.0,0.93,1.07,0,Cluster 0,1.1020985730029556,1,False,Normal
HD 95872 b,HD 95872,Radial Velocity,2015,4375.0,13.0,1.16,1188.6842,3.74,103.45,72.2195,5312.0,0.7,0.84,0,Cluster 0,1.1077643670023714,1,False,Normal
Kepler-1412 b,Kepler-1412,Transit,2016,3.6146051,0.83,0.07404764,0.498,0.00157,1397.0,755.678,5880.0,1.06,1.27,1,Cluster 1,1.0301580116615412,1,False,Normal
Kepler-760 c,Kepler-760,Transit,2016,2.46697439,1.48,0.13203676,2.79,0.00879,1139.0,792.336,5322.0,0.89,0.85,1,Cluster 1,0.9847235853058617,1,False,Normal
2MASS J0249-0557 c,2MASS J0249-0557 A,Imaging,2018,,17.37392009,1.55,3616.88727166,11.38,1723.0,66.0613,2859.0,0.046,0.315959,0,Cluster 0,1.7553540317375274,-1,True,Potential Outlier
TOI-4504 c,TOI-4504,Transit,2024,82.819093,11.17,0.99652237,821.0,2.58,412.5,342.605,5315.0,0.875,0.93,0,Cluster 0,1.2132345263516735,1,False,Normal
Kepler-1540 b,Kepler-1540,Transit,2016,125.4131177,2.49,0.22214292,6.76,0.0213,266.0,244.96,4540.0,0.74,0.69,1,Cluster 1,1.0537059933193642,1,False,Normal
TIC 445839811 b,TIC 445839811,Transit,2026,11.1086260318,2.47771211,0.22104705,6.7,0.0211,,235.655,5408.25,0.95,0.850041,1,Cluster 1,1.0006489096004754,1,False,Normal
Kepler-225 c,Kepler-225,Transit,2014,18.794234,1.84,0.164,4.04,0.0127,412.0,561.101,3682.0,0.593,0.48,1,Cluster 1,1.0172769899315581,1,False,Normal
Kepler-180 b,Kepler-180,Transit,2014,13.817124,1.5,0.134,2.86,0.00899,781.0,695.65,5731.0,0.95,1.063,1,Cluster 1,0.9901287359800323,1,False,Normal
HD 18438 b,HD 18438,Radial Velocity,2023,803.0,12.1,1.08,6674.396547,21.0,1208.15,224.146,3860.0,1.84,88.475,3,Cluster 3,2.1626776638485192,-1,True,Potential Outlier
HD 154088 b,HD 154088,Radial Velocity,2021,18.56,2.46,0.219,6.6,0.02076592,689.99,18.2692,5374.0,0.91,0.95,1,Cluster 1,1.0073399602848294,1,False,Normal
HD 24064 b,HD 24064,Radial Velocity,2015,535.59998,12.3,1.1,4096.8287,12.89,1088.02,300.247,4052.0,1.61,40.0,3,Cluster 3,1.125763422493981,1,False,Normal
Kepler-1349 b,Kepler-1349,Transit,2016,2.12823928,0.7,0.06244982,0.271,0.000852,1668.0,276.323,6086.0,1.16,1.28,1,Cluster 1,0.9989225243785349,1,False,Normal
HD 29399 b,HD 29399,Radial Velocity,2022,892.7,13.5,1.21,498.99059899,1.57,358.32,44.1518,4845.0,1.17,4.5,3,Cluster 3,1.1291076764728702,1,False,Normal
TOI-4511 b,TOI-4511,Transit,2026,10.98090968596,2.75304932,0.24561103,8.01,0.0252,1542.0,121.832,5418.77,1.017,1.00145,1,Cluster 1,1.1215993344723718,1,False,Normal
KOI-134 c,KOI-134,Transit Timing Variations,2025,33.95,9.86,0.88,69.92224954,0.22,798.82,1159.21,6160.0,1.407,1.667,0,Cluster 0,1.132490286102081,1,False,Normal
Kepler-1306 b,Kepler-1306,Transit,2016,16.29595382,1.91,0.17039879,4.31,0.0136,678.0,1107.5,5727.0,0.98,0.97,1,Cluster 1,1.0247236440220793,1,False,Normal
TOI-2200 b,TOI-2200,Transit,2026,2.93602836512,6.96310517,0.6212077,38.7,0.122,1147.0,251.245,5036.17,0.85,0.826247,1,Cluster 1,1.1582659950579055,1,False,Normal
K2-285 c,K2-285,Transit,2018,7.138048,3.53,0.31492551,15.68,0.04933455,741.4,154.961,4975.0,0.83,0.787,1,Cluster 1,1.1368786976863503,1,False,Normal
Kepler-345 b,Kepler-345,Transit,2014,7.415563,0.74,0.066,0.48,0.00151025,622.0,260.0,4504.0,0.61,0.623,1,Cluster 1,1.1717577671094068,1,False,Normal
Kepler-539 c,Kepler-539,Transit Timing Variations,2016,1000.0,13.3,1.18,762.792,2.4,253.0,307.318,5820.0,1.048,0.952,0,Cluster 0,1.0646474187188404,1,False,Normal
HD 33844 b,HD 33844,Radial Velocity,2015,551.40002,13.4,1.19,638.8383,2.01,430.22,105.779,4861.0,1.84,5.39,3,Cluster 3,1.2654181929042074,1,False,Normal
GJ 317 c,GJ 317,Radial Velocity,2016,6500.0,13.6,1.21,454.49462201,1.43,47.67,15.1968,3496.0,0.402,0.403,4,Cluster 4,1.0162246202188892,1,False,Normal
Kepler-467 b,Kepler-467,Transit,2016,24.99324193,2.25,0.20073156,5.69,0.0179,712.0,466.265,5809.0,1.05,1.37,1,Cluster 1,1.006080978800712,1,False,Normal
Kepler-964 b,Kepler-964,Transit,2016,13.5225106,2.12,0.18913373,5.14,0.0162,652.0,454.626,5427.0,0.93,0.84,1,Cluster 1,1.0028857818485886,1,False,Normal
TOI-1386 c,TOI-1386,Radial Velocity,2024,232.0,10.3,0.918,75.2,0.23660566,327.4,146.858,5735.0,1.0363,1.0235,0,Cluster 0,1.0193785265345663,1,False,Normal
HD 99706 c,HD 99706,Radial Velocity,2016,1278.0,12.8,1.14,1808.4527,5.69,,146.6,4891.0,1.72,5.4,3,Cluster 3,1.3640985631410374,1,False,Normal
Kepler-1262 b,Kepler-1262,Transit,2016,8.67900242,1.82,0.16236952,3.97,0.0125,949.0,1054.87,5771.0,0.99,0.98,1,Cluster 1,0.9910004015506415,1,False,Normal
BEBOP-3 b,BEBOP-3,Radial Velocity,2025,547.0,14.2,1.26,177.34825111,0.558,287.88,119.052,6033.0,1.083,1.414,0,Cluster 0,1.0183190300591192,1,False,Normal
Kepler-1071 b,Kepler-1071,Transit,2016,6.1799844,2.38,0.21232938,6.26,0.0197,814.0,1042.27,5215.0,0.86,0.81,1,Cluster 1,0.9842876786603888,1,False,Normal
TOI-1806.01,TOI-1806,Transit,2024,15.1454693,3.4095367,0.30384891,11.5,0.0362,337.47,55.5211,3272.0,0.392935,0.401575,1,Cluster 1,1.0608827210983232,1,False,Normal
Kepler-1809 b,Kepler-1809,Transit,2021,3.7572999,1.513,0.13498105,2.9,0.00912,877.0,409.602,4901.0,0.807,0.716,1,Cluster 1,1.0079435392413292,1,False,Normal
K2-242 b,K2-242,Transit,2018,6.51389,2.54,0.22660362,6.99,0.022,416.0,109.237,3459.0,0.38,0.37,1,Cluster 1,0.988862236147303,1,False,Normal
TIC 77319217 b,TIC 77319217,Transit,2026,7.54830765124,3.10879526,0.27734861,9.85,0.031,,267.62,5961.52,1.16,1.18439,1,Cluster 1,1.039034944935422,1,False,Normal
Kepler-649 b,Kepler-649,Transit,2016,29.90722674,2.26,0.2016237,5.73,0.018,564.0,513.748,5871.0,0.97,0.94,1,Cluster 1,1.0383932644817526,1,False,Normal
HAT-P-55 b,HAT-P-55,Transit,2015,3.5852313,14.84069045,1.324,189.42573057,0.596,1367.0,511.388,5804.0,1.028,1.105,0,Cluster 0,0.9938220660067613,1,False,Normal
Kepler-344 c,Kepler-344,Transit,2014,125.596809,2.95,0.263,9.01,0.0283,360.0,1002.94,5774.0,0.931,0.976,1,Cluster 1,0.9948900870723916,1,False,Normal
HIP 65891 b,HIP 65891,Radial Velocity,2015,1089.6,12.7,1.14,1938.7532827,6.1,429.05,150.292,5000.0,2.5,8.93,3,Cluster 3,1.413558475717863,1,False,Normal
GJ 4274 c,GJ 4274,Radial Velocity,2026,69.57,2.83,0.252,8.39,0.02639789,157.32,7.23556,3228.0,0.18,0.19,1,Cluster 1,1.3007981353518852,1,False,Normal
Kepler-1111 b,Kepler-1111,Transit,2016,8.79617863,2.0,0.17842805,4.66,0.0147,938.0,841.536,6077.0,1.1,1.15,1,Cluster 1,0.981212932335007,1,False,Normal
Kepler-172 b,Kepler-172,Transit,2014,2.940309,2.35,0.21,6.12,0.0193,1256.0,828.592,5526.0,1.081,1.085,1,Cluster 1,1.2981784041981719,1,False,Normal
K2-139 b,K2-139,Transit,2017,28.380619,9.11,0.81273976,123.00021,0.387,524.0,153.856,5370.0,0.96,0.88,0,Cluster 0,1.004804490242753,1,False,Normal
HD 64121 b,HD 64121,Radial Velocity,2022,623.0,13.2,1.18,813.64072192,2.56,464.77,129.966,5078.0,1.64,5.44,3,Cluster 3,1.1037294261838295,1,False,Normal
Kepler-902 b,Kepler-902,Transit,2016,40.1099547,2.54,0.22660362,6.99,0.022,556.0,1165.34,5647.0,0.95,0.93,1,Cluster 1,0.975572032614909,1,False,Normal
Kepler-894 b,Kepler-894,Transit,2016,9.803224,2.78,0.24801499,8.15,0.0256,896.0,1162.91,5603.0,0.87,0.85,1,Cluster 1,1.0378707889628216,1,False,Normal
Kepler-1794 b,Kepler-1794,Transit,2021,9.762980461,1.79426276,0.16007368,3.87,0.0122,703.0,561.229,5052.0,0.773,0.816,1,Cluster 1,1.014321117024928,1,False,Normal
TOI-1064 b,TOI-1064,Transit,2022,6.443868,2.587,0.23079708,13.5,0.04247575,784.0,68.0726,4734.0,0.748,0.726,1,Cluster 1,1.1481834054901294,1,False,Normal
Kepler-884 b,Kepler-884,Transit,2016,5.69919514,1.23,0.10973325,2.04,0.00642,964.0,476.733,5715.0,1.0,0.94,1,Cluster 1,0.9869848671308814,1,False,Normal
Kepler-1019 b,Kepler-1019,Transit,2016,1.411229847,1.46,0.13025248,2.73,0.00859,1164.0,194.182,4433.0,0.7,0.67,1,Cluster 1,1.145921764851391,1,False,Normal
WASP-28 b,WASP-28,Transit,2014,3.40883495,13.66374747,1.219,282.54945382,0.889,1456.0,348.494,6084.0,0.993,1.083,0,Cluster 0,1.0242364071173866,1,False,Normal
GJ 3341 b,GJ 3341,Radial Velocity,2015,14.207,2.46,0.219,6.6,0.0208,377.62,23.619,3526.0,0.47,0.439,1,Cluster 1,0.9971293770142792,1,False,Normal
TOI-4552 b,TOI-4552,Transit,2026,0.30110032,1.11,0.09902774,1.83,0.00575782,1122.0,27.2684,3258.0,0.2619,0.2869,1,Cluster 1,1.4577555671184075,1,False,Normal
GJ 1289 b,GJ 1289,Radial Velocity,2024,111.74,2.38,0.213,6.27,0.01972763,150.0,8.35147,3296.0,0.21,0.245012,1,Cluster 1,1.250268268031043,1,False,Normal
Kepler-555 b,Kepler-555,Transit,2016,16.21775407,2.83,0.25247569,8.4,0.0264,664.0,973.121,5894.0,1.03,1.04,1,Cluster 1,0.9974630411325321,1,False,Normal
Kepler-683 b,Kepler-683,Transit,2016,2.539183179,1.97,0.17575163,4.54,0.0143,1332.0,1023.07,5703.0,0.96,0.95,1,Cluster 1,0.9960013108829695,1,False,Normal
HATS-10 b,HATS-10,Transit,2015,3.312846,10.861521,0.969,167.17858,0.526,1407.0,534.889,5880.0,1.101,1.105,0,Cluster 0,1.0194117701163268,1,False,Normal
Kepler-1977 b,Kepler-1977,Transit,2023,4.53702121,1.66,0.14809554,3.39,0.0107,798.0,592.711,4805.0,0.769,0.688,1,Cluster 1,0.9699991584296861,1,False,Normal
Kepler-715 b,Kepler-715,Transit,2016,10.00652995,3.75,0.33455259,13.5,0.0426,876.0,1327.44,5871.0,1.04,1.04,1,Cluster 1,1.1165613323511896,1,False,Normal
HD 127195 c,HD 127195,Radial Velocity,2026,836.99,14.1,1.25,206.58846455,0.65,,84.7167,4981.0,1.34,4.16,3,Cluster 3,1.6743734336225802,-1,True,Potential Outlier
Kepler-164 d,Kepler-164,Transit,2014,28.986769,2.45,0.219,6.57,0.0207,637.0,890.758,5888.0,1.036,1.148,1,Cluster 1,0.9866793357554746,1,False,Normal
Kepler-786 b,Kepler-786,Transit,2016,53.5293487,2.43,0.21679008,6.48,0.0204,348.0,485.318,4838.0,0.81,0.74,1,Cluster 1,0.9778608517815603,1,False,Normal
TOI-3785 b,TOI-3785,Transit,2023,4.6747373,5.14,0.45856088,14.95,0.04703796,582.0,79.7634,3576.0,0.52,0.5,1,Cluster 1,1.1309638888018474,1,False,Normal
WASP-145 A b,WASP-145 A,Transit,2018,1.7690381,10.0881,0.9,282.8687,0.89,1200.0,91.299,4900.0,0.76,0.68,0,Cluster 0,1.1214877432810202,1,False,Normal
WASP-136 b,WASP-136,Transit,2016,5.21536178778,16.81347105,1.5,479.92089457,1.51,1630.0,275.587,6250.0,1.41,2.39014,0,Cluster 0,1.0647403132539088,1,False,Normal
HATS-12 b,HATS-12,Transit,2016,3.142702,7.76,0.69230083,759.6137,2.39,1446.0,746.138,6357.0,1.16,1.17,1,Cluster 1,1.5099856521173316,-1,True,Potential Outlier
TOI-1296 b,TOI-1296,Transit,2021,3.9443736,14.11645916,1.2593883,95.3,0.29984733,1414.84,323.265,5567.0,1.1576,1.7031,0,Cluster 0,1.0681437088396017,1,False,Normal
HD 98736 b,HD 98736,Radial Velocity,2018,968.8,13.3,1.19,740.5439,2.33,179.53,32.4459,5271.0,0.92,0.93,0,Cluster 0,0.9916571265004113,1,False,Normal
Kepler-1136 b,Kepler-1136,Transit,2016,2.361724329,1.64,0.146311,3.33,0.0105,922.0,491.406,4512.0,0.72,0.68,1,Cluster 1,1.0460143435183151,1,False,Normal
GJ 667 C f,GJ 667 C,Radial Velocity,2013,39.026,1.45,0.129,2.7,0.008,,7.24396,3350.0,0.33,,1,Cluster 1,1.0037680562768185,1,False,Normal
Kepler-635 b,Kepler-635,Transit,2016,23.44971004,2.64,0.23552502,7.46,0.0235,802.0,1141.08,6174.0,1.33,1.51,1,Cluster 1,1.2175095530208917,1,False,Normal
TOI-1279 b,TOI-1279,Transit,2024,9.61419,2.66146528,0.23744044,10.6,0.03335133,759.0,107.055,5457.0,0.8784,0.8426,1,Cluster 1,1.0762060307938135,1,False,Normal
Kepler-468 b,Kepler-468,Transit,2016,38.478757067,13.34,1.19011509,,,484.0,442.871,5498.0,0.96,0.87,0,Cluster 0,1.0282572604775555,1,False,Normal
DE CVn b,DE CVn,Eclipse Timing Variations,2018,4098.1,12.4,1.1,3823.27330161,12.02930278,46.91,30.5225,3579.0,0.51,0.424754,4,Cluster 4,1.0239982621713266,1,False,Normal
TOI-682.01,TOI-682,Transit,2021,6.8392388,3.74186,0.33382696,13.5,0.0424,1090.0,83.1548,5085.0,0.85,1.08,1,Cluster 1,1.1973596613965776,1,False,Normal
USco CTIO 108 b,USco CTIO 108,Imaging,2008,,12.3,1.1,4449.62,14.0,2.96,144.019,2700.0,0.06,0.345365,0,Cluster 0,1.838927179992444,-1,True,Potential Outlier
Kepler-1496 b,Kepler-1496,Transit,2016,64.6588017,2.22,0.19805513,5.56,0.0175,535.0,1307.66,6182.0,1.18,1.27,1,Cluster 1,0.999577147560672,1,False,Normal
HD 102272 b,HD 102272,Radial Velocity,2008,127.58,12.9,1.15,1570.0802,4.94,1038.01,347.097,4790.0,1.45,10.3,3,Cluster 3,0.9758664662688054,1,False,Normal
Kepler-366 c,Kepler-366,Transit,2014,12.51616,1.79,0.16,3.86,0.0121,848.0,1856.28,6209.0,1.088,1.048,1,Cluster 1,1.0451509256033835,1,False,Normal
KOI-2513.01,KOI-2513,Transit,2023,19.00547,2.80224517,0.25,7310.053361,23.0,758.0,1369.87,5900.0,0.91,1.2,2,Cluster 2,14.087861320590289,-1,True,Potential Outlier
Kepler-537 b,Kepler-537,Transit,2016,3.247555219,1.41,0.12579177,2.57,0.00809,1181.0,439.4,5763.0,1.07,0.99,1,Cluster 1,1.0102246652521225,1,False,Normal
GJ 3323 b,GJ 3323,Radial Velocity,2017,5.3636,1.23,0.109,2.02,0.0063556,290.06,5.37484,3159.0,0.164,0.119,1,Cluster 1,0.9952468696744768,1,False,Normal
HAT-P-46 b,HAT-P-46,Transit,2014,4.463129,14.392,1.284,156.684,0.493,1458.0,290.736,6120.0,1.284,1.396,0,Cluster 0,0.9872842666848177,1,False,Normal
TOI-4495 b,TOI-4495,Transit,2026,2.56699,2.483,0.2215188,7.7,0.02422691,1735.0,132.214,6210.0,1.247,1.309,1,Cluster 1,1.0497740424767943,1,False,Normal
Kepler-1761 b,Kepler-1761,Transit,2021,4.043540001,1.39109603,0.12410549,2.51,0.00791,613.0,221.186,3871.0,0.573,0.532,1,Cluster 1,1.0070132888946501,1,False,Normal
NGTS-6 b,NGTS-6,Transit,2019,0.882059,14.863134,1.326,425.57437,1.339,1283.9,308.262,4730.0,0.767,0.754,0,Cluster 0,1.3700704999540094,1,False,Normal
Kepler-920 c,Kepler-920,Transit,2016,100.8274113,3.8,0.33901329,13.8,0.0436,364.0,1001.68,5403.0,0.89,0.85,1,Cluster 1,1.0251891997840372,1,False,Normal
Kepler-818 b,Kepler-818,Transit,2016,10.035385814,5.11,0.45588366,22.9,0.072,786.0,925.037,5638.0,0.94,0.92,1,Cluster 1,1.1027126882186673,1,False,Normal
Kepler-139 c,Kepler-139,Transit,2014,157.072878,3.38,0.302,13.0,0.04090257,350.0,391.038,5594.0,1.078,1.3,1,Cluster 1,1.5462292353132192,-1,True,Potential Outlier
Kepler-959 b,Kepler-959,Transit,2016,14.80074836,4.38,0.39075743,17.6,0.0555,1912.0,807.729,7005.0,1.6,2.01,1,Cluster 1,1.558914168421988,-1,True,Potential Outlier
BD-210397 c,BD-210397,Radial Velocity,2023,6240.0,12.9,1.15,1525.5763536,4.8,69.51,23.7324,4051.0,0.69,0.747,0,Cluster 0,1.2089702299330978,1,False,Normal
Kepler-1436 b,Kepler-1436,Transit,2016,9.705716,1.31,0.11687037,2.27,0.00714,1001.0,2530.62,5972.0,1.06,1.09,1,Cluster 1,0.9955377301623448,1,False,Normal
HU Aqr AB c,HU Aqr,Eclipse Timing Variations,2011,4368.0,12.9,1.15,1430.235,4.5,,192.19807871,5952.0,0.88,,0,Cluster 0,1.0348716498086208,1,False,Normal
Kepler-1597 b,Kepler-1597,Transit,2016,2.94654179,1.06,0.09456687,1.2,0.00377,1497.0,1221.05,6377.0,1.25,1.39,1,Cluster 1,1.0930431786113108,1,False,Normal
WASP-83 b,WASP-83,Transit,2015,4.971252,11.65736,1.04,95.349,0.3,1120.0,271.103,5510.0,1.11,1.05,0,Cluster 0,1.0385192608467597,1,False,Normal
HD 116029 c,HD 116029,Radial Velocity,2016,907.0,13.7,1.22,403.6441,1.27,,123.245,4951.0,1.33,4.6,3,Cluster 3,1.6450542524230294,-1,True,Potential Outlier
Kepler-282 e,Kepler-282,Transit,2013,44.347,3.1,0.277,56.2,0.177,484.0,1337.61,5656.0,0.97,0.89,1,Cluster 1,1.849108619551051,-1,True,Potential Outlier
XO-2 S c,XO-2 S,Radial Velocity,2014,120.059,13.6,1.21,438.60320166,1.38,376.79,151.398,5325.0,0.98,1.02,0,Cluster 0,1.1266195348956012,1,False,Normal
Kepler-850 b,Kepler-850,Transit,2016,7.19303878,1.78,0.15880096,3.82,0.012,995.0,1661.28,5932.0,1.06,1.09,1,Cluster 1,0.9807412359216027,1,False,Normal
Kepler-65 d,Kepler-65,Transit,2012,8.13123,1.52,0.136,4.14,0.013,1117.0,303.728,6211.0,1.25,1.41,1,Cluster 1,1.0126498245452933,1,False,Normal
Kepler-1090 b,Kepler-1090,Transit,2016,198.680179,2.25,0.20073156,5.69,0.0179,297.0,858.77,5321.0,0.86,0.82,1,Cluster 1,1.0056828907422721,1,False,Normal
TOI-715 b,TOI-715,Transit,2023,19.288004,1.55,0.13828198,3.02,0.00951,234.0,42.4048,3075.0,0.225,0.24,1,Cluster 1,1.027456740332768,1,False,Normal
GJ 393 b,GJ 393,Radial Velocity,2021,7.02679,1.17,0.104,1.71,0.00538026,485.0,7.03149,3579.0,0.426,0.426,1,Cluster 1,1.0278646078321203,1,False,Normal
Kepler-1680 b,Kepler-1680,Transit,2020,8.77424,1.35954736,0.12129069,2.42,0.00761,771.0,310.315,5021.0,0.834,0.723259,1,Cluster 1,0.9777240953950329,1,False,Normal
Gaia-2 b,Gaia-2,Transit,2022,3.6915224,14.81827249,1.322,259.66580852,0.817,1213.23,209.229,5720.0,1.0,1.064,0,Cluster 0,1.0341992061837508,1,False,Normal
WASP-124 b,WASP-124,Transit,2016,3.37265,13.89916,1.24,190.698,0.6,1400.0,448.637,6050.0,1.07,1.02,0,Cluster 0,0.97760144564245,1,False,Normal
TOI-1439 b,TOI-1439,Transit,2024,27.644,4.2427861,0.37851667,38.5,0.12113455,748.4,230.306,5841.0,1.2313,1.6184,1,Cluster 1,1.2416271105555443,1,False,Normal
GJ 1061 c,GJ 1061,Radial Velocity,2020,6.6821,1.19,0.106,1.81,0.0056949,304.12,3.67278,2953.0,0.12,0.156,1,Cluster 1,1.046044144405912,1,False,Normal
K2-50 b,K2-50,Transit,2016,8.7529,1.59,0.1418503,3.15,0.00993,580.53,257.443,4326.0,0.611,0.546,1,Cluster 1,0.991813803652571,1,False,Normal
Kepler-23 b,Kepler-23,Transit,2011,7.1,1.638,0.14613282,2.56,0.00805466,1157.0,835.756,5828.0,1.078,1.548,1,Cluster 1,1.2884814732373202,1,False,Normal
Kepler-257 b,Kepler-257,Transit,2014,2.382667,2.61,0.233,7.32,0.023,1237.0,780.256,5180.0,0.916,1.037,1,Cluster 1,1.3114898654870784,1,False,Normal
TOI-1736 c,TOI-1736,Radial Velocity,2023,571.25,12.5,1.12,2800.0,8.7,249.0,88.9482,5636.0,1.0373,1.4286,0,Cluster 0,0.9595320832106433,1,False,Normal
Kepler-310 d,Kepler-310,Transit,2014,92.876125,2.47,0.22,7.0,0.02202435,353.0,602.268,5797.0,0.854,0.876,1,Cluster 1,1.2320388688778006,1,False,Normal
WASP-192 b,WASP-192,Transit,2019,2.8786765,13.78707,1.23,731.009,2.3,1620.0,508.885,5910.0,1.09,1.32,0,Cluster 0,1.1203506401833125,1,False,Normal
Kepler-184 b,Kepler-184,Transit,2014,10.687576,2.36,0.211,6.17,0.0194,780.0,610.326,5788.0,0.872,0.873,1,Cluster 1,1.067975186403357,1,False,Normal
Kepler-1744 b,Kepler-1744,Transit,2021,37.10110092,3.76754004,0.33611799,13.6,0.0429,532.0,1091.63,5986.0,0.886,0.85,1,Cluster 1,1.2712443057318192,1,False,Normal
Kepler-1107 b,Kepler-1107,Transit,2016,0.571038518,1.34,0.11954679,2.36,0.00742,1897.0,428.798,5268.0,0.86,0.82,1,Cluster 1,0.9999148559822946,1,False,Normal
Kepler-40 b,Kepler-40,Transit,2010,6.87349,13.11,1.17,699.2,2.2,1620.0,2305.01,6510.0,1.48,2.13,0,Cluster 0,1.16133191158333,1,False,Normal
TOI-908 b,TOI-908,Transit,2023,3.183792,3.186,0.28423637,16.137,0.05077268,1317.0,175.748,5626.0,0.95,1.028,1,Cluster 1,1.1923486251397089,1,False,Normal
Kepler-851 b,Kepler-851,Transit,2016,8.50699658,1.68,0.14987956,3.46,0.0109,900.0,839.255,5455.0,0.89,0.85,1,Cluster 1,1.0237677801577967,1,False,Normal
HD 99492 c,HD 99492,Radial Velocity,2023,95.233,4.42,0.394,17.9,0.0563197,,18.2038,4929.0,0.85,0.822539,1,Cluster 1,1.1212068785093188,1,False,Normal
G 264-012 c,G 264-012,Radial Velocity,2021,8.0518,1.76,0.157,3.75,0.01179882,387.0,16.009,3326.0,0.297,0.305,1,Cluster 1,0.972808773326982,1,False,Normal
Kepler-827 b,Kepler-827,Transit,2016,51.92927591,5.63,0.50227496,27.0,0.0849,574.0,2046.68,5602.0,0.93,0.91,1,Cluster 1,1.092091018490108,1,False,Normal
Kepler-228 c,Kepler-228,Transit,2014,4.134444,2.7,0.241,7.75,0.0244,1160.0,1644.61,6043.0,1.006,1.014,1,Cluster 1,1.05090404838194,1,False,Normal
K2-346 b,K2-346,Transit,2021,26.201446,2.26,0.20162404,5.73,0.018,450.0,105.58,4801.0,0.71,0.7,1,Cluster 1,1.0246903918996322,1,False,Normal
Kepler-77 b,Kepler-77,Transit,2013,3.57878087,10.761,0.96,136.661,0.43,1440.0,639.411,5520.0,0.95,0.99,0,Cluster 0,1.067157130615102,1,False,Normal
Kepler-1509 b,Kepler-1509,Transit,2016,25.4338197,1.85,0.16504595,4.08,0.0128,667.0,2002.96,5780.0,1.0,0.99,1,Cluster 1,1.0247830189113325,1,False,Normal
GJ 581 b,GJ 581,Radial Velocity,2005,5.3686,4.79,0.427,20.5,0.06450021,464.32,6.2981,3500.0,0.295,0.302,1,Cluster 1,1.5326405408184862,-1,True,Potential Outlier
K2-403 b,K2-403,Transit,2022,33.589979,5.333,0.47577921,24.6,0.0775,949.0,246.599,5511.0,0.784,0.886,1,Cluster 1,1.2779200362487697,1,False,Normal
HD 43691 b,HD 43691,Radial Velocity,2007,36.9987,13.2,1.18,810.4665,2.55,761.79,85.6009,6093.0,1.32,1.6,0,Cluster 0,1.0659715183693046,1,False,Normal
Kepler-1574 b,Kepler-1574,Transit,2016,6.9424334,1.29,0.11508609,2.21,0.00696,1003.0,1384.16,5892.0,1.06,1.08,1,Cluster 1,0.9986171831742571,1,False,Normal
Kepler-238 f,Kepler-238,Transit,2013,50.447,2.0,0.178,13.5,0.042,568.0,1798.75,5800.0,1.06,0.96,1,Cluster 1,1.201215344255959,1,False,Normal
K2-253 b,K2-253,Transit,2018,4.00167,12.67,1.13034169,,,1238.0,876.565,6027.0,1.08,1.1,0,Cluster 0,1.0285727495062886,1,False,Normal
Kepler-1290 b,Kepler-1290,Transit,2016,4.69500134,1.42,0.12668391,2.6,0.00819,1098.0,1593.7,5660.0,0.95,0.93,1,Cluster 1,0.9840477166102117,1,False,Normal
Kepler-68 d,Kepler-68,Radial Velocity,2013,632.62,13.9,1.24,267.0,0.84007174,260.75,144.166,5847.0,1.057,1.2564,0,Cluster 0,0.9723863985758119,1,False,Normal
Kepler-218 b,Kepler-218,Transit,2014,3.619337,1.48,0.132,2.79,0.00879,1156.0,656.38,5502.0,1.019,1.063,1,Cluster 1,1.1030791940532603,1,False,Normal
Kepler-645 b,Kepler-645,Transit,2016,3.275822621,2.1,0.18734945,5.06,0.0159,1730.0,1173.57,6170.0,1.13,1.21,1,Cluster 1,1.0211486907665512,1,False,Normal
TOI-1450 A b,TOI-1450 A,Transit,2024,2.0439274,1.13,0.10081202,1.258,0.00395811,722.0,22.4467,3437.0,0.48,0.483,1,Cluster 1,1.0209441741802041,1,False,Normal
HD 206610 b,HD 206610,Radial Velocity,2009,673.2,13.4,1.19,647.10188,2.036,437.88,147.192,4842.0,1.55,6.12,3,Cluster 3,1.1717897118273255,1,False,Normal
Kepler-99 b,Kepler-99,Transit,2014,4.60358,1.48,0.132,6.15,0.019,810.0,208.369,4782.0,0.79,0.73,1,Cluster 1,1.4129667973415585,1,False,Normal
Kepler-1010 b,Kepler-1010,Transit,2016,34.2685705,2.32,0.20697654,5.99,0.0189,477.0,579.273,5253.0,0.86,0.82,1,Cluster 1,0.970306369396495,1,False,Normal
TOI-1422 c,TOI-1422,Radial Velocity,2025,34.5633,2.61,0.232849,14.0,0.04404893,628.0,155.141,5840.0,0.9903,1.019,1,Cluster 1,1.1787106574791308,1,False,Normal
Kepler-687 b,Kepler-687,Transit,2016,20.50586978,3.52,0.31403337,12.2,0.0383,518.0,633.66,4841.0,0.77,0.73,1,Cluster 1,1.113052117273947,1,False,Normal
Kepler-1855 b,Kepler-1855,Transit,2021,0.727330983,1.216205,0.10850273,1.96,0.00617,849.0,,3460.0,0.385,0.356,1,Cluster 1,1.0097692341694295,1,False,Normal
UCAC4 328-061594 b,UCAC4 328-061594,Imaging,2024,,12.1,1.08,6674.396547,21.0,,39.9089,,1.19,,0,Cluster 0,11.196144918896708,-1,True,Potential Outlier
Kepler-1363 b,Kepler-1363,Transit,2016,2.94194094,1.25,0.11151753,2.1,0.0066,988.0,541.714,4839.0,0.76,0.72,1,Cluster 1,1.0351087855209404,1,False,Normal
Kepler-296 b,Kepler-296,Transit,2014,10.864384,1.61,0.14363458,3.22,0.0101,495.0,167.0,3740.0,0.498,0.48,1,Cluster 1,0.9774209586296179,1,False,Normal
BD+48 738 b,BD+48 738,Radial Velocity,2011,392.6,13.9,1.24,289.2253,0.91,705.93,871.493,4414.0,0.74,11.0,3,Cluster 3,1.1980142501143918,1,False,Normal
HR 8799 c,HR 8799,Imaging,2008,69000.0,13.0,1.2,3000.0,10.0,1200.0,41.2441,7204.58,1.5,1.49338,0,Cluster 0,1.1021458026455053,1,False,Normal
Kepler-1773 b,Kepler-1773,Transit,2021,40.80970001,3.50469499,0.31266848,12.1,0.038,623.0,681.255,6183.0,1.241,1.3,1,Cluster 1,1.074445025525128,1,False,Normal
Kepler-989 b,Kepler-989,Transit,2016,7.964315352,2.21,0.19716299,5.52,0.0174,805.0,491.978,5074.0,0.82,0.78,1,Cluster 1,0.9776160492227298,1,False,Normal
Kepler-1508 b,Kepler-1508,Transit,2016,20.7056504,1.33,0.11865465,2.33,0.00733,967.0,1260.28,6158.0,1.14,1.22,1,Cluster 1,1.0135109291067328,1,False,Normal
TOI-7041 b,TOI-7041,Transit,2025,9.691,11.43316031,1.02,114.41822652,0.36,882.37,439.52,4700.0,1.07,4.1,3,Cluster 3,1.659591104063757,-1,True,Potential Outlier
K2-37 c,K2-37,Transit,2016,6.42966,2.41,0.21500617,6.39,0.0201,839.0,179.943,5352.0,0.84,0.809,1,Cluster 1,0.9936204303668135,1,False,Normal
2MASS J19383260+4603591 b,2MASS J19383260+4603591,Eclipse Timing Variations,2015,406.0,13.4,1.2,603.877,1.9,669.65,396.332,29564.0,0.48,0.203,7,Cluster 7,3.8337685333148173,-1,True,Potential Outlier
TOI-1260 b,TOI-1260,Transit,2021,3.127463,2.41,0.21500617,8.56,0.02693277,871.0,73.5977,4227.0,0.679,0.672,1,Cluster 1,1.1345611348033757,1,False,Normal
HIP 39330 b,HIP 39330,Radial Velocity,2026,4650.0,13.5,1.2,530.77343969,1.67,125.05,36.3958,5748.0,0.96,1.02786,0,Cluster 0,1.1823672583097327,1,False,Normal
Kepler-52 c,Kepler-52,Transit,2012,16.3850021,1.84,0.164,45.4,0.14284437,433.0,321.542,4075.0,0.54,0.52,1,Cluster 1,1.924676388457872,-1,True,Potential Outlier
Kepler-1637 b,Kepler-1637,Transit,2016,6.10960324,0.89,0.07940048,0.64,0.00201,1093.0,567.187,5789.0,1.02,1.02,1,Cluster 1,0.994702004641443,1,False,Normal
Kepler-1990 b,Kepler-1990,Transit,2023,1.73513619,3.27,0.29173036,10.7,0.0338,1554.0,392.739,5751.0,1.028,1.071,1,Cluster 1,1.122452185558954,1,False,Normal
TOI-1749 c,TOI-1749,Transit,2021,4.4929,2.12,0.18913406,14.0,0.04404893,673.0,99.5561,3985.0,0.58,0.55,1,Cluster 1,1.0433100621544422,1,False,Normal
GJ 9714 b,GJ 9714,Radial Velocity,2022,19240.75467,12.5,1.12,2988.54051102,9.403,47.68,20.5121,4263.0,0.67,0.662662,0,Cluster 0,1.2578665361337844,1,False,Normal
Kepler-312 b,Kepler-312,Transit,2014,1.772419,1.29,0.115,2.21,0.00696,1685.0,797.72,6115.0,1.314,1.467,1,Cluster 1,1.0630804517777142,1,False,Normal
Kepler-1671 b,Kepler-1671,Transit,2020,4.16787,1.32557381,0.11825977,2.32,0.00729,962.0,357.059,5135.55,0.866,0.929771,1,Cluster 1,0.9836979644340076,1,False,Normal
Kepler-466 b,Kepler-466,Transit,2016,51.07926307,2.85,0.25425997,8.5,0.0267,503.0,530.122,5927.0,1.04,1.05,1,Cluster 1,1.000462686085828,1,False,Normal
UZ For c,UZ For,Eclipse Timing Variations,2011,1916.25,,,2447.2,7.7,,239.60387482,5286.9,0.7,,6,Cluster 6,1.0524274964703293,1,False,Normal
HD 63765 b,HD 63765,Radial Velocity,2011,358.0,14.2,1.27,168.4499,0.53,246.9,32.5376,5449.0,0.65,0.83,0,Cluster 0,1.2960053240339033,1,False,Normal
TOI-7008 b,TOI-7008,Transit,2026,0.84069041367,4.94735276,0.44137401,21.7,0.0682,1783.0,410.467,5116.06,0.88,0.95255,1,Cluster 1,1.6223582710147362,-1,True,Potential Outlier
Kepler-1038 c,Kepler-1038,Transit,2021,7.127659798,1.4162338,0.12634813,2.59,0.00816,784.0,584.136,5159.0,0.868,0.821,1,Cluster 1,0.9816534362057237,1,False,Normal
TOI-3877 b,TOI-3877,Transit,2025,4.123596,11.67975789,1.042,99.7981198,0.314,1445.0,493.77,5731.0,1.16,1.445,0,Cluster 0,1.0355207488480673,1,False,Normal
Kepler-1699 b,Kepler-1699,Transit,2020,3.49082,1.56671124,0.13977262,3.08,0.00968,1010.0,818.759,5575.53,0.81,0.725,1,Cluster 1,1.161910361404005,1,False,Normal
HD 143105 b,HD 143105,Radial Velocity,2016,2.1974,13.7,1.22,384.5743,1.21,2028.25,46.7789,6380.0,1.51,1.647304,0,Cluster 0,1.259532018105288,1,False,Normal
HD 191939 e,HD 191939,Radial Velocity,2022,101.12,13.0,1.16,112.2,0.35302068,390.0,53.6089,5348.0,0.81,0.94,0,Cluster 0,1.1148032167513058,1,False,Normal
Kepler-1569 b,Kepler-1569,Transit,2016,5.79180156,1.68,0.14987956,3.46,0.0109,1222.0,945.454,6319.0,1.25,1.4,1,Cluster 1,1.0036590645980121,1,False,Normal
Kepler-859 b,Kepler-859,Transit,2016,20.38177573,3.09,0.27567134,9.75,0.0307,528.0,839.903,5020.0,0.81,0.77,1,Cluster 1,1.0147042132816517,1,False,Normal
HD 83443 b,HD 83443,Radial Velocity,2002,2.985628,14.1,1.25,127.76701961,0.402,1262.68,40.8991,5442.0,1.0,0.94,0,Cluster 0,0.9821269239556569,1,False,Normal
Kepler-106 b,Kepler-106,Transit,2014,6.16486,0.82,0.073,5.3,0.01667558,1021.0,444.322,5858.0,1.0,1.04,1,Cluster 1,1.3452981529161592,1,False,Normal
Kepler-834 b,Kepler-834,Transit,2016,13.32388301,2.02,0.18021233,4.74,0.0149,378.0,633.937,4554.0,0.7,0.66,1,Cluster 1,0.9972651638741616,1,False,Normal
K2-249 b,K2-249,Transit,2018,12.409,2.79,0.24890713,8.2,0.0258,1061.0,521.716,6504.0,1.32,1.57,1,Cluster 1,1.1494667206440226,1,False,Normal
Kepler-454 c,Kepler-454,Radial Velocity,2015,524.19,12.9,1.15,1433.40611557,4.51,249.58,230.869,5687.0,1.03,1.066,0,Cluster 0,0.9893696623672102,1,False,Normal
HD 33283 b,HD 33283,Radial Velocity,2006,18.1991,12.5,1.12,104.56607,0.329,1034.4,89.8623,5935.0,1.38,1.97,0,Cluster 0,1.0881258193926446,1,False,Normal
Kepler-169 e,Kepler-169,Transit,2014,13.767102,2.2,0.196,5.48,0.0172,595.0,406.529,4997.0,0.825,0.763,1,Cluster 1,1.0254771777561402,1,False,Normal
GJ 536 b,GJ 536,Radial Velocity,2016,8.70874,2.41,0.215,6.37,0.02004226,451.0,10.4092,3641.0,0.528,0.529,1,Cluster 1,0.9583623976256879,1,False,Normal
Kepler-37 e,Kepler-37,Transit Timing Variations,2014,51.196,0.37,0.03300925,8.1,0.02548545,401.0,63.9207,5288.0,0.8,0.772,2,Cluster 2,6.711203496431904,-1,True,Potential Outlier
TOI-2236 b,TOI-2236,Transit,2022,3.5315902,14.36991326,1.282,502.16888306,1.58,1688.0,355.59,6248.0,1.343,1.573,0,Cluster 0,1.0004725888864547,1,False,Normal
HD 159868 c,HD 159868,Radial Velocity,2012,351.0,14.0,1.25,244.09344,0.768,383.37,55.8503,5534.0,1.19,2.13,0,Cluster 0,1.1409090782734175,1,False,Normal
Kepler-1665 b,Kepler-1665,Transit,2020,11.9548,2.83910787,0.25328824,8.44,0.0266,906.0,335.515,5049.84,0.842,0.777785,1,Cluster 1,1.0380404787342785,1,False,Normal
HIP 111909 b,HIP 111909,Radial Velocity,2025,487.08,13.7,1.22,384.57237247,1.21,436.91,88.077,4891.0,1.28,4.53,3,Cluster 3,0.9768100210480897,1,False,Normal
Kepler-1125 b,Kepler-1125,Transit,2016,17.6700642,1.84,0.1641538,4.04,0.0127,778.0,2011.41,5683.0,0.95,0.94,1,Cluster 1,0.9789805736880343,1,False,Normal
Kepler-384 b,Kepler-384,Transit,2014,22.597053,1.12,0.1,1.46,0.00459,670.0,895.678,5577.0,0.882,0.882,1,Cluster 1,1.068159467788937,1,False,Normal
HD 37605 b,HD 37605,Radial Velocity,2004,55.01292,13.2,1.18,854.9627,2.69,465.76,46.7864,5329.0,0.94,0.91,0,Cluster 0,1.0676771415458537,1,False,Normal
Kepler-1618 b,Kepler-1618,Transit,2016,6.10826019,1.26,0.11240967,2.13,0.00669,1267.0,1229.25,6620.0,1.41,1.65,1,Cluster 1,1.2880156574661783,1,False,Normal
Kepler-352 d,Kepler-352,Transit,2021,6.887279987,0.80628032,0.07193164,0.449,0.00141,788.0,252.733,5208.0,0.796,0.772,1,Cluster 1,1.0689426160646178,1,False,Normal
K2-148 c,K2-148,Transit,2018,6.9226,1.73,0.15434026,3.64,0.0115,630.02,124.458,4079.0,0.65,0.632,1,Cluster 1,0.9872674057319809,1,False,Normal
NGTS-9 b,NGTS-9,Transit,2019,4.43527,11.99363,1.07,921.707,2.9,1448.0,609.128,6330.0,1.34,1.38,0,Cluster 0,1.1067915125732708,1,False,Normal
Kepler-584 b,Kepler-584,Transit,2016,35.1810304,4.21,0.37559104,16.5,0.0519,664.0,1848.84,6195.0,1.17,1.24,1,Cluster 1,1.1171925993600174,1,False,Normal
Kepler-92 b,Kepler-92,Transit,2013,13.749,3.51,0.313,64.3,0.202,975.0,477.992,5883.0,1.21,1.7,1,Cluster 1,1.1311860446892326,1,False,Normal
TOI-277 b,TOI-277,Transit,2022,3.994,2.65,0.23641757,7.51,0.0236,587.92,64.6692,4031.0,0.16,0.362,1,Cluster 1,1.9437478662524001,-1,True,Potential Outlier
EPIC 212297394 b,EPIC 212297394,Transit,2019,2.289363,1.48,0.13203698,2.79,0.00879,1149.0,418.395,5171.0,0.83,0.8,1,Cluster 1,1.0097214257138747,1,False,Normal
TIC 67686059 b,TIC 67686059,Transit,2026,3.52163529551,2.59125922,0.23117706,7.23,0.0227,,249.203,5090.09,0.86,0.820458,1,Cluster 1,1.0119188606869427,1,False,Normal
K2-270 b,K2-270,Transit,2018,1.543069,1.38,0.12311535,2.48,0.0078,1203.0,280.518,4877.0,0.85,0.77,1,Cluster 1,1.0589519415384365,1,False,Normal
TIC 160113658 b,TIC 160113658,Transit,2026,6.72952262077,3.49015778,0.31137156,12.0,0.0377,,200.156,4817.31,0.76,0.789834,1,Cluster 1,1.122380857922773,1,False,Normal
Kepler-533 b,Kepler-533,Transit,2016,28.51120525,3.38,0.3015434,11.4,0.0357,423.0,302.955,4758.0,0.78,0.72,1,Cluster 1,1.0694240094011862,1,False,Normal
VHS J125601.92-125723.9 b,VHS J125601.92-125723.9,Imaging,2015,5800000.0,13.67495645,1.22,5085.254512,16.0,1194.0,12.7,2620.0,0.07,,0,Cluster 0,1.3701450503242414,1,False,Normal
HD 23079 c,HD 23079,Radial Velocity,2025,5.748913,2.8,0.25,8.26,0.02598887,,33.4591,5994.0,1.16,1.08,1,Cluster 1,1.017898612843814,1,False,Normal
Kepler-55 e,Kepler-55,Transit,2014,4.617534,1.55,0.138,3.02,0.00951,728.0,578.796,4503.0,0.631,0.619,1,Cluster 1,1.0185016155363202,1,False,Normal
GJ 887 b,GJ 887,Radial Velocity,2020,9.2619,1.8,0.161,3.9,0.01227077,426.0,3.28679,3688.0,0.495,0.468,1,Cluster 1,0.992933258237735,1,False,Normal
Kepler-1467 b,Kepler-1467,Transit,2016,47.0569043,3.3,0.29440628,10.9,0.0343,411.0,852.888,5332.0,0.86,0.82,1,Cluster 1,1.044282360739638,1,False,Normal
Kepler-199 c,Kepler-199,Transit,2014,67.093408,3.25,0.29,10.6,0.0334,420.0,521.054,5644.0,0.96,0.967,1,Cluster 1,1.0082559746498894,1,False,Normal
HD 222076 b,HD 222076,Radial Velocity,2016,871.0,13.5,1.21,495.8148,1.56,346.88,91.1538,4806.0,1.07,4.1,3,Cluster 3,1.3787942416190562,1,False,Normal
Kepler-282 b,Kepler-282,Transit,2014,9.220524,1.01,0.09,1.01,0.00317,817.0,1337.61,5602.0,0.86,0.904,1,Cluster 1,1.1163634139258445,1,False,Normal
K2-388 b,K2-388,Transit,2022,6.33932,3.9,0.34793529,14.5,0.0455,874.0,290.495,5310.0,0.93,0.91,1,Cluster 1,1.1455610713402784,1,False,Normal
TOI-1224 b,TOI-1224,Transit,2024,4.1782745,2.104,0.18770663,5.08,0.016,541.0,37.3312,3326.0,0.4,0.404,1,Cluster 1,1.023660413639793,1,False,Normal
Kepler-623 b,Kepler-623,Transit,2016,9.07097734,3.01,0.26853421,9.32,0.0293,825.0,737.702,5443.0,0.9,0.86,1,Cluster 1,1.0140249704113928,1,False,Normal
WASP-176 b,WASP-176,Transit,2020,3.899052,16.869545,1.505,271.74465,0.855,1721.0,568.42,5941.0,1.345,1.925,0,Cluster 0,1.002941914092553,1,False,Normal
Kepler-363 d,Kepler-363,Transit,2014,11.932125,2.05,0.183,4.86,0.0153,905.0,762.596,5593.0,1.226,1.485,1,Cluster 1,1.4717316031123158,1,False,Normal
HD 4917 b,HD 4917,Radial Velocity,2018,400.5,13.5,1.21,513.29545,1.615,479.78,204.277,4802.0,1.32,5.01,3,Cluster 3,0.9625453538206801,1,False,Normal
KOBE-1 c,KOBE-1,Radial Velocity,2025,29.671,3.56,0.318,12.4,0.03901476,392.5,23.9718,4135.0,0.629,0.619,1,Cluster 1,1.0568007174863998,1,False,Normal
Kepler-970 b,Kepler-970,Transit,2016,16.736525,2.609,0.23275979,7.31,0.023,464.0,331.545,4290.0,0.67,0.71,1,Cluster 1,0.9860118053021122,1,False,Normal
HAT-P-70 b,HAT-P-70,Transit,2019,2.74432452,20.96083,1.87,2154.8874,6.78,2562.0,330.739,8450.0,1.89,1.858,0,Cluster 0,1.5012306634059622,-1,True,Potential Outlier
Kepler-943 b,Kepler-943,Transit,2016,49.7701438,5.93,0.52903916,29.5,0.0928,455.0,2300.53,5612.0,0.93,0.91,0,Cluster 0,1.026786724660469,1,False,Normal
Kepler-10 b,Kepler-10,Transit,2011,0.8374907,1.47,0.13114484,3.24,0.01019418,2188.0,185.506,5708.0,0.91,1.065,1,Cluster 1,1.056140368787639,1,False,Normal
Kepler-271 d,Kepler-271,Transit,2016,5.24972541,0.66,0.05888126,0.219,0.00069,954.0,404.542,5555.0,0.9,0.87,1,Cluster 1,1.0233410777305678,1,False,Normal
TOI-1233.01,HD 108236,Transit,2021,14.175685,2.539,0.22651441,6.98,0.022,708.0,64.5978,5660.0,0.869,0.877,1,Cluster 1,1.0510970125887928,1,False,Normal
HD 221585 b,HD 221585,Radial Velocity,2016,1173.0,13.5,1.21,511.7063,1.61,242.77,55.8535,5620.0,1.19,1.850575,0,Cluster 0,1.0870164518303467,1,False,Normal
TIC 18942729 b,TIC 18942729,Transit,2026,0.99817838064,2.00021315,0.17844737,4.66,0.0147,,115.169,4360.11,0.652,0.825257,1,Cluster 1,1.012320468495886,1,False,Normal
HD 22496 b,HD 22496,Radial Velocity,2021,5.09071,2.22,0.198,5.57,0.01752518,573.0,13.5956,4385.0,0.684,0.674,1,Cluster 1,0.9651404593247008,1,False,Normal
Kepler-1640 b,Kepler-1640,Transit,2016,7.5844126,4.82,0.4300116,20.7,0.0652,1228.0,1859.78,6324.0,1.27,1.43,1,Cluster 1,1.2393838865886297,1,False,Normal
Kepler-589 c,Kepler-589,Transit,2021,3.52466011,1.11727238,0.09967654,1.45,0.00455,1098.0,612.803,5372.0,0.832,0.916,1,Cluster 1,1.0201463336734127,1,False,Normal
Kepler-647 b,Kepler-647,Transit,2016,16.2254649,1.17,0.10438041,1.71,0.00537,788.0,1087.87,6020.0,1.03,1.07,1,Cluster 1,1.065479298108394,1,False,Normal
Gaia-1 b,Gaia-1,Transit,2022,3.052524,13.77583728,1.229,533.95172376,1.68,1159.07,363.66,5470.0,0.949,0.952,0,Cluster 0,1.1618520994906762,1,False,Normal
Kepler-1527 b,Kepler-1527,Transit,2016,160.129918,4.77,0.4255509,20.4,0.0641,450.0,1842.13,6224.0,1.21,1.32,1,Cluster 1,1.3150404820201982,1,False,Normal
Kepler-1980 b,Kepler-1980,Transit,2023,33.0257179,2.21,0.19716333,5.52,0.0174,564.0,1709.4,5819.0,1.049,0.99,1,Cluster 1,0.9684271686605314,1,False,Normal
TOI-122 b,TOI-122,Transit,2020,5.07803,2.72,0.24266215,7.85,0.0247,471.0,62.118,3403.0,0.312,0.334,1,Cluster 1,1.0469937300166712,1,False,Normal
HATS-52 b,HATS-52,Transit,2017,1.36665436,15.490838,1.382,711.9392,2.24,1834.0,555.134,6010.0,1.111,1.046,0,Cluster 0,1.1026420056516155,1,False,Normal
Kepler-250 d,Kepler-250,Transit,2014,17.648312,2.18,0.194,5.39,0.017,579.0,760.585,5160.0,0.806,0.805,1,Cluster 1,0.997557215202454,1,False,Normal
Kepler-1298 b,Kepler-1298,Transit,2016,7.12811928,1.31,0.11687037,2.27,0.00714,1373.0,544.163,6339.0,1.45,2.0,1,Cluster 1,1.2501590158096918,1,False,Normal
Kepler-1361 b,Kepler-1361,Transit,2016,3.57554956,0.86,0.07672406,0.566,0.00178,1061.0,389.143,5131.0,0.83,0.79,1,Cluster 1,1.043448521175398,1,False,Normal
Kepler-619 b,Kepler-619,Transit,2016,5.404272197,3.16,0.28191632,10.1,0.0319,1073.0,900.678,5980.0,1.09,1.11,1,Cluster 1,1.0199691973807272,1,False,Normal
K2-99 b,K2-99,Transit,2016,18.24783,11.88151954,1.06,276.51071409,0.87,1184.0,519.229,6069.0,1.44,2.55,0,Cluster 0,1.1452457871037671,1,False,Normal
TOI-532 b,TOI-532,Transit,2021,2.3266508,5.82,0.51922652,61.5,0.19350064,867.0,135.047,3927.0,0.639,0.612,1,Cluster 1,1.2325329630690254,1,False,Normal
HD 210277 b,HD 210277,Radial Velocity,1998,442.19,13.6,1.22,410.0007,1.29,259.86,21.2985,5538.0,1.01,1.07,0,Cluster 0,0.9777256592863963,1,False,Normal
Kepler-178 b,Kepler-178,Transit,2014,9.576694,2.9,0.259,8.75,0.0275,846.0,716.025,5676.0,0.852,1.066,1,Cluster 1,1.0962809950830095,1,False,Normal
Kepler-1604 b,Kepler-1604,Transit,2016,0.683684256,1.41,0.12579177,2.57,0.00809,2023.0,541.189,4976.0,0.81,0.76,1,Cluster 1,1.31291464572938,1,False,Normal
Kepler-984 b,Kepler-984,Transit,2016,43.0342272,2.12,0.18913373,5.14,0.0162,484.0,460.188,5610.0,0.96,0.93,1,Cluster 1,0.9878358667866364,1,False,Normal
HD 13724 c,HD 13724,Radial Velocity,2022,142.22895,8.18,0.729,50.85254512,0.16,393.06,43.465,5835.31,1.004,1.04198,0,Cluster 0,0.9776679009140109,1,False,Normal
Kepler-1286 b,Kepler-1286,Transit,2016,11.25402929,2.15,0.19181015,5.27,0.0166,888.0,1354.46,5753.0,1.0,0.98,1,Cluster 1,0.97163711097027,1,False,Normal
Kepler-318 b,Kepler-318,Transit,2014,4.662715,4.71,0.42,19.9,0.0627,1039.0,489.141,5746.0,1.073,1.189,1,Cluster 1,1.1397373624319793,1,False,Normal
Kepler-732 b,Kepler-732,Transit,2016,9.467814048,2.18,0.19448657,5.39,0.017,407.0,174.826,3631.0,0.49,0.46,1,Cluster 1,0.9897586854731824,1,False,Normal
HIP 109600 b,HIP 109600,Radial Velocity,2016,232.08,13.2,1.18,851.7844,2.68,312.88,66.3361,5530.0,0.87,0.971958,0,Cluster 0,1.100270083142966,1,False,Normal
Kepler-407 b,Kepler-407,Transit,2014,0.6693124,1.19,0.10616487,1.93,0.00607246,1983.0,338.368,5487.0,0.99,1.04,1,Cluster 1,1.048401231874283,1,False,Normal
GJ 1148 c,GJ 1148,Radial Velocity,2017,532.58,9.71,0.866,68.06,0.21413963,99.38,11.0143,3287.0,0.344045,0.358519,4,Cluster 4,1.1019134998595417,1,False,Normal
Kepler-897 b,Kepler-897,Transit,2016,8.0472642,2.39,0.21322152,6.3,0.0198,855.0,1519.25,5839.0,1.03,1.04,1,Cluster 1,0.9935036061215697,1,False,Normal
Kepler-435 b,Kepler-435,Transit,2015,8.6001536,22.31,1.99,266.97,0.84,1729.0,1418.77,6161.0,1.538,3.21,0,Cluster 0,1.5396324054703379,-1,True,Potential Outlier
HD 184010 d,HD 184010,Radial Velocity,2022,836.4,14.3,1.28,143.02278315,0.45,381.37,60.7993,4971.0,1.35,4.86,3,Cluster 3,0.9581573506080552,1,False,Normal
WASP-70 A b,WASP-70 A,Transit,2014,3.7130203,13.047,1.164,187.512,0.59,1387.0,222.355,5763.0,1.106,1.215,0,Cluster 0,0.9766008429055661,1,False,Normal
TOI-1798.01,TOI-1798,Transit,2024,8.021522331,2.448,0.21839631,6.5,0.02045129,734.31,113.181,5165.0,0.87,0.78,1,Cluster 1,1.0805187573731694,1,False,Normal
TOI-444 b,TOI-444,Transit,2023,17.9636,2.77,0.24712327,8.1,0.0255,609.0,57.3973,5225.0,0.96,0.779,1,Cluster 1,1.3306808602840317,1,False,Normal
TOI-2202 b,TOI-2202,Transit,2021,11.9126075,10.95117414,0.977,287.31687993,0.904,652.07,235.933,5169.0,0.841,0.808,0,Cluster 0,1.0393023015804523,1,False,Normal
TrES-1 b,TrES-1,Transit,2004,3.03007,12.66617,1.13,266.9772,0.84,1140.0,159.658,5230.0,1.04,0.85,0,Cluster 0,1.0360957456830955,1,False,Normal
Kepler-1052 c,Kepler-1052,Transit,2023,180.921729,2.3,0.20519261,5.9,0.0186,302.0,943.444,5818.0,0.937,0.848,1,Cluster 1,1.104467533876526,1,False,Normal
Kepler-206 b,Kepler-206,Transit,2014,7.781987,1.2,0.107,1.87,0.00588,983.0,594.447,5764.0,0.957,1.185,1,Cluster 1,1.0187515103922267,1,False,Normal
Kepler-763 b,Kepler-763,Transit,2016,1.19655156,1.22,0.10884111,1.98,0.00624,1414.0,962.459,5166.0,0.84,0.8,1,Cluster 1,1.0566309144219959,1,False,Normal
Kepler-155 b,Kepler-155,Transit,2014,5.931194,2.09,0.186,5.02,0.0158,614.0,293.499,4508.0,0.635,0.62,1,Cluster 1,0.9948570493934368,1,False,Normal
ups And c,ups And,Radial Velocity,1999,241.258,12.3,1.1,4443.24112986,13.98,407.56,13.4054,6156.77,1.3,1.56,0,Cluster 0,1.1174491218464566,1,False,Normal
NGTS-34 b,NGTS-34,Transit,2025,43.12655,3.65,0.32563175,19.1,0.06009532,624.0,120.475,6134.0,1.266,1.367,1,Cluster 1,1.1612649059590392,1,False,Normal
K2-274 b,K2-274,Transit,2018,14.1330314,2.08,0.18556549,4.98,0.0157,655.0,228.327,5044.0,0.79,0.7,1,Cluster 1,1.0020413027839752,1,False,Normal
DH Tau b,DH Tau,Imaging,2004,,30.2643,2.7,3496.0,11.0,2200.0,134.846,4371.0,0.33,0.27,0,Cluster 0,1.7363826665701712,-1,True,Potential Outlier
HD 200964 c,HD 200964,Radial Velocity,2010,852.5,13.7,1.22,385.84562,1.214,380.62,72.5922,4982.0,1.39,4.92,3,Cluster 3,0.9729551537144829,1,False,Normal
TOI-1011 b,TOI-1011,Transit,2025,2.470498,1.45,0.12936056,4.04,0.01271126,1364.0,52.62,5475.0,0.91,0.92,1,Cluster 1,1.0623196171553912,1,False,Normal
Kepler-1583 b,Kepler-1583,Transit,2016,9.32807355,0.6,0.05352841,0.156,0.00049,788.0,403.933,5645.0,0.94,0.91,1,Cluster 1,1.171668719520558,1,False,Normal
HATS-32 b,HATS-32,Transit,2016,2.8126548,14.000041,1.249,292.4036,0.92,1437.0,745.116,5700.0,1.099,1.097,0,Cluster 0,0.9728268612216431,1,False,Normal
ZTF J1828+2308 b,ZTF J1828+2308,Transit,2025,0.1120067,11.13051784,0.993,6356.56814,20.0,,201.827,15900.0,0.61,0.0131,0,Cluster 0,2.9939645868459754,-1,True,Potential Outlier
Kepler-1876 b,Kepler-1876,Transit,2021,6.99205,0.853,0.07609969,2.4,0.00755124,1299.0,259.935,6104.0,1.187,1.477,1,Cluster 1,1.577324707178337,-1,True,Potential Outlier
TOI-6564 b,TOI-6564,Transit,2026,3.985413,16.39873876,1.463,222.16205649,0.699,1445.0,191.372,5943.0,1.18,1.7,0,Cluster 0,1.0466127375286034,1,False,Normal
K2-219 c,K2-219,Transit,2018,6.66767,1.43839723,0.12832521,2.66,0.00837,,325.4,5753.0,1.021545,1.189232,1,Cluster 1,1.0371620400822343,1,False,Normal
HD 37124 b,HD 37124,Radial Velocity,2002,154.378,14.0,1.25,214.53525,0.675,366.48,31.6634,5698.64,0.85,0.949168,0,Cluster 0,1.1800222009953591,1,False,Normal
Kepler-881 b,Kepler-881,Transit,2016,4.44448017,1.78,0.15880096,3.82,0.012,1217.0,1375.18,5961.0,1.06,1.09,1,Cluster 1,0.9879491838776433,1,False,Normal
TOI-333 b,TOI-333,Transit,2025,3.7852503,4.26,0.3800524,20.1,0.06324167,1445.0,352.269,6241.0,1.2,1.1,1,Cluster 1,1.2347462974117769,1,False,Normal
Kepler-60 c,Kepler-60,Transit,2012,8.9187,1.9,0.16950665,3.85,0.01211339,1023.0,1025.1,5905.0,1.041,1.257,1,Cluster 1,1.1086688262560949,1,False,Normal
Kepler-665 b,Kepler-665,Transit,2016,16.01310205,2.6,0.23195646,7.27,0.0229,593.0,612.838,4913.0,0.79,0.74,1,Cluster 1,0.970702005507062,1,False,Normal
Kepler-1848 b,Kepler-1848,Transit,2021,5.604020119,1.4088539,0.12568974,2.57,0.00808,774.0,309.696,4847.0,0.756,0.737,1,Cluster 1,0.9878723306741151,1,False,Normal
TOI-2096 c,TOI-2096,Transit,2023,6.38784,1.914,0.17075594,4.32,0.0136,349.0,48.4809,3300.0,0.231,0.235,1,Cluster 1,0.9793674944854704,1,False,Normal
Kepler-1698 b,Kepler-1698,Transit,2020,1.2107,1.07315686,0.09574064,1.25,0.00394,1351.0,222.345,4975.03,0.822,0.741698,1,Cluster 1,1.0324686123697007,1,False,Normal
HIP 14810 c,HIP 14810,Radial Velocity,2006,147.747,13.6,1.22,416.3573,1.31,373.22,50.48,5544.0,1.01,1.07,0,Cluster 0,1.1026794399963409,1,False,Normal
HD 25463 c,HD 25463,Transit,2023,3.04405,1.36354953,0.12164795,4.3,0.01352931,1585.57,45.6181,6353.0,1.251,1.4182,1,Cluster 1,1.066553192880827,1,False,Normal
Kepler-1869 c,Kepler-1869,Transit,2023,1.716828304,0.74,0.06601849,0.33,0.00104,1455.0,113.025,5808.0,0.987,0.902,1,Cluster 1,1.0154369295104178,1,False,Normal
Kepler-292 b,Kepler-292,Transit,2014,2.580827,1.32,0.118,2.3,0.00724,1130.0,1056.48,5299.0,0.865,0.826,1,Cluster 1,0.9831152991809391,1,False,Normal
Kepler-33 b,Kepler-33,Transit,2011,5.66793,1.74,0.155,3.68,0.0116,1336.0,1209.16,5904.0,1.291,1.82,1,Cluster 1,1.13204519658258,1,False,Normal
Kepler-601 b,Kepler-601,Transit,2016,5.378868441,1.9,0.16950665,4.27,0.0134,833.0,414.825,5160.0,0.85,0.79,1,Cluster 1,0.9929530310924697,1,False,Normal
TOI-1347 b,TOI-1347,Transit,2024,0.84742346,1.8,0.16058552,11.1,0.03492451,1400.0,147.476,5464.0,0.913,0.83,1,Cluster 1,1.1184801241797913,1,False,Normal
K2-417 b,K2-417,Transit,2023,6.535,3.31,0.29529893,699.2224954,2.2,558.0,94.0424,3861.0,0.569,0.5776,1,Cluster 1,2.3850606848004197,-1,True,Potential Outlier
Kepler-1020 b,Kepler-1020,Transit,2016,96.9151496,2.28,0.20340798,5.82,0.0183,325.0,415.358,5227.0,0.87,0.8,1,Cluster 1,1.0070588281020094,1,False,Normal
Kepler-1346 b,Kepler-1346,Transit,2016,3.40165668,1.58,0.14095816,3.12,0.00982,1236.0,843.701,6133.0,1.14,1.21,1,Cluster 1,0.9779081307803711,1,False,Normal
TOI-1750 b,TOI-1750,Transit,2026,11.33727129656,2.78943837,0.24885745,8.19,0.0258,612.92,162.46,4683.75,0.767,0.768675,1,Cluster 1,1.032787258153958,1,False,Normal
HD 180314 b,HD 180314,Radial Velocity,2010,394.73,12.0,1.07,7216.92963775,22.707,597.64,122.362,4917.0,2.6,9.2,3,Cluster 3,1.3424075638467277,1,False,Normal
Kepler-181 c,Kepler-181,Transit,2014,4.302149,1.99,0.178,4.62,0.0145,937.0,609.283,5333.0,0.81,0.749,1,Cluster 1,1.0524806305999475,1,False,Normal
Kepler-953 c,Kepler-953,Transit,2016,9.10967112,1.19,0.10616469,1.81,0.0057,873.0,258.893,5416.0,0.95,0.99,1,Cluster 1,1.0445303065674443,1,False,Normal
TOI-1696 b,TOI-1696,Transit,2022,2.500311,3.09,0.27567181,48.8,0.15354197,489.0,64.9172,3185.0,0.255,0.2775,1,Cluster 1,1.2679699586763502,1,False,Normal
TIC 77552382 b,TIC 77552382,Transit,2026,3.51025904942,5.69176189,0.50778586,27.5,0.0865,1433.88,373.415,4981.07,0.83,0.886956,1,Cluster 1,1.5145849621422232,-1,True,Potential Outlier
HD 96167 b,HD 96167,Radial Velocity,2009,498.04,14.0,1.25,227.88411,0.717,333.63,85.3006,5733.0,1.27,1.94,0,Cluster 0,1.038600514348746,1,False,Normal
Kepler-1770 b,Kepler-1770,Transit,2021,16.84189987,2.84141754,0.25349473,8.45,0.0266,699.0,582.942,5602.0,0.941,1.009,1,Cluster 1,1.0002131600482085,1,False,Normal
Kepler-292 e,Kepler-292,Transit,2014,11.97901,2.67,0.238,7.61,0.0239,678.0,1056.48,5299.0,0.865,0.826,1,Cluster 1,0.9883845127630305,1,False,Normal
Kepler-154 b,Kepler-154,Transit,2014,33.040532,2.26,0.202,5.73,0.018,561.0,915.212,5690.0,0.933,1.001,1,Cluster 1,0.9934973210084321,1,False,Normal
Kepler-1660 AB b,Kepler-1660 A,Eclipse Timing Variations,2023,239.5044,12.9,1.15,1586.59940774,4.992,415.08,1188.54,6305.24,1.1366,1.491,0,Cluster 0,1.0751781294383356,1,False,Normal
Kepler-379 b,Kepler-379,Transit,2014,20.09838,1.66,0.148,3.39,0.0107,775.0,731.274,6054.0,1.125,1.306,1,Cluster 1,1.0059160897052712,1,False,Normal
HAT-P-33 b,HAT-P-33,Transit,2011,3.47447,20.73665,1.85,292.4036,0.92,1782.0,396.11,6446.0,1.82,1.79,0,Cluster 0,1.2691462684719368,1,False,Normal
Kepler-567 b,Kepler-567,Transit,2016,16.54297375,2.25,0.20073156,5.69,0.0179,611.0,558.81,5148.0,0.84,0.79,1,Cluster 1,0.9764396324304894,1,False,Normal
KIC 8121913 b,KIC 8121913,Orbital Brightness Modulation,2021,3.294601,13.4,1.19,667.4396547,2.1,,707.303,5975.3,1.456,2.233,0,Cluster 0,1.0901545692829502,1,False,Normal
K2-198 d,K2-198,Transit,2019,7.4500177,2.438,0.21750379,6.52,0.0205,943.2,110.567,5212.9,0.799,0.757,1,Cluster 1,1.0602697758939639,1,False,Normal
Kepler-176 e,Kepler-176,Transit,2016,51.16579,1.45,0.12936034,0.52075,0.00163846,398.0,527.321,5295.0,0.87,0.83,1,Cluster 1,1.3843003884526106,1,False,Normal
HD 109246 b,HD 109246,Radial Velocity,2010,68.27,13.9,1.24,273.3338,0.86,507.43,67.8349,5844.0,1.2,1.07,0,Cluster 0,1.0809305021403133,1,False,Normal
TOI-5489 c,TOI-5489,Transit,2025,4.92126,1.28,0.11419415,2.18,0.00687,536.0,45.0907,3547.0,0.41,0.42,1,Cluster 1,0.9983756498662013,1,False,Normal
K2-415 b,K2-415,Transit,2023,4.0179694,1.015,0.09055239,7.5,0.02359764,412.4,21.8182,3173.0,0.1635,0.1965,1,Cluster 1,0.9995683347636513,1,False,Normal
Kepler-800 b,Kepler-800,Transit,2016,14.13176026,2.85,0.25425997,8.5,0.0267,675.0,1019.26,5315.0,0.85,0.82,1,Cluster 1,0.9976599487442511,1,False,Normal
Kepler-327 c,Kepler-327,Transit,2014,5.212333,1.03,0.092,20.3,0.064,537.0,241.987,3799.0,0.591913,0.492,2,Cluster 2,1.7558049360879924,-1,True,Potential Outlier
Kepler-28 c,Kepler-28,Transit,2011,8.99,1.857,0.16567073,2.06,0.00648148,509.0,438.359,4499.3,0.684,0.664,1,Cluster 1,1.011827939341815,1,False,Normal
K2-271 b,K2-271,Transit,2018,8.562421,7.28,0.6494781,41.8,0.131,893.0,564.454,5644.0,0.83,0.99,1,Cluster 1,1.054009735563802,1,False,Normal
KMT-2018-BLG-0748L b,KMT-2018-BLG-0748L,Microlensing,2020,,9.01,0.804,60.0,0.19,,7300.0,,0.087,,5,Cluster 5,1.1790579832974193,1,False,Normal
KMT-2024-BLG-1870L b,KMT-2024-BLG-1870L,Microlensing,2026,,13.8,1.23,336.89811142,1.06,,5480.0,,0.67,,0,Cluster 0,1.0037236229317141,1,False,Normal
KMT-2017-BLG-0849L b,KMT-2017-BLG-0849L,Microlensing,2024,,2.41,0.215,6.39,0.02010519,,7220.0,,0.19,,5,Cluster 5,0.9836904981918121,1,False,Normal
Kepler-1418 b,Kepler-1418,Transit,2016,22.4764425,1.66,0.14809528,3.39,0.0107,419.0,499.0,4770.0,0.77,0.72,1,Cluster 1,1.0359230481476809,1,False,Normal
OGLE-2016-BLG-0613L AB b,OGLE-2016-BLG-0613L AB,Microlensing,2017,,13.0,1.16,1330.0,4.18,,3410.0,,0.72,,0,Cluster 0,1.0391029429139051,1,False,Normal
KOI-142 c,KOI-142,Transit Timing Variations,2013,22.26492,14.0,1.25,214.1,0.674,635.87,376.863,5466.0,0.99,0.897,0,Cluster 0,0.9968865696198458,1,False,Normal
HD 9446 c,HD 9446,Radial Velocity,2009,192.9,13.4,1.2,578.426,1.82,345.42,50.3503,5793.0,1.0,1.0,0,Cluster 0,1.0478143973152256,1,False,Normal
MASCARA-4 b,MASCARA-4,Transit,2020,2.8240932,16.98160576,1.515,532.36258173,1.675,2250.0,170.696,7800.0,1.75,1.79,0,Cluster 0,1.223593725699418,1,False,Normal
Kepler-1846 b,Kepler-1846,Transit,2021,14.82009983,1.76378826,0.15735492,3.76,0.0118,552.0,374.615,4825.0,0.785,0.732,1,Cluster 1,1.0163766614205891,1,False,Normal
HD 147873 b,HD 147873,Radial Velocity,2016,116.596,12.8,1.15,1633.6462,5.14,603.16,109.055,5972.0,1.38,2.29,0,Cluster 0,1.1826835062778978,1,False,Normal
Kepler-224 e,Kepler-224,Transit,2014,18.643577,1.97,0.176,4.54,0.0143,517.0,782.088,5018.0,0.777,0.676,1,Cluster 1,1.003300707592362,1,False,Normal
Kepler-1670 b,Kepler-1670,Transit,2020,20.4998,3.3564801,0.2994451,11.2,0.0353,731.0,2065.98,5838.0,1.05,1.51889,1,Cluster 1,1.1355141163449376,1,False,Normal
Kepler-92 c,Kepler-92,Transit,2013,26.723,2.6,0.232,6.1,0.019,781.0,477.992,5883.0,1.21,1.7,1,Cluster 1,1.3032924031015352,1,False,Normal
Kepler-1799 b,Kepler-1799,Transit,2021,11.9296999,4.12801189,0.36827719,15.9,0.0501,770.0,2254.69,5831.0,1.016,0.921,1,Cluster 1,1.0810385234314128,1,False,Normal
KMT-2021-BLG-0736L b,KMT-2021-BLG-0736L,Microlensing,2025,,4.86,0.433,21.0,0.06607339,,7000.0,,0.6,,5,Cluster 5,1.050280599137681,1,False,Normal
PSR B1620-26 b,PSR B1620-26,Pulsar Timing,2003,,13.3,1.18,794.575,2.5,,,,1.35,,0,Cluster 0,1.2005949452931435,1,False,Normal
TYC 8998-760-1 b,TYC 8998-760-1,Imaging,2020,,21.18497352,1.89,6928.6592726,21.8,2638.0,94.6177,4573.0,1.0,1.02,0,Cluster 0,1.1474133379013112,1,False,Normal
OGLE-2017-BLG-1434L b,OGLE-2017-BLG-1434L,Microlensing,2018,,1.94,0.173,4.43,0.01393834,,860.0,,0.234,,5,Cluster 5,0.9608850981586864,1,False,Normal
KMT-2019-BLG-2783L b,KMT-2019-BLG-2783L,Microlensing,2023,,13.7,1.22,368.68095212,1.16,,5910.0,,0.34,,0,Cluster 0,0.9908811025978042,1,False,Normal
OGLE-2016-BLG-1093L b,OGLE-2016-BLG-1093L,Microlensing,2022,,14.0,1.25,225.65816897,0.71,,8120.0,,0.46,,0,Cluster 0,0.9918864052277592,1,False,Normal
MOA-2010-BLG-117L b,MOA-2010-BLG-117L,Microlensing,2018,,14.2,1.27,170.0,0.54,,3500.0,,0.58,,0,Cluster 0,0.9749646304044285,1,False,Normal
OGLE-2006-BLG-109L b,OGLE-2006-BLG-109L,Microlensing,2008,1788.5,14.0,1.25,231.0,0.727,82.0,1510.0,,0.51,,0,Cluster 0,1.4784072319738115,1,False,Normal
OGLE-2012-BLG-0406L b,OGLE-2012-BLG-0406L,Microlensing,2013,,13.2,1.18,868.0,2.73,,4970.0,,0.44,,0,Cluster 0,1.0245593192655051,1,False,Normal
Kepler-1265 b,Kepler-1265,Transit,2016,6.49441289,1.35,0.12043893,2.39,0.00752,732.0,583.641,4630.0,0.71,0.69,1,Cluster 1,1.0170167262837488,1,False,Normal
HD 332231 b,HD 332231,Transit,2020,18.712024,9.07303305,0.80944319,74.1,0.23314467,798.3,80.6665,6128.0,1.1642,1.266,0,Cluster 0,1.0221327145039567,1,False,Normal
HD 233604 b,HD 233604,Radial Velocity,2013,192.0,12.7,1.13,2089.644,6.575,882.5,847.058,4791.0,1.5,10.9,3,Cluster 3,0.9755050242446428,1,False,Normal
Kepler-1591 b,Kepler-1591,Transit,2016,8.18504949,1.27,0.11330181,2.15,0.00678,892.0,1419.58,6082.0,1.1,1.16,1,Cluster 1,1.0180599351389752,1,False,Normal
HD 22532 b,HD 22532,Radial Velocity,2022,872.6,13.4,1.19,673.79622284,2.12,420.41,161.183,5038.0,1.57,5.69,3,Cluster 3,1.1124321153426953,1,False,Normal
KMT-2021-BLG-0322L b,KMT-2021-BLG-0322L,Microlensing,2021,,12.7,1.13,2034.1018048,6.4,,6600.0,,0.62,,0,Cluster 0,1.215438574020749,1,False,Normal
MOA-2016-BLG-526L b,MOA-2016-BLG-526L,Microlensing,2024,,3.97,0.354,14.93793513,0.047,,6930.0,,0.37,,5,Cluster 5,0.9871722849338335,1,False,Normal
TOI-6695 c,TOI-6695,Radial Velocity,2025,242.4,13.6,1.21,460.85119015,1.45,415.0,282.536,6400.0,1.338,1.517,0,Cluster 0,1.08402128438903,1,False,Normal
Kepler-249 b,Kepler-249,Transit,2014,3.306539,1.09,0.097,1.32,0.00416,554.0,190.401,3568.0,0.510238,0.482,1,Cluster 1,1.0144507106235807,1,False,Normal
OGLE-2018-BLG-1185L b,OGLE-2018-BLG-1185L,Microlensing,2021,,2.83,0.253,8.4,0.02642936,,7400.0,,0.37,,5,Cluster 5,0.9840067670338855,1,False,Normal
WISEP J121756.91+162640.2 A b,WISEP J121756.91+162640.2 A,Imaging,2012,,10.468,0.934,6992.0,22.0,450.0,10.1,575.0,0.029,0.091,0,Cluster 0,1.433990334882542,1,False,Normal
KMT-2024-BLG-0176L b,KMT-2024-BLG-0176L,Microlensing,2026,,14.0,1.25,241.54958932,0.76,,8340.0,,0.103,,0,Cluster 0,1.0555435718765536,1,False,Normal
KMT-2021-BLG-1150L b,KMT-2021-BLG-1150L,Microlensing,2023,,13.9,1.24,279.68899816,0.88,,3800.0,,0.73,,0,Cluster 0,1.019530643197587,1,False,Normal
KMT-2017-BLG-1146L b,KMT-2017-BLG-1146L,Microlensing,2019,,14.0,1.25,230.0,0.71,,6500.0,,0.33,,0,Cluster 0,0.9860024523284036,1,False,Normal
MOA-2007-BLG-400L b,MOA-2007-BLG-400L,Microlensing,2008,,13.5,1.2,540.3082919,1.7,34.0,6890.0,,0.69,,0,Cluster 0,1.4529088132671975,1,False,Normal
UZ For b,UZ For,Eclipse Timing Variations,2011,5840.0,,,2002.2,6.3,,239.60387482,5286.9,0.7,,6,Cluster 6,1.1252205266710327,1,False,Normal
TWA 7 b,TWA 7,Imaging,2025,,12.7,1.14,108.06165838,0.34,316.0,33.9958,3509.0,0.46,0.917173,4,Cluster 4,1.0215797799624688,1,False,Normal
Kepler-1222 b,Kepler-1222,Transit,2016,1.916944254,0.79,0.07047908,0.418,0.00131,1246.0,415.218,5239.0,0.84,0.8,1,Cluster 1,1.0448823011620438,1,False,Normal
Kepler-463 b,Kepler-463,Transit,2016,8.981016833,3.05,0.27210277,9.53,0.03,880.0,394.804,5661.0,0.87,0.9,1,Cluster 1,1.0707082445214866,1,False,Normal
TOI-2337 b,TOI-2337,Transit,2022,2.99432,10.08808263,0.9,508.5254512,1.6,1272.46,536.046,4780.0,1.325,3.22,0,Cluster 0,1.6123437323925038,-1,True,Potential Outlier
MOA-2010-BLG-477L b,MOA-2010-BLG-477L,Microlensing,2012,,13.6,1.21,480.0,1.5,,2300.0,5950.0,0.67,,0,Cluster 0,1.0059035822563227,1,False,Normal
OGLE-2017-BLG-1522L b,OGLE-2017-BLG-1522L,Microlensing,2018,,14.0,1.25,240.0,0.75,,7490.0,,0.045,,0,Cluster 0,1.142916847768105,1,False,Normal
Kepler-566 b,Kepler-566,Transit,2016,18.42794624,2.15,0.19181015,5.27,0.0166,526.0,564.277,5132.0,0.83,0.79,1,Cluster 1,0.9829153214799147,1,False,Normal
Kepler-1224 b,Kepler-1224,Transit,2016,13.32351601,1.33,0.11865465,2.33,0.00733,872.0,559.598,6155.0,1.18,1.22,1,Cluster 1,1.025762391871257,1,False,Normal
WASP-149 b,WASP-149,Transit,2025,1.332813,15.24421375,1.36,314.96795134,0.991,1855.0,211.73,5750.0,1.05,1.08,0,Cluster 0,1.0645803866367958,1,False,Normal
KMT-2019-BLG-1042L b,KMT-2019-BLG-1042L,Microlensing,2022,,9.05,0.807,60.38739733,0.19,,6600.0,,0.3,,5,Cluster 5,1.0551195195819052,1,False,Normal
KMT-2019-BLG-0298L b,KMT-2019-BLG-0298L,Microlensing,2023,,13.4,1.2,575.26941667,1.81,,6710.0,,0.7,,0,Cluster 0,1.0080913258600723,1,False,Normal
WASP-60 b,WASP-60,Transit,2012,4.305,9.86392,0.88,174.8065,0.55,1479.0,431.052,5900.0,1.19,1.17,0,Cluster 0,1.065992183366236,1,False,Normal
KMT-2019-BLG-0371L b,KMT-2019-BLG-0371L,Microlensing,2021,,12.6,1.13,2447.2787339,7.7,,7010.0,,0.09,,0,Cluster 0,1.5822159000597882,-1,True,Potential Outlier
OGLE-2017-BLG-1237L b,OGLE-2017-BLG-1237L,Microlensing,2024,,13.0,1.16,1207.7479466,3.8,,6030.0,,0.46,,0,Cluster 0,1.0288166579171079,1,False,Normal
OGLE-2017-BLG-0640L b,OGLE-2017-BLG-0640L,Microlensing,2024,,13.5,1.21,514.88201934,1.62,,6630.0,,0.32,,0,Cluster 0,1.043422147730387,1,False,Normal
MXB 1658-298 b,MXB 1658-298,Eclipse Timing Variations,2017,760.0,12.0,1.07,7532.571,23.7,,,,1.98,,0,Cluster 0,1.1852093212732258,1,False,Normal
KMT-2018-BLG-0029L b,KMT-2018-BLG-0029L,Microlensing,2020,,2.67,0.238,7.59,0.0239,,3380.0,,1.14,,1,Cluster 1,1.6863280404306173,-1,True,Potential Outlier
Kepler-619 c,Kepler-619,Transit,2016,1.208465026,1.69,0.1507717,3.5,0.011,1767.0,900.678,5980.0,1.09,1.11,1,Cluster 1,1.015736252063245,1,False,Normal
Kepler-186 b,Kepler-186,Transit,2014,3.8867907,1.07,0.095,1.24,0.0039,571.0,177.594,3788.0,0.478,0.472,1,Cluster 1,1.0021483961945885,1,False,Normal
K2-183 d,K2-183,Transit,2018,22.620344,2.3,0.20519261,5.9,0.0186,615.0,329.041,5482.0,0.942219,0.87,1,Cluster 1,0.9910618369324447,1,False,Normal
Kepler-1677 b,Kepler-1677,Transit,2020,22.064,2.70216183,0.24107073,7.76,0.0244,712.0,735.369,6013.72,1.11,1.24959,1,Cluster 1,1.014032338777798,1,False,Normal
KMT-2018-BLG-0087L b,KMT-2018-BLG-0087L,Microlensing,2022,,10.1,0.903,73.10053361,0.23,,7020.0,,0.1,,5,Cluster 5,1.1728700941745918,1,False,Normal
KOI-55 c,KOI-55,Orbital Brightness Modulation,2011,0.342887,0.867,0.0773,0.655,0.0021,6910.74,1231.02,27730.0,0.496,0.203,7,Cluster 7,3.563744072727028,-1,True,Potential Outlier
KMT-2024-BLG-1044L b,KMT-2024-BLG-1044L,Microlensing,2024,,2.7,0.241,7.75,0.02438423,,7140.0,,0.069,,5,Cluster 5,1.037158261288231,1,False,Normal
KMT-2019-BLG-0297L b,KMT-2019-BLG-0297L,Microlensing,2023,,12.1,1.08,6038.739733,19.0,,3090.0,,0.21,,0,Cluster 0,1.127516293729276,1,False,Normal
OGLE-2012-BLG-0724L b,OGLE-2012-BLG-0724L,Microlensing,2016,,14.3,1.27,150.0,0.47,,6700.0,,0.29,,0,Cluster 0,0.9709964482467672,1,False,Normal
Kepler-1620 b,Kepler-1620,Transit,2016,101.951829,1.61,0.14363458,3.22,0.0101,428.0,895.069,6157.0,1.15,1.23,1,Cluster 1,1.100013437119455,1,False,Normal
KMT-2019-BLG-0578L b,KMT-2019-BLG-0578L,Microlensing,2025,,13.7,1.22,381.3940884,1.2,,7300.0,,0.28,,0,Cluster 0,0.9805173897398538,1,False,Normal
Kepler-85 e,Kepler-85,Transit,2014,25.216751,1.27,0.113,0.6,0.0018878,559.0,765.025,5436.0,0.947,0.893,1,Cluster 1,1.5527863384417018,-1,True,Potential Outlier
TOI-2128 b,TOI-2128,Transit,2024,16.34136,2.08874836,0.18634597,4.5,0.01415858,780.53,36.578,5968.0,1.0251,1.1174,1,Cluster 1,1.2257972278100238,1,False,Normal
Kepler-1693 c,Kepler-1693,Transit,2021,5.363709927,0.97698289,0.08716073,0.894,0.00281,1059.0,760.065,5553.0,0.941,1.098,1,Cluster 1,0.998381943282725,1,False,Normal
TOI-5174 b,TOI-5174,Transit,2022,12.214286,5.351,0.47738507,24.8,0.0779,808.37,197.243,5643.77,1.0,1.09457,1,Cluster 1,1.030268153737141,1,False,Normal
WASP-172 b,WASP-172,Transit,2018,5.477433,17.59813,1.57,149.3801,0.47,1740.0,538.11,6900.0,1.49,1.91,0,Cluster 0,1.1024930438806329,1,False,Normal
Kepler-403 b,Kepler-403,Transit,2014,7.031462,1.25,0.112,2.1,0.0066,1194.0,840.269,6090.0,1.299,1.329,1,Cluster 1,1.0882706909463464,1,False,Normal
KMT-2022-BLG-2286L b,KMT-2022-BLG-2286L,Microlensing,2024,,12.1,1.08,6038.739733,19.0,,7320.0,,0.2,,0,Cluster 0,1.130058398153274,1,False,Normal
Kepler-1493 b,Kepler-1493,Transit,2016,15.0217983,1.41,0.12579177,2.57,0.00809,874.0,555.051,5863.0,1.06,1.29,1,Cluster 1,1.036510580436304,1,False,Normal
OGLE-2019-BLG-0249L b,OGLE-2019-BLG-0249L,Microlensing,2023,,12.7,1.13,2262.93825784,7.12,,6370.0,,0.91,,0,Cluster 0,1.1331595541428163,1,False,Normal
Kepler-137 c,Kepler-137,Transit,2014,18.735753,1.88,0.168,4.19,0.0132,568.0,302.979,5187.0,0.85,0.802,1,Cluster 1,1.0039725663705266,1,False,Normal
OGLE-2018-BLG-1011L c,OGLE-2018-BLG-1011L,Microlensing,2019,,13.2,1.18,890.0,2.8,,7100.0,,0.18,,0,Cluster 0,1.2988968631820934,1,False,Normal
OGLE-2018-BLG-0677L b,OGLE-2018-BLG-0677L,Microlensing,2020,,1.82,0.162,3.96,0.0125,,7580.0,,0.12,,5,Cluster 5,1.0244098459156263,1,False,Normal
OGLE-2019-BLG-0679L b,OGLE-2019-BLG-0679L,Microlensing,2023,,13.1,1.17,1061.54687938,3.34,,5630.0,,0.66,,0,Cluster 0,1.0110427999184979,1,False,Normal
MOA-bin-1L b,MOA-bin-1L,Microlensing,2012,,13.0,1.16,1200.0,3.7,,5100.0,,0.75,,0,Cluster 0,1.0370644867902112,1,False,Normal
Kepler-365 b,Kepler-365,Transit,2014,10.664903,2.04,0.182,4.82,0.0152,865.0,1038.99,6012.0,1.02,1.048,1,Cluster 1,1.010568392657924,1,False,Normal
KMT-2020-BLG-0414L c,KMT-2020-BLG-0414L,Microlensing,2021,,11.9,1.07,8581.366989,27.0,,1220.0,,0.49,,0,Cluster 0,1.0726021406660418,1,False,Normal
HD 11977 b,HD 11977,Radial Velocity,2005,711.0,12.7,1.13,2080.0,6.54,547.97,67.9331,4970.0,1.91,10.09,3,Cluster 3,0.9914512442351017,1,False,Normal
Kepler-1038 b,Kepler-1038,Transit,2016,148.4603382,3.53,0.31492551,12.2,0.0384,285.0,584.136,5335.0,0.87,0.83,1,Cluster 1,1.0122458064881492,1,False,Normal
Kepler-250 c,Kepler-250,Transit,2014,7.156804,2.28,0.203,5.82,0.0183,782.0,760.585,5160.0,0.806,0.805,1,Cluster 1,0.9905948936566755,1,False,Normal
eps CrB b,eps CrB,Radial Velocity,2012,417.9,12.7,1.13,2129.461,6.7,853.92,69.8683,4406.0,1.7,21.0,3,Cluster 3,1.3811560719334994,1,False,Normal
TOI-521 b,TOI-521,Transit,2025,1.54285047,1.98,0.17664407,5.3,0.01667566,794.0,60.9425,3544.0,0.42,0.421,1,Cluster 1,1.0142105735752396,1,False,Normal
OGLE-2015-BLG-0954L b,OGLE-2015-BLG-0954L,Microlensing,2016,,13.1,1.17,1100.0,3.4,,1200.0,,0.3,,0,Cluster 0,1.0961689273176793,1,False,Normal
Kepler-247 b,Kepler-247,Transit,2014,3.33616,1.64,0.146,3.33,0.0105,970.0,663.711,5100.0,0.887,0.768,1,Cluster 1,1.0321711393194493,1,False,Normal
KOI-884 e,Kepler-247,Transit Timing Variations,2014,59.947,13.3,1.18,769.14474494,2.42,,663.711,5094.0,0.884,0.791,0,Cluster 0,1.142722552193286,1,False,Normal
Kepler-247 c,Kepler-247,Transit,2014,9.439452,4.09,0.365,15.7,0.0494,686.0,663.711,5100.0,0.887,0.768,1,Cluster 1,1.146831373709283,1,False,Normal
Kepler-247 d,Kepler-247,Transit,2014,20.4737,4.5,0.4014638,50.0,0.15731759,530.0,663.711,5094.0,0.884,0.791,1,Cluster 1,1.1393806288467787,1,False,Normal
KMT-2019-BLG-0953L b,KMT-2019-BLG-0953L,Microlensing,2022,,4.06,0.362,15.5,0.04876845,,7200.0,,0.28,,5,Cluster 5,0.9710959276622354,1,False,Normal
OGLE-2017-BLG-1691L b,OGLE-2017-BLG-1691L,Microlensing,2022,,3.92,0.35,14.62010672,0.046,,7290.0,,0.45,,5,Cluster 5,0.9875580192491598,1,False,Normal
alf Ari b,alf Ari,Radial Velocity,2010,380.8,13.4,1.2,572.07,1.8,747.22,20.21019,4553.0,1.5,13.9,3,Cluster 3,1.0155651636691425,1,False,Normal
TOI-2180 b,TOI-2180,Transit,2022,260.79,11.32107051,1.01,875.61726129,2.755,348.0,116.685,5695.0,1.111,1.636,0,Cluster 0,1.1464518610002483,1,False,Normal
KMT-2024-BLG-0404L c,KMT-2024-BLG-0404L,Microlensing,2025,,4.33,0.386,17.3,0.05443189,,7210.0,,0.09,,5,Cluster 5,1.0346741062359,1,False,Normal
OGLE-2018-BLG-1428L b,OGLE-2018-BLG-1428L,Microlensing,2021,,14.0,1.25,240.0,0.77,,6220.0,,0.43,,0,Cluster 0,0.9832848249471059,1,False,Normal
KMT-2021-BLG-1689L b,KMT-2021-BLG-1689L,Microlensing,2022,,7.71,0.688,46.0,0.14473219,,7200.0,4570.0,0.58,,0,Cluster 0,1.1418027405730427,1,False,Normal
MOA-2010-BLG-073L b,MOA-2010-BLG-073L,Microlensing,2012,,12.4,1.11,3500.0,11.0,,2800.0,,0.16,,0,Cluster 0,1.1834317703661092,1,False,Normal
KMT-2017-BLG-2197L b,KMT-2017-BLG-2197L,Microlensing,2025,,12.5,1.12,2809.60311788,8.84,,7800.0,,0.36,,0,Cluster 0,1.324926801468082,1,False,Normal
KMT-2018-BLG-1988L b,KMT-2018-BLG-1988L,Microlensing,2022,,2.22,0.198,5.56,0.01749372,,4150.0,,0.47,,5,Cluster 5,1.0186470601900253,1,False,Normal
Kepler-302 b,Kepler-302,Transit,2014,30.184104,4.06,0.362,15.5,0.0488,634.0,1402.58,5740.0,1.021,1.22,1,Cluster 1,1.078987354424767,1,False,Normal
GJ 3779 b,GJ 3779,Radial Velocity,2018,3.0232,2.75,0.245,8.0,0.02517069,526.94,13.743,3324.0,0.27,0.281,1,Cluster 1,1.0913922537401632,1,False,Normal
Kepler-985 b,Kepler-985,Transit,2016,116.331901,2.98,0.26585779,9.17,0.0288,323.0,679.361,5434.0,0.91,0.85,1,Cluster 1,1.000441480985168,1,False,Normal
Kepler-248 b,Kepler-248,Transit,2014,6.308205,3.02,0.269,9.38,0.0295,819.0,738.792,5190.0,0.838,0.831,1,Cluster 1,1.029174519738524,1,False,Normal
Kepler-836 b,Kepler-836,Transit,2016,11.36112327,2.73,0.24355429,7.9,0.0249,869.0,980.035,5895.0,1.03,1.04,1,Cluster 1,1.008541543125979,1,False,Normal
TOI-1224 c,TOI-1224,Transit,2024,17.945466,2.884,0.25729369,8.67,0.0273,303.12,37.3312,3326.0,0.4,0.404,1,Cluster 1,1.0411583241354971,1,False,Normal
Kepler-142 d,Kepler-142,Transit,2014,41.809118,2.16,0.193,5.31,0.0167,582.0,548.686,5790.0,0.978,1.269,1,Cluster 1,1.0404544568990557,1,False,Normal
OGLE-2019-BLG-0304L b,OGLE-2019-BLG-0304L,Microlensing,2021,,14.2,1.27,162.09248757,0.51,,6980.0,,0.27,,0,Cluster 0,0.9663717943723249,1,False,Normal
MOA-2022-BLG-563L b,MOA-2022-BLG-563L,Microlensing,2024,,14.0,1.25,127.1313628,0.4,,6530.0,,0.48,,0,Cluster 0,1.003422391029935,1,False,Normal
KMT-2021-BLG-2010L b,KMT-2021-BLG-2010L,Microlensing,2023,,13.8,1.23,340.07639549,1.07,,7090.0,,0.37,,0,Cluster 0,0.9705839769614792,1,False,Normal
KMT-2024-BLG-1005L b,KMT-2024-BLG-1005L,Microlensing,2025,,12.1,1.08,6674.396547,21.0,,6950.0,,0.055,,0,Cluster 0,1.1443938639263098,1,False,Normal
KMT-2021-BLG-1077L c,KMT-2021-BLG-1077L,Microlensing,2022,,10.6,0.949,79.45710175,0.25,,8240.0,,0.14,,5,Cluster 5,1.2309672691016016,1,False,Normal
Kepler-1676 b,Kepler-1676,Transit,2020,29.9221,3.3769596,0.30127216,11.3,0.0357,782.0,,5878.3,1.07,1.06066,1,Cluster 1,1.0959703879234137,1,False,Normal
K2-65 b,K2-65,Transit,2016,12.6475,1.58,0.14095816,3.12,0.00982,723.51,72.2,5213.0,0.87,0.84,1,Cluster 1,0.996058785452672,1,False,Normal
OGLE-2018-BLG-0799L b,OGLE-2018-BLG-0799L,Microlensing,2022,,10.9,0.971,82.63538582,0.26,,4050.0,,0.093,,5,Cluster 5,1.1910800183113706,1,False,Normal
KMT-2023-BLG-0466L b,KMT-2023-BLG-0466L,Microlensing,2026,,13.1,1.17,1032.94232275,3.25,,6800.0,,0.44,,0,Cluster 0,1.0237011740629396,1,False,Normal
BD+63 1405 b,BD+63 1405,Radial Velocity,2021,1198.48,12.4,1.11,3305.4154328,10.4,150.69,38.0473,5000.0,0.816,0.804724,0,Cluster 0,1.0648890479701651,1,False,Normal
WASP-73 b,WASP-73,Transit,2014,4.08722,15.91678,1.42,908.9938,2.86,1790.0,316.678,6030.0,2.52,2.55,0,Cluster 0,1.8151970356045362,-1,True,Potential Outlier
Kepler-733 b,Kepler-733,Transit,2016,20.83424726,2.82,0.25158355,8.35,0.0263,595.0,916.706,5418.0,0.9,0.86,1,Cluster 1,0.9984496106576539,1,False,Normal
Kepler-124 d,Kepler-124,Transit,2014,30.950851,1.11,0.099,1.41,0.00444,428.0,420.046,4984.0,0.706,0.636,1,Cluster 1,1.1959190454775044,1,False,Normal
Kepler-244 c,Kepler-244,Transit,2014,9.767292,2.05,0.183,4.86,0.0153,791.0,1036.49,5554.0,0.933,0.803,1,Cluster 1,0.97615485014709,1,False,Normal
Kepler-2001 c,Kepler-2001,Transit,2023,14.092583189,1.82,0.1623698,3.97,0.0125,597.0,776.55,5081.0,0.864,0.77,1,Cluster 1,1.0422912758818594,1,False,Normal
KMT-2021-BLG-0852L b,KMT-2021-BLG-0852L,Microlensing,2026,,14.2,1.27,155.73591943,0.49,,7230.0,,0.75,,0,Cluster 0,1.031500008644737,1,False,Normal
Kepler-32 b,Kepler-32,Transit,2011,5.90124,2.2,0.196,1303.0,4.1,514.0,323.847,3900.0,0.58,0.53,6,Cluster 6,3.0589819618761207,-1,True,Potential Outlier
TOI-5108 b,TOI-5108,Transit,2025,6.753581,6.6,0.58881358,32.0,0.10068326,1180.0,130.919,5808.0,1.1,1.29,1,Cluster 1,1.1338000244803,1,False,Normal
KMT-2016-BLG-2605L b,KMT-2016-BLG-2605L,Microlensing,2021,,14.0,1.25,245.0457018,0.771,,6421.0,,0.064,,0,Cluster 0,1.1041424168542087,1,False,Normal
OGLE-2018-BLG-0977L b,OGLE-2018-BLG-0977L,Microlensing,2022,,2.41,0.215,6.4,0.02013665,,6500.0,,0.47,,5,Cluster 5,1.0143515105454333,1,False,Normal
OGLE-2007-BLG-368L b,OGLE-2007-BLG-368L,Microlensing,2009,,4.72,0.421,20.0,0.06,,5900.0,,0.64,,5,Cluster 5,1.071283653719528,1,False,Normal
MOA-2011-BLG-262L b,MOA-2011-BLG-262L,Microlensing,2014,,4.29,0.383,17.0,0.053,,7200.0,,0.11,,5,Cluster 5,0.9870804276664433,1,False,Normal
Kepler-132 c,Kepler-132,Transit,2014,6.414914,1.28,0.114,2.18,0.00687,1069.0,349.549,6003.0,0.929,1.178,1,Cluster 1,1.2579992069503776,1,False,Normal
KMT-2025-BLG-0481L b,KMT-2025-BLG-0481L,Microlensing,2026,,14.1,1.26,187.51876013,0.59,,7980.0,,0.22,,0,Cluster 0,0.9772032982194038,1,False,Normal
KMT-2019-BLG-1339L b,KMT-2019-BLG-1339L,Microlensing,2020,,13.7,1.22,397.0,1.25,,6120.0,,0.48,,0,Cluster 0,0.9884745675153164,1,False,Normal
OGLE-2017-BLG-1140L b,OGLE-2017-BLG-1140L,Microlensing,2018,,13.5,1.21,505.0,1.59,,,,0.211,,0,Cluster 0,1.0281824339621983,1,False,Normal
KMT-2022-BLG-1790L b,KMT-2022-BLG-1790L,Microlensing,2025,,13.5,1.2,549.84314411,1.73,,6480.0,,0.58,,0,Cluster 0,0.9803024186019449,1,False,Normal
KMT-2018-BLG-1996L b,KMT-2018-BLG-1996L,Microlensing,2021,,13.7,1.23,346.43296363,1.09,,5910.0,,0.69,,0,Cluster 0,1.004922401388169,1,False,Normal
Kepler-47 b,Kepler-47,Transit,2012,49.4643,3.05,0.27210277,2.07,0.00651292,490.2,1025.02,5636.0,0.957,0.936,1,Cluster 1,1.2171952926616143,1,False,Normal
HD 190007 b,HD 190007,Radial Velocity,2020,11.724128,4.06,0.362,15.5,0.04876845,651.41,12.7141,4610.0,0.77,0.79,1,Cluster 1,1.2261724845609527,1,False,Normal
Kepler-1219 b,Kepler-1219,Transit,2016,16.10467749,2.12,0.18913373,5.14,0.0162,1159.0,880.895,5944.0,1.25,1.94,1,Cluster 1,1.0852141460162597,1,False,Normal
Kepler-1808 b,Kepler-1808,Transit,2021,23.3404007,3.02511302,0.26988297,9.4,0.0296,601.0,1022.01,5530.0,0.773,0.892,1,Cluster 1,1.2878349031945775,1,False,Normal
Kepler-824 b,Kepler-824,Transit,2016,4.51436633,1.87,0.16683023,4.16,0.0131,1231.0,1201.4,6035.0,1.15,1.22,1,Cluster 1,0.9875744264932458,1,False,Normal
HD 95089 b,HD 95089,Radial Velocity,2009,464.4,13.7,1.22,400.4658,1.26,458.34,136.957,4918.0,1.54,5.08,3,Cluster 3,1.079508505529921,1,False,Normal
Kepler-610 c,Kepler-610,Transit,2016,151.86392,3.3,0.29440628,10.9,0.0343,318.0,845.824,5943.0,1.1,1.13,1,Cluster 1,1.091086005889648,1,False,Normal
Kepler-410 A b,Kepler-410 A,Transit,2013,17.833648,2.838,0.253,8.44,0.0265,866.0,147.527,6273.0,1.214,1.352,1,Cluster 1,1.0711335313150854,1,False,Normal
DMPP-6 b,DMPP-6,Radial Velocity,2026,7.6027,2.28,0.203,5.8,0.01824884,1203.65,54.6303,6182.09,1.079,1.27,1,Cluster 1,1.0465431286953426,1,False,Normal
Gaia22dkvL b,Gaia22dkvL,Microlensing,2024,,14.1,1.26,187.83658854,0.591,,1270.0,,1.145,,0,Cluster 0,1.0701124309079704,1,False,Normal
MOA-2022-BLG-249L b,MOA-2022-BLG-249L,Microlensing,2023,,2.04,0.182,4.83,0.01519688,,2000.0,,0.18,,5,Cluster 5,0.9983949749604741,1,False,Normal
Kepler-1063 b,Kepler-1063,Transit,2016,14.07971466,1.49,0.1329289,2.83,0.00889,931.0,343.226,5945.0,1.09,1.14,1,Cluster 1,0.9849214683649234,1,False,Normal
KMT-2021-BLG-1303L b,KMT-2021-BLG-1303L,Microlensing,2022,,13.6,1.21,120.77479466,0.38,,6280.0,,0.57,,0,Cluster 0,0.9825879234200796,1,False,Normal
OGLE-2018-BLG-0596L b,OGLE-2018-BLG-0596L,Microlensing,2019,,3.81,0.34,13.93,0.04383,,5650.0,,0.231,,5,Cluster 5,0.9686466475100284,1,False,Normal
KMT-2023-BLG-0830L b,KMT-2023-BLG-0830L,Microlensing,2025,,4.41,0.393,17.79839079,0.056,,7250.0,,0.22,,5,Cluster 5,0.9764026253036706,1,False,Normal
KMT-2023-BLG-0735L b,KMT-2023-BLG-0735L,Microlensing,2024,,6.97,0.622,38.77506565,0.122,,6390.0,,0.61,,5,Cluster 5,1.1161412116750467,1,False,Normal
KMT-2021-BLG-0320L b,KMT-2021-BLG-0320L,Microlensing,2022,,6.2,0.553,31.7828407,0.1,,6950.0,,0.32,,5,Cluster 5,1.0486843562644812,1,False,Normal
OGLE-2023-BLG-0766L b,OGLE-2023-BLG-0766L,Microlensing,2026,,13.7,1.23,349.6112477,1.1,,7400.0,,0.39,,0,Cluster 0,0.9675222918352103,1,False,Normal
Kepler-1628 b,Kepler-1628,Transit,2016,76.378033,6.43,0.57364618,33.8,0.106,240.0,352.0,3724.0,0.55,0.52,1,Cluster 1,1.4506991960140616,1,False,Normal
OGLE2-TR-L9 b,OGLE2-TR-L9,Transit,2008,2.4855335,18.046,1.61,1430.175,4.5,2034.0,1627.63,6933.0,1.52,1.53,0,Cluster 0,1.2697936933913172,1,False,Normal
TOI-5736 b,TOI-5736,Transit,2025,0.64899,1.56,0.13917412,3.05,0.00961,1311.0,92.3604,3949.0,0.57,0.58,1,Cluster 1,1.2030626681218997,1,False,Normal
Kepler-1577 b,Kepler-1577,Transit,2016,6.30560247,1.13,0.10081185,1.51,0.00474,1125.0,510.029,4862.0,0.78,0.74,1,Cluster 1,1.0986075274873728,1,False,Normal
K2-13 b,K2-13,Transit,2015,39.91488,1.89,0.16861451,4.23,0.0133,511.0,342.394,5698.0,0.8,0.78,1,Cluster 1,1.2623996080986628,1,False,Normal
Kepler-416 b,Kepler-416,Transit Timing Variations,2014,6.319,2.48,0.221,58.2,0.183,986.0,690.819,5718.0,1.0,1.075,1,Cluster 1,1.7073970057380152,-1,True,Potential Outlier
TOI-1533 b,TOI-1533,Transit,2026,3.6457974,2.89,0.25782897,28.1,0.08841249,1011.0,100.051,5146.0,0.88,0.849,1,Cluster 1,1.1110102764411596,1,False,Normal
Kepler-675 b,Kepler-675,Transit,2016,2.33743801,2.44,0.21768222,6.53,0.0205,1070.0,665.68,4945.0,0.79,0.75,1,Cluster 1,1.195774312984559,1,False,Normal
Kepler-1489 c,Kepler-1489,Transit,2024,0.680741,0.51,0.04549923,0.087,0.000274,,1283.05,5565.53,0.977,0.957,1,Cluster 1,1.3222328249793143,1,False,Normal
K2-190 c,K2-190,Transit,2018,21.574023,1.09308317,0.09751835,1.34,0.00421,,160.679,5631.0,0.904597,0.912206,1,Cluster 1,1.0103014460441824,1,False,Normal
Kepler-276 c,Kepler-276,Transit,2013,31.884,2.9,0.259,16.6,0.052,563.0,1144.86,5693.0,1.1,1.03,1,Cluster 1,1.310400749538624,1,False,Normal
HD 148164 b,HD 148164,Radial Velocity,2018,328.55,13.7,1.22,390.9309,1.23,337.89,77.1971,6032.0,1.21,1.34,0,Cluster 0,0.9734493479473431,1,False,Normal
Kepler-1996 b,Kepler-1996,Transit,2023,32.376183,2.26,0.20162404,5.73,0.018,392.0,440.561,4580.0,0.748,0.675,1,Cluster 1,1.0002838107919811,1,False,Normal
HIP 107772 b,HIP 107772,Radial Velocity,2020,55.199,3.64,0.325,12.9,0.04058774,280.92,23.6434,4006.0,0.63,0.513922,1,Cluster 1,1.106741803857312,1,False,Normal
Kepler-446 c,Kepler-446,Transit,2015,3.036179,1.11,0.1,1.41,0.00444,520.0,96.339,3359.0,0.22,0.24,1,Cluster 1,1.013794703350897,1,False,Normal
KIC 3526061 b,KIC 3526061,Radial Velocity,2022,3552.0,12.1,1.08,5768.58558705,18.15,248.63,401.229,4829.0,1.42,5.86,3,Cluster 3,2.025888173829448,-1,True,Potential Outlier
HD 11964 c,HD 11964,Radial Velocity,2008,37.91,5.38,0.48,25.0,0.0788,757.54,33.5369,5303.0,0.91,2.00971,1,Cluster 1,1.3222659838203794,1,False,Normal
Kepler-1482 b,Kepler-1482,Transit,2016,12.25383217,1.01,0.09010616,1.01,0.00317,678.0,567.556,5381.0,0.88,0.84,1,Cluster 1,1.1194581592571393,1,False,Normal
TOI-5515 b,TOI-5515,Transit,2026,8.59225810839,2.65362762,0.23674121,7.53,0.0237,778.1,135.459,5483.65,0.963,0.835682,1,Cluster 1,1.0152945153480493,1,False,Normal
TOI-2184 b,TOI-2184,Transit,2022,6.90683,11.39953337,1.017,206.58846455,0.65,1676.05,788.317,5966.0,1.53,2.9,0,Cluster 0,1.4179838033410919,1,False,Normal
HD 102329 c,HD 102329,Radial Velocity,2016,1123.0,13.5,1.21,483.1016,1.52,,217.107,4830.0,1.3,6.3,3,Cluster 3,1.693829681957681,-1,True,Potential Outlier
HD 39194 b,HD 39194,Radial Velocity,2021,5.63692,1.99,0.178,4.62,0.01453615,915.16,26.4131,5205.0,0.86,0.783742,1,Cluster 1,1.0057381418319717,1,False,Normal
HD 199509 b,HD 199509,Radial Velocity,2022,99.62167,7.43,0.663,43.22466335,0.136,410.73,24.3056,5796.02,1.04,0.92,0,Cluster 0,0.9866024835667415,1,False,Normal
Kepler-325 d,Kepler-325,Transit,2014,38.715185,2.79,0.249,8.2,0.0258,498.0,823.242,5752.0,0.914,1.003,1,Cluster 1,1.044209220883706,1,False,Normal
Kepler-1940 b,Kepler-1940,Transit,2021,4.950610161,1.54732469,0.1380433,3.01,0.00948,885.0,798.595,5431.0,0.802,0.717,1,Cluster 1,1.1379523593258078,1,False,Normal
TOI-2545 b,TOI-2545,Transit,2022,7.994037,2.75,0.24533899,8.0,0.0252,1022.99,107.118,5846.29,1.055,1.25324,1,Cluster 1,0.9947104301182839,1,False,Normal
Kepler-1612 b,Kepler-1612,Transit,2016,3.91795101,1.03,0.09189045,1.08,0.0034,1030.0,764.726,5643.0,0.96,0.94,1,Cluster 1,0.9999601963844779,1,False,Normal
HD 136352 c,HD 136352,Radial Velocity,2019,27.59221,2.916,0.26014854,11.24,0.03536499,677.0,14.682,5664.0,0.87,1.058,1,Cluster 1,1.1913333458769078,1,False,Normal
EPIC 201615463 c,K2-166,Transit,2019,3.80464,1.22,0.10884111,1.98,0.00624,,476.882,5960.0,1.073,1.61,1,Cluster 1,1.210711993362108,1,False,Normal
Kepler-225 b,Kepler-225,Transit,2014,6.738975,1.2,0.107,1.87,0.00588,579.0,561.101,3682.0,0.593,0.48,1,Cluster 1,1.0574744795909403,1,False,Normal
HD 20868 b,HD 20868,Radial Velocity,2008,380.85001,13.7,1.22,397.2875,1.25,207.11,47.7223,4802.0,0.39,0.76,0,Cluster 0,1.2114090948348157,1,False,Normal
Kepler-1930 b,Kepler-1930,Transit,2021,13.02680016,1.52955541,0.13645803,2.95,0.00929,643.0,275.694,5083.0,0.844,0.844,1,Cluster 1,1.074139776245777,1,False,Normal
Kepler-1439 b,Kepler-1439,Transit,2016,8.07392849,1.46,0.13025248,2.73,0.00859,420.0,225.393,3578.0,0.46,0.43,1,Cluster 1,1.0435052817360337,1,False,Normal
HD 155193 b,HD 155193,Radial Velocity,2021,352.65,14.0,1.25,238.37130525,0.75,391.86,57.7995,6239.0,1.221,1.76439,0,Cluster 0,1.0205409610592522,1,False,Normal
TOI-1266 c,TOI-1266,Transit,2020,18.8027,1.98,0.17664407,3.17,0.00997394,346.0,36.0118,3563.0,0.437,0.4232,1,Cluster 1,1.0057729361334613,1,False,Normal
Kepler-1536 b,Kepler-1536,Transit,2016,364.758031,3.14,0.28013204,10.0,0.0315,166.0,387.248,4434.0,0.71,0.67,1,Cluster 1,1.2723012152464264,1,False,Normal
HD 134987 b,HD 134987,Radial Velocity,1999,258.17999,13.5,1.21,511.7063,1.61,339.45,26.1804,5736.0,1.1,1.22,0,Cluster 0,1.0257782585529007,1,False,Normal
Kepler-961 b,Kepler-961,Transit,2016,16.87727414,2.55,0.22749576,7.04,0.0221,642.0,574.314,5582.0,0.96,0.9,1,Cluster 1,0.9889019062765749,1,False,Normal
TOI-262 b,TOI-262,Transit,2023,11.14529,2.07,0.18467335,4.94,0.0155,584.0,43.932,5310.0,0.913,0.853,1,Cluster 1,1.0565968143418396,1,False,Normal
Kepler-539 b,Kepler-539,Transit,2016,125.63243,8.373123,0.747,308.2951,0.97,387.6,307.318,5820.0,1.048,0.952,0,Cluster 0,0.9840581047875444,1,False,Normal
Kepler-319 c,Kepler-319,Transit,2014,6.941357,2.63,0.235,7.41,0.0233,876.0,503.436,5526.0,0.933,0.903,1,Cluster 1,1.0337789083206452,1,False,Normal
HD 179079 b,HD 179079,Radial Velocity,2008,14.479,,,4195.3349724,13.2,997.61,69.7116,5646.0,1.14,1.63,6,Cluster 6,1.3781270232783231,1,False,Normal
Kepler-1099 b,Kepler-1099,Transit,2016,2.168452593,2.83,0.25247569,8.4,0.0264,1558.0,1022.8,5837.0,1.01,1.0,1,Cluster 1,1.055183345050461,1,False,Normal
Kepler-244 d,Kepler-244,Transit,2014,20.050401,2.31,0.206,15.2,0.048,622.0,1036.49,5554.0,0.933,0.803,1,Cluster 1,1.3305818010680832,1,False,Normal
NY Vir c,NY Vir,Eclipse Timing Variations,2019,8799.0,12.8,1.14,1760.7782,5.54,,544.024,32780.0,0.459,0.151,7,Cluster 7,3.2213023285455735,-1,True,Potential Outlier
Kepler-377 b,Kepler-377,Transit,2014,12.509529,1.39,0.124,2.51,0.0079,875.0,823.804,5949.0,1.043,1.224,1,Cluster 1,1.0226413603469502,1,False,Normal
Kepler-879 b,Kepler-879,Transit,2016,33.3855938,2.57,0.22928004,7.13,0.0224,580.0,802.672,5792.0,1.02,1.02,1,Cluster 1,0.9628362719616606,1,False,Normal
Kepler-705 b,Kepler-705,Transit,2016,56.0560538,2.11,0.18824159,5.1,0.016,265.0,276.881,3722.0,0.53,0.51,1,Cluster 1,1.0085980491201296,1,False,Normal
Kepler-163 c,Kepler-163,Transit,2014,21.347262,2.26,0.202,5.73,0.018,648.0,689.814,5776.0,0.882,0.917,1,Cluster 1,1.0856089434244176,1,False,Normal
TOI-778 b,TOI-778,Transit,2023,4.633611,15.4,1.37,878.0,2.8,1561.0,161.743,6643.0,1.4,1.71,0,Cluster 0,1.1077580845564277,1,False,Normal
Kepler-1355 b,Kepler-1355,Transit,2016,1.289588112,1.46,0.13025248,2.73,0.00859,1448.0,911.269,5352.0,0.88,0.83,1,Cluster 1,1.0654670590890227,1,False,Normal
Kepler-411 d,Kepler-411,Transit,2018,58.02035,3.319,0.29610135,15.2,0.04782431,410.0,153.676,4974.0,0.87,0.82,1,Cluster 1,1.141181164181472,1,False,Normal
Kepler-1542 e,Kepler-1542,Transit,2016,5.10115756,0.76,0.06780266,0.363,0.00114,1065.0,399.114,5564.0,0.94,0.99,1,Cluster 1,1.0149123750634315,1,False,Normal
Kepler-1579 b,Kepler-1579,Transit,2016,0.849907889,0.84,0.07493978,0.52,0.00164,1139.0,466.0,4584.0,0.75,0.7,1,Cluster 1,1.1350639842760182,1,False,Normal
K2-264 c,K2-264,Transit,2018,19.660302,2.668,0.23802302,7.6,0.0239,331.0,185.605,3660.0,0.496,0.473,1,Cluster 1,0.9939089190956295,1,False,Normal
Kepler-1073 d,Kepler-1073,Transit,2021,2.504760027,1.48770949,0.13272478,2.82,0.00887,1369.0,809.897,5509.0,0.924,1.116,1,Cluster 1,1.0035555520672765,1,False,Normal
Kepler-510 b,Kepler-510,Transit,2016,19.55659418,2.47,0.22035864,6.66,0.021,797.0,386.177,5746.0,0.91,1.41,1,Cluster 1,1.099191756540962,1,False,Normal
HD 164509 b,HD 164509,Radial Velocity,2012,280.17,14.3,1.28,140.79869,0.443,319.12,53.1119,5859.0,1.12,1.11,0,Cluster 0,1.0347318737083577,1,False,Normal
TIC 34085383 b,TIC 34085383,Transit,2026,3.47793368523,3.91982296,0.34970378,14.6,0.0459,,149.12,4694.84,0.733,0.809951,1,Cluster 1,1.1923705613833233,1,False,Normal
TYC 3667-1280-1 b,TYC 3667-1280-1,Radial Velocity,2016,26.468,12.8,1.14,1716.282,5.4,1350.0,477.516,5130.0,1.87,6.26,0,Cluster 0,1.7921672772230188,-1,True,Potential Outlier
HATS-59 c,HATS-59,Radial Velocity,2018,1422.0,12.3,1.1,4036.441,12.7,175.9,642.884,5670.0,1.038,1.036,0,Cluster 0,1.4086880618983226,1,False,Normal
Kepler-1605 b,Kepler-1605,Transit,2016,85.7565495,1.08,0.09635115,1.28,0.00403,528.0,546.23,5280.0,0.86,0.82,1,Cluster 1,1.165969023015028,1,False,Normal
Ross 458 c,Ross 458,Imaging,2010,,14.01125,1.25,1906.98,6.0,4.32,11.5094,3965.42,0.556419,0.562566,0,Cluster 0,3.3307566812051066,-1,True,Potential Outlier
SR 12 AB c,SR 12 AB,Imaging,2010,,12.3,1.1,4131.62,13.0,,112.31721584,3828.93,,1.103075,0,Cluster 0,1.224149619160338,1,False,Normal
HD 187123 b,HD 187123,Radial Velocity,1998,3.0965828,14.2,1.27,166.218,0.523,1450.9,45.9548,5790.0,1.04,1.15043,0,Cluster 0,0.9707645785049633,1,False,Normal
OGLE-TR-132 b,OGLE-TR-132,Transit,2004,1.689868,13.45,1.2,375.02,1.18,2013.0,2012.62,6210.0,1.305,1.32,0,Cluster 0,1.1358411509601545,1,False,Normal
OGLE-TR-56 b,OGLE-TR-56,Transit,2002,1.2119189,15.278,1.36301421,441.77,1.39,2212.0,282.83913869,6050.0,1.228,1.363,0,Cluster 0,1.1171325681231812,1,False,Normal
WASP-156 b,WASP-156,Transit,2017,3.8361629,6.15,0.5486672,42.0,0.13214678,934.5,122.066,5036.0,0.8712,0.8268,1,Cluster 1,1.0879642757627566,1,False,Normal
HD 22781 b,HD 22781,Radial Velocity,2011,528.07,12.3,1.1,4338.2,13.65,193.48,32.6034,5027.0,0.75,0.743475,0,Cluster 0,1.2690087475461544,1,False,Normal
Kepler-16 b,Kepler-16,Transit,2011,228.776,8.4493,0.7538,105.833,0.333,205.9,75.0852,4450.0,0.6897,0.6489,0,Cluster 0,1.193593082661547,1,False,Normal
Kepler-27 c,Kepler-27,Transit,2011,31.3309,4.9,0.437,4385.87,13.8,481.0,1044.36,5400.0,0.65,0.59,6,Cluster 6,1.2141455653165851,1,False,Normal
WASP-23 b,WASP-23,Transit,2010,2.9444256,10.783,0.962,280.95,0.884,1076.55,207.49,5150.0,0.78,0.765,0,Cluster 0,1.0197978661873106,1,False,Normal
Kepler-27 b,Kepler-27,Transit,2011,15.3348,4.0,0.357,2895.31,9.11,610.0,1044.36,5400.0,0.65,0.59,6,Cluster 6,1.1179620660548732,1,False,Normal
HD 114783 b,HD 114783,Radial Velocity,2001,493.7,13.7,1.23,349.6,1.1,210.79,21.0628,5135.0,0.853,0.840622,0,Cluster 0,1.0014328154719798,1,False,Normal
HD 19994 b,HD 19994,Radial Velocity,2003,466.2,13.6,1.21,435.41,1.37,350.1,22.5242,6188.0,1.365,1.79647,0,Cluster 0,1.0692076436872415,1,False,Normal
47 UMa b,47 UMa,Radial Velocity,1996,1078.0,13.2,1.18,804.08,2.53,215.23,13.7967,5872.0,1.06,1.21334,0,Cluster 0,0.9734717957764399,1,False,Normal
Kepler-18 c,Kepler-18,Transit,2011,7.64159,5.49,0.49,17.3,0.054,899.0,433.047,5345.0,0.972,1.108,1,Cluster 1,1.1416533931824997,1,False,Normal
Kepler-18 b,Kepler-18,Transit,2011,3.504725,2.0,0.178,6.9,0.022,1165.0,433.047,5345.0,0.972,1.108,1,Cluster 1,1.2308974311212917,1,False,Normal
Kepler-31 c,Kepler-31,Transit,2011,42.6318,5.3,0.473,1493.7,4.7,615.0,1664.64,6340.0,1.21,1.22,6,Cluster 6,1.9750096757213846,-1,True,Potential Outlier
Kepler-32 e,Kepler-32,Transit,2012,2.896,1.5,0.13382104,4.08181,0.01284281,652.0,323.847,3900.0,0.58,0.53,1,Cluster 1,1.1401855618912964,1,False,Normal
61 Vir b,61 Vir,Radial Velocity,2009,4.215,2.11,0.188,5.1,0.016,1177.85,8.50332,5577.0,0.942,0.963,1,Cluster 1,0.9985479385167426,1,False,Normal
61 Vir c,61 Vir,Radial Velocity,2009,38.021,4.46,0.398,18.2,0.057,565.87,8.50332,5577.0,0.942,0.963,1,Cluster 1,1.0701992742904771,1,False,Normal
47 UMa d,47 UMa,Radial Velocity,2009,14002.0,13.5,1.2,521.22,1.64,91.58,13.7967,5872.0,1.06,1.21334,0,Cluster 0,1.0626172596549395,1,False,Normal
47 UMa c,47 UMa,Radial Velocity,2001,2391.0,14.2,1.27,171.621,0.54,164.38,13.7967,5872.0,1.06,1.21334,0,Cluster 0,1.00037016315811,1,False,Normal
BD-08 2823 c,BD-08 2823,Radial Velocity,2009,237.6,12.5,1.11,104.0,0.33,233.85,41.3342,4746.0,0.74,0.71,0,Cluster 0,1.0695535267115643,1,False,Normal
CoRoT-23 b,CoRoT-23,Transit,2011,3.6313,11.77,1.05,889.9,2.8,1660.0,1060.97,5900.0,1.14,1.61,0,Cluster 0,1.190347689053859,1,False,Normal
Kepler-18 d,Kepler-18,Transit,2011,14.85888,6.98,0.623,16.4,0.052,720.0,433.047,5345.0,0.972,1.108,1,Cluster 1,1.0338634194833791,1,False,Normal
HATS-1 b,HATS-1,Transit,2012,3.446459,14.594,1.302,589.55,1.855,1359.0,283.971,5870.0,0.986,1.038,0,Cluster 0,1.2305234821379303,1,False,Normal
HD 47186 c,HD 47186,Radial Velocity,2008,1353.6,13.0,1.16,111.42,0.35061,183.18,37.4574,5657.0,0.96,1.08,0,Cluster 0,0.9816436608160595,1,False,Normal
HD 196885 A b,HD 196885 A,Radial Velocity,2007,1333.0,13.2,1.18,819.97,2.58,224.21,34.1692,6254.0,1.28,1.31,0,Cluster 0,1.0478559543162713,1,False,Normal
CoRoT-6 b,CoRoT-6,Transit,2009,8.886593,13.068,1.166,940.74,2.96,1017.0,645.294,6090.0,1.05,1.025,0,Cluster 0,1.1803459992127825,1,False,Normal
HR 8799 b,HR 8799,Imaging,2008,170000.0,13.0,1.2,2000.0,7.0,1200.0,41.2441,7204.58,1.5,1.49338,0,Cluster 0,1.2534572997765303,1,False,Normal
HAT-P-37 b,HAT-P-37,Transit,2011,2.797436,13.204,1.178,371.528,1.169,1271.0,390.594,5500.0,0.929,0.877,0,Cluster 0,0.9987686863258516,1,False,Normal
Kepler-42 b,Kepler-42,Transit,2011,1.2137672,0.78,0.07,0.705944,0.00222115,519.0,40.0595,3068.0,0.13,0.17,1,Cluster 1,1.182995840646202,1,False,Normal
Kepler-32 d,Kepler-32,Transit,2012,22.7802,2.7,0.24087787,39.9089,0.12556744,328.0,323.847,3900.0,0.58,0.53,1,Cluster 1,1.0337531404947407,1,False,Normal
Kepler-32 f,Kepler-32,Transit,2012,0.74296,0.82,0.0731555,1862.11,5.85885326,1026.0,323.847,3900.0,0.58,0.53,6,Cluster 6,1.1441138191792635,1,False,Normal
BD+20 2457 b,BD+20 2457,Radial Velocity,2009,379.63,12.1,1.08,6807.63,21.42,1159.67,1539.71,4137.0,2.8,49.0,3,Cluster 3,1.238417882959085,1,False,Normal
HR 8799 d,HR 8799,Imaging,2008,37000.0,13.0,1.2,3000.0,10.0,1300.0,41.2441,7204.58,1.5,1.49338,0,Cluster 0,1.1071862398954988,1,False,Normal
GJ 179 b,GJ 179,Radial Velocity,2009,2288.0,13.8,1.23,301.93698665,0.95,64.53,12.356,3370.0,0.357,0.38,4,Cluster 4,1.0314115725964965,1,False,Normal
SWEEPS-4 b,SWEEPS-4,Transit,2006,4.2,9.079,0.81,1207.7,3.8,,8500.0,,1.24,1.18,0,Cluster 0,1.2927680493807454,1,False,Normal
Kepler-42 c,Kepler-42,Transit,2011,0.45328509,0.73,0.065,60.337,0.18984143,720.0,40.0595,3068.0,0.13,0.17,2,Cluster 2,3.92783005357349,-1,True,Potential Outlier
Kepler-33 c,Kepler-33,Transit,2011,13.17562,3.2,0.285,0.39,0.00122707,1009.0,1209.16,5904.0,1.291,1.82,1,Cluster 1,1.2682533055405023,1,False,Normal
Kepler-35 b,Kepler-35,Transit,2011,131.458,8.16,0.728,40.363,0.127,352.89,1819.17,5606.0,0.8877,1.0284,0,Cluster 0,1.0134476425883345,1,False,Normal
CoRoT-16 b,CoRoT-16,Transit,2011,5.35227,13.11,1.17,170.032,0.535,1195.53,732.409,5650.0,1.098,1.19,0,Cluster 0,1.0121753262179483,1,False,Normal
HD 240210 b,HD 240210,Radial Velocity,2009,501.75,12.8,1.14,1655.82,5.21,970.67,372.405,4297.0,0.82,25.456816,3,Cluster 3,1.1761566859576398,1,False,Normal
BD+20 2457 c,BD+20 2457,Radial Velocity,2009,621.99,12.4,1.1,3963.17,12.47,984.96,1539.71,4137.0,2.8,49.0,3,Cluster 3,1.2322402772057253,1,False,Normal
HD 110014 b,HD 110014,Radial Velocity,2009,835.477,12.4,1.11,3524.59,11.09,669.84,100.758,4445.0,2.17,20.9,3,Cluster 3,1.5205333026455896,-1,True,Potential Outlier
HIP 5158 b,HIP 5158,Radial Velocity,2009,345.72,13.6,1.21,451.0,1.42,219.65,51.6026,4962.0,0.78,0.75,0,Cluster 0,1.0045911134238314,1,False,Normal
Kepler-33 e,Kepler-33,Transit,2011,31.7844,4.02,0.359,5.57,0.01752509,752.0,1209.16,5904.0,1.291,1.82,1,Cluster 1,1.2803458930564762,1,False,Normal
Kepler-33 d,Kepler-33,Transit,2011,21.77596,5.35,0.477,3.91,0.01230217,853.0,1209.16,5904.0,1.291,1.82,1,Cluster 1,1.1967853943038609,1,False,Normal
BD+20 274 b,BD+20 274,Radial Velocity,2012,578.2,13.0,1.16,1334.886,4.2,755.7,1322.51,4296.0,0.8,17.3,3,Cluster 3,1.433857505006481,1,False,Normal
KELT-1 b,KELT-1,Transit,2012,1.217514,12.442,1.11,8654.15,27.23,2361.0,268.43,6516.0,1.335,1.471,0,Cluster 0,1.135386746435373,1,False,Normal
CoRoT-5 b,CoRoT-5,Transit,2009,4.0378962,15.558,1.388,148.42,0.467,1438.0,882.472,6100.0,1.0,1.186,0,Cluster 0,1.0854230678928705,1,False,Normal
HD 134987 c,HD 134987,Radial Velocity,2009,5000.0,13.9,1.24,260.0,0.82,125.03,26.1804,5585.0,1.1,1.25,0,Cluster 0,1.037609891201885,1,False,Normal
HD 147018 b,HD 147018,Radial Velocity,2009,44.236,13.4,1.19,674.0,2.12,519.98,40.4256,5441.0,0.927,0.937948,0,Cluster 0,1.0227364615313386,1,False,Normal
Kepler-33 f,Kepler-33,Transit,2011,41.02902,4.46,0.3979,9.6,0.03020483,691.0,1209.16,5904.0,1.291,1.82,1,Cluster 1,1.3474564099018869,1,False,Normal
Kepler-31 b,Kepler-31,Transit,2011,20.8613,5.5,0.491,36.7418,0.11560263,781.0,1664.64,6340.0,1.21,1.22,1,Cluster 1,1.2508315767133593,1,False,Normal
Kepler-34 b,Kepler-34,Transit,2011,288.822,8.564,0.764,69.92,0.22,294.42,1800.82,5913.0,1.0479,1.1618,0,Cluster 0,0.9986046939019608,1,False,Normal
HD 45350 b,HD 45350,Radial Velocity,2004,963.6,13.5,1.2,568.89,1.79,217.81,46.8733,5566.0,0.98,1.26442,0,Cluster 0,0.9779936013393016,1,False,Normal
HD 147018 c,HD 147018,Radial Velocity,2009,1008.0,12.7,1.13,2080.0,6.56,183.28,40.4256,5441.0,0.927,0.937948,0,Cluster 0,1.0200663930250182,1,False,Normal
CFBDSIR J145829+101343 b,CFBDSIR J145829+101343,Imaging,2011,10037.5,12.4,1.11,3337.1,10.5,370.0,23.1,580.5,0.021,,0,Cluster 0,1.8391265752689983,-1,True,Potential Outlier
HD 220773 b,HD 220773,Radial Velocity,2011,3724.7,13.6,1.21,460.8,1.45,167.02,50.5103,5940.0,1.16,1.679696,0,Cluster 0,1.0355122655134987,1,False,Normal
HD 147513 b,HD 147513,Radial Velocity,2003,528.4,13.7,1.22,385.0,1.21,244.43,12.9032,5883.0,1.11,0.98,0,Cluster 0,0.9921137769883316,1,False,Normal
HD 129445 b,HD 129445,Radial Velocity,2009,1840.0,13.3,1.18,797.74930157,2.51,173.36,67.4386,5646.0,0.99,1.175816,0,Cluster 0,1.0390464800374768,1,False,Normal
WASP-5 b,WASP-5,Transit,2008,1.6284279,12.184,1.087,502.15,1.58,1706.0,309.137,5700.0,0.96,1.029,0,Cluster 0,1.0917609026405581,1,False,Normal
OGLE-TR-111 b,OGLE-TR-111,Transit,2004,4.0144463,11.421971,1.019,174.799,0.55,1019.0,1068.33,5040.0,0.82,0.83,0,Cluster 0,0.9899062894619709,1,False,Normal
HD 8535 b,HD 8535,Radial Velocity,2010,1313.0,14.0,1.25,216.1244,0.68,206.21,55.4401,6136.0,1.13,1.19,0,Cluster 0,1.0408320011019103,1,False,Normal
MOA-2009-BLG-266L b,MOA-2009-BLG-266L,Microlensing,2011,2800.0,3.21,0.286,10.4,0.0327,,3040.0,,0.56,,5,Cluster 5,1.014790035093305,1,False,Normal
GJ 667 C b,GJ 667 C,Radial Velocity,2012,7.203,2.25,0.201,5.68,0.01789,,7.24396,3350.0,0.33,,1,Cluster 1,1.0795391224366906,1,False,Normal
HIP 5158 c,HIP 5158,Radial Velocity,2011,9017.76,12.2,1.09,4780.1632,15.04,72.63,51.6026,4813.0,0.78,0.754089,0,Cluster 0,1.3902784471572704,1,False,Normal
HAT-P-23 b,HAT-P-23,Transit,2010,1.212884,15.334,1.368,664.237,2.09,2056.0,364.813,5905.0,1.13,1.203,0,Cluster 0,1.1041793336287544,1,False,Normal
HAT-P-20 b,HAT-P-20,Transit,2010,2.875317,9.718,0.867,2302.899,7.246,970.0,71.0374,4595.0,0.756,0.694,0,Cluster 0,1.2562329305961428,1,False,Normal
CoRoT-17 b,CoRoT-17,Transit,2011,3.7681,11.43,1.02,772.29,2.43,1626.0,1176.12,5740.0,1.04,1.59,0,Cluster 0,1.1413800816172819,1,False,Normal
HD 132563 b,HD 132563,Radial Velocity,2011,1544.0,13.6,1.21,473.547,1.49,213.27,105.155,6289.0,1.231,1.29577,0,Cluster 0,1.0357201654407788,1,False,Normal
Kepler-45 b,Kepler-45,Transit,2011,2.455239,10.76,0.96,160.497,0.505,1000.0,381.949,3820.0,0.59,0.55,0,Cluster 0,1.0783710594220959,1,False,Normal
HU Aqr AB b,HU Aqr,Eclipse Timing Variations,2011,2390.0,12.8,1.14,1875.197,5.9,,192.19807871,5952.0,0.88,,0,Cluster 0,1.0378392096070208,1,False,Normal
Kepler-419 b,Kepler-419,Transit,2014,69.7546,10.8,0.96,794.5,2.5,613.0,1011.36,6430.0,1.39,1.74,0,Cluster 0,1.2100076171418706,1,False,Normal
GJ 3634 b,GJ 3634,Radial Velocity,2010,2.64561,2.83,0.253,8.4,0.026,656.45,20.3779,3517.0,0.45,0.43,1,Cluster 1,1.1396748535984005,1,False,Normal
Kepler-14 b,Kepler-14,Transit,2011,6.790123,12.733,1.136,2669.66,8.4,1605.0,798.0,6395.0,1.512,2.048,0,Cluster 0,1.1801696510729047,1,False,Normal
CoRoT-18 b,CoRoT-18,Transit,2011,1.9000693,14.68,1.31,1102.82,3.47,1550.0,764.889,5440.0,0.95,1.0,0,Cluster 0,1.2080627633931589,1,False,Normal
Kepler-15 b,Kepler-15,Transit,2011,4.942782,10.76,0.96,209.76,0.66,1251.0,739.412,5515.0,1.018,0.992,0,Cluster 0,1.0113175690454068,1,False,Normal
KOI-55 b,KOI-55,Orbital Brightness Modulation,2011,0.240104,0.759,0.0677,0.44,0.0014,7777.78,1231.02,27730.0,0.496,0.203,7,Cluster 7,4.046800156643352,-1,True,Potential Outlier
PSR J1719-1438 b,PSR J1719-1438,Pulsar Timing,2011,0.090706293,,,382.8,1.2,,1200.0,4500.0,1.4,,1,Cluster 1,2.373497401251573,-1,True,Potential Outlier
CoRoT-14 b,CoRoT-14,Transit,2010,1.51214,12.22,1.09,2415.4,7.6,1952.0,1744.6,6035.0,1.13,1.21,0,Cluster 0,1.4328194929072093,1,False,Normal
HD 11964 b,HD 11964,Radial Velocity,2005,1945.0,14.1,1.26,198.0,0.622,203.93,33.5369,5303.0,0.91,2.00971,0,Cluster 0,1.3329971549840525,1,False,Normal
HAT-P-4 b,HAT-P-4,Transit,2007,3.056536,14.28,1.274,213.255,0.671,1686.0,320.451,5860.0,1.248,1.596,0,Cluster 0,1.0056375452843618,1,False,Normal
OGLE-TR-10 b,OGLE-TR-10,Transit,2004,3.101278,14.011,1.25,197.046,0.62,1702.0,1344.97,5950.0,1.14,1.17,0,Cluster 0,1.0243664875899885,1,False,Normal
OGLE-TR-113 b,OGLE-TR-113,Transit,2004,1.4324752,12.251,1.093,400.449,1.26,1342.0,566.459,4790.0,0.779,0.774,0,Cluster 0,1.2046999999270525,1,False,Normal
HD 192310 b,HD 192310,Radial Velocity,2011,74.72,4.27,0.381,16.9,0.0532,355.0,8.79687,5166.0,0.8,0.857922,1,Cluster 1,1.0974461176662906,1,False,Normal
OGLE-2014-BLG-1760L b,OGLE-2014-BLG-1760L,Microlensing,2016,,13.8,1.24,295.89824692,0.931,,7056.0,,0.803,,0,Cluster 0,1.0152041805206495,1,False,Normal
OGLE-2013-BLG-0132L b,OGLE-2013-BLG-0132L,Microlensing,2017,,11.6,1.03,92.0,0.29,,3900.0,,0.54,,5,Cluster 5,1.2337586742049245,1,False,Normal
Kepler-277 b,Kepler-277,Transit,2013,17.324,2.92,0.261,87.3,0.275,964.0,976.643,5946.0,1.12,1.69,1,Cluster 1,1.3654561204039042,1,False,Normal
KMT-2017-BLG-1194L b,KMT-2017-BLG-1194L,Microlensing,2023,,1.7,0.152,3.54,0.01113809,,4240.0,,0.41,,5,Cluster 5,1.0168297251026686,1,False,Normal
KMT-2017-BLG-2331L b,KMT-2017-BLG-2331L,Microlensing,2024,,14.2,1.27,171.0,0.53802617,,8030.0,,0.4,,0,Cluster 0,0.984068034865164,1,False,Normal
HD 41004 A b,HD 41004 A,Radial Velocity,2004,963.0,13.2,1.18,807.25,2.54,,36.69117,5310.0,0.95,0.85,0,Cluster 0,0.9906340943983596,1,False,Normal
OGLE-2019-BLG-0299L b,OGLE-2019-BLG-0299L,Microlensing,2021,,12.7,1.14,1976.89269154,6.22,,5830.0,,0.59,,0,Cluster 0,1.2022298481247795,1,False,Normal
Kepler-476 b,Kepler-476,Transit,2016,14.00640607,3.08,0.2747792,9.69,0.0305,807.0,813.535,5837.0,1.03,1.09,1,Cluster 1,1.0645793538856063,1,False,Normal
KMT-2021-BLG-2294L b,KMT-2021-BLG-2294L,Microlensing,2022,,5.02,0.448,22.24798849,0.07,,6800.0,,0.14,,5,Cluster 5,1.0473908922346213,1,False,Normal
KMT-2022-BLG-1013L b,KMT-2022-BLG-1013L,Microlensing,2023,,12.1,1.08,98.52680617,0.31,,7710.0,,0.18,,5,Cluster 5,1.0942745329476458,1,False,Normal
HD 114082 b,HD 114082,Radial Velocity,2022,109.75,11.2089807,1.0,2542.627256,8.0,547.7,95.3906,6651.0,1.47,1.49,0,Cluster 0,1.4080365351539268,1,False,Normal
WASP-155 b,WASP-155,Transit,2025,3.110413,13.45077684,1.2,276.8285425,0.871,1468.0,399.63,5660.0,1.09,1.24,0,Cluster 0,0.9922173202699508,1,False,Normal
KMT-2019-BLG-0414L b,KMT-2019-BLG-0414L,Microlensing,2022,,12.9,1.15,1452.47581999,4.57,,4410.0,,0.74,,0,Cluster 0,1.0411250749882566,1,False,Normal
HD 62509 b,HD 62509,Radial Velocity,2006,589.64,13.3,1.19,731.0,2.3,549.6,10.34,4892.63,2.0,8.9,3,Cluster 3,1.026369566057641,1,False,Normal
Kepler-65 b,Kepler-65,Transit,2012,2.15491,1.42,0.127,2.4,0.0076,1740.0,303.728,6211.0,1.25,1.41,1,Cluster 1,1.0504760929469175,1,False,Normal
RR Cae b,RR Cae,Eclipse Timing Variations,2012,4343.5,13.0,1.16,1334.886,4.2,35.94,21.1916,3904.0,0.44,0.193119,4,Cluster 4,1.013478951470707,1,False,Normal
WASP-65 b,WASP-65,Transit,2013,2.3114243,12.464,1.112,492.62,1.55,1480.0,273.703,5600.0,0.93,1.01,0,Cluster 0,1.060154496570777,1,False,Normal
Kepler-30 c,Kepler-30,Transit,2012,60.323105,12.3,1.097,640.0,2.01,411.0,914.221,5498.0,0.99,0.95,0,Cluster 0,1.2466002380029522,1,False,Normal
Kepler-38 b,Kepler-38,Transit,2012,105.599,4.3,0.384,122.0,0.384,475.0,1174.59,5623.0,0.941,1.752,1,Cluster 1,1.3199460845155884,1,False,Normal
WASP-8 c,WASP-8,Radial Velocity,2013,4323.0,12.5,1.12,3003.37,9.45,116.99,89.9606,5690.0,1.04,0.96,0,Cluster 0,1.250836433721281,1,False,Normal
ROXs 42 B b,ROXs 42 B,Imaging,2013,,12.5,1.12,2860.0,9.0,1975.0,143.59,3433.0,1.0,1.33658,0,Cluster 0,1.9983285199576226,-1,True,Potential Outlier
WASP-1 b,WASP-1,Transit,2007,2.5199454,16.623,1.483,271.415,0.854,1812.0,393.072,6110.0,1.24,1.47,0,Cluster 0,0.9929774074834145,1,False,Normal
Kepler-50 c,Kepler-50,Transit,2012,9.37647,2.17,0.194,8.2,0.02580009,1125.0,250.11,6225.0,1.24,1.58,1,Cluster 1,1.0821712038072548,1,False,Normal
BD+15 2940 b,BD+15 2940,Radial Velocity,2013,137.48,13.7,1.23,352.78,1.11,1207.75,426.42,4796.0,1.1,14.7,3,Cluster 3,1.235396380478132,1,False,Normal
Kepler-87 b,Kepler-87,Transit,2013,114.73635,13.49,1.204,324.2,1.02,478.0,1232.9,5600.0,1.1,1.82,0,Cluster 0,1.1505108001337259,1,False,Normal
WASP-75 b,WASP-75,Transit,2013,2.484193,14.235,1.27,340.06,1.07,1710.0,294.001,6100.0,1.14,1.26,0,Cluster 0,1.0133908132083298,1,False,Normal
Kepler-87 c,Kepler-87,Transit,2013,191.2318,6.14,0.548,6.4,0.02,403.0,1232.9,5600.0,1.1,1.82,0,Cluster 0,1.1090174571677918,1,False,Normal
HD 40307 b,HD 40307,Radial Velocity,2009,4.3123,,,1188.99607059,3.741,910.0,12.9363,4956.0,0.77,0.716684,6,Cluster 6,1.6331270787645447,-1,True,Potential Outlier
WTS-1 b,WTS-1,Transit,2012,3.352057,16.7,1.49,1274.44,4.01,1500.0,2346.01,6250.0,1.2,1.15,0,Cluster 0,1.2641727792217838,1,False,Normal
HD 40307 c,HD 40307,Radial Velocity,2009,9.6184,,,1868.51320475,5.879,696.0,12.9363,4956.0,0.77,0.716684,6,Cluster 6,1.1005628298345065,1,False,Normal
CoRoT-26 b,CoRoT-26,Transit,2013,4.20474,14.12,1.26,165.26,0.52,1600.0,1045.18,5590.0,1.09,1.79,0,Cluster 0,1.0854363613966846,1,False,Normal
91 Aqr b,91 Aqr,Radial Velocity,2013,181.4,13.1,1.17,1017.0,3.2,891.73,44.0304,4665.0,1.4,11.0,3,Cluster 3,0.9807980920072066,1,False,Normal
tau Gem b,tau Gem,Radial Velocity,2013,305.5,12.1,1.08,6547.0,20.6,1012.69,112.537,4388.0,2.3,26.8,3,Cluster 3,1.2404694986064098,1,False,Normal
HAT-P-42 b,HAT-P-42,Transit,2012,4.641878,14.348,1.28,331.801,1.044,1428.0,405.238,5743.0,1.178,1.53,0,Cluster 0,1.002245965556827,1,False,Normal
Kepler-56 c,Kepler-56,Transit,2012,21.40239,9.8,0.874,181.0,0.57,1087.0,912.994,4840.0,1.32,4.23,0,Cluster 0,1.447145357325326,1,False,Normal
HD 40307 d,HD 40307,Radial Velocity,2009,20.432,,,1775.3894815,5.586,541.0,12.9363,4956.0,0.77,0.716684,6,Cluster 6,1.0813709221244812,1,False,Normal
HD 40307 f,HD 40307,Radial Velocity,2013,51.76,2.13,0.19,5.2,0.0164,398.0,12.9363,4956.0,0.77,0.716684,1,Cluster 1,0.975635640946817,1,False,Normal
Kepler-186 e,Kepler-186,Transit,2014,22.407704,1.27,0.113,2.15,0.00678,319.0,177.594,3788.0,0.478,0.472,1,Cluster 1,1.052580560126823,1,False,Normal
Kepler-186 c,Kepler-186,Transit,2014,7.267302,1.25,0.112,2.1,0.0066,464.0,177.594,3788.0,0.478,0.472,1,Cluster 1,1.038165475574421,1,False,Normal
GJ 163 c,GJ 163,Radial Velocity,2013,25.63058,2.5,0.223,6.8,0.02139509,305.07,15.1285,3500.0,0.4,0.409738,1,Cluster 1,0.9978242800573256,1,False,Normal
GJ 163 d,GJ 163,Radial Velocity,2013,603.95116,5.92,0.528,29.4,0.09250228,106.43,15.1285,3500.0,0.4,0.409738,1,Cluster 1,1.518859836356515,-1,True,Potential Outlier
Kepler-56 b,Kepler-56,Transit,2012,10.5016,6.51,0.581,22.1,0.07,1378.0,912.994,4840.0,1.32,4.23,1,Cluster 1,1.6321334903268383,-1,True,Potential Outlier
HD 208527 b,HD 208527,Radial Velocity,2012,875.5,12.5,1.11,3146.4,9.9,959.79,312.202,4035.0,1.6,51.1,3,Cluster 3,1.1969429868956103,1,False,Normal
HD 40307 g,HD 40307,Radial Velocity,2013,197.8,2.56,0.229,7.1,0.0223,255.0,12.9363,4956.0,0.77,0.716684,1,Cluster 1,1.0261315063263152,1,False,Normal
Kepler-186 d,Kepler-186,Transit,2014,13.342996,1.4,0.125,2.54,0.008,379.0,177.594,3788.0,0.478,0.472,1,Cluster 1,1.018245982074126,1,False,Normal
GU Psc b,GU Psc,Imaging,2014,,14.179,1.265,3591.3,11.3,1050.0,47.5501,4031.81,0.325,0.450458,0,Cluster 0,2.17285752617157,-1,True,Potential Outlier
HIP 63242 b,HIP 63242,Radial Velocity,2013,124.6,12.5,1.12,2917.56,9.18,993.26,156.456,4830.0,1.54,10.275655,3,Cluster 3,0.9789993243905318,1,False,Normal
Kepler-11 b,Kepler-11,Transit,2010,10.3039,1.8,0.161,1.9,0.006,849.0,646.346,5663.0,0.961,1.065,1,Cluster 1,1.348081025933554,1,False,Normal
KOI-351 f,KOI-351,Transit,2013,124.9144,2.88,0.257,8.65,0.0272,407.0,848.254,6080.0,1.2,1.2,1,Cluster 1,1.0558655732421298,1,False,Normal
CoRoT-1 b,CoRoT-1,Transit,2008,1.5089557,16.7,1.49,327.35,1.03,1898.0,787.909,5950.0,0.95,1.11,0,Cluster 0,1.0946410129172015,1,False,Normal
HAT-P-45 b,HAT-P-45,Transit,2014,3.128992,15.984,1.426,283.492,0.892,1652.0,298.64,6330.0,1.259,1.319,0,Cluster 0,0.9644775282729092,1,False,Normal
HAT-P-44 b,HAT-P-44,Transit,2014,4.301219,13.922,1.242,111.871,0.352,1108.0,347.85,5295.0,0.942,0.949,0,Cluster 0,1.029233172262414,1,False,Normal
Kepler-11 e,Kepler-11,Transit,2010,31.9996,4.19,0.374,8.0,0.025,582.0,646.346,5663.0,0.961,1.065,1,Cluster 1,1.112289240545437,1,False,Normal
HD 95086 b,HD 95086,Imaging,2013,,12.9,1.15,1589.0,5.0,1000.0,86.2279,7595.0,1.6,1.48667,0,Cluster 0,1.4018194767977623,1,False,Normal
BD-06 1339 b,BD-06 1339,Radial Velocity,2013,3.8728,,,1523.03372634,4.792,834.97,20.2695,4324.0,0.7,0.686355,6,Cluster 6,1.1587692852551263,1,False,Normal
HD 103774 b,HD 103774,Radial Velocity,2013,5.8881,13.3,1.19,116.0,0.367,1487.08,56.4089,6489.0,1.335,1.581047,0,Cluster 0,1.0507770744888485,1,False,Normal
HAT-P-44 c,HAT-P-44,Radial Velocity,2014,872.2,13.0,1.16,1271.3,4.0,187.92,347.85,5295.0,0.942,0.949,0,Cluster 0,1.00683245319637,1,False,Normal
HATS-5 b,HATS-5,Transit,2014,4.763387,10.223,0.912,75.323,0.237,1025.0,246.384,5304.0,0.936,0.871,0,Cluster 0,1.0006480162196032,1,False,Normal
Kepler-11 g,Kepler-11,Transit,2010,118.3807,3.33,0.297,25.0,0.079,376.0,646.346,5663.0,0.961,1.065,1,Cluster 1,1.0505594775759524,1,False,Normal
KOI-351 e,KOI-351,Transit,2013,91.93913,2.66,0.237,7.56,0.0238,450.0,848.254,6080.0,1.2,1.2,1,Cluster 1,1.0350136000378931,1,False,Normal
KOI-351 c,KOI-351,Transit,2013,8.719375,1.19,0.106,1.81,0.0057,987.0,848.254,6080.0,1.2,1.2,1,Cluster 1,1.031983956587431,1,False,Normal
HD 109271 b,HD 109271,Radial Velocity,2013,7.8543,4.31,0.385,17.162,0.054,1128.86,55.8716,5783.0,1.047,1.294595,1,Cluster 1,1.1205830247854496,1,False,Normal
HD 109271 c,HD 109271,Radial Velocity,2013,30.93,5.27,0.47,24.154,0.076,716.68,55.8716,5783.0,1.047,1.294595,1,Cluster 1,1.0812610574221657,1,False,Normal
bet Cnc b,bet Cnc,Radial Velocity,2014,605.2,12.6,1.12,2479.0,7.8,1039.74,89.0472,4092.1,1.7,47.2,3,Cluster 3,1.1698965625105981,1,False,Normal
mu Leo b,mu Leo,Radial Velocity,2014,357.8,13.3,1.18,762.8,2.4,704.49,32.6081,4538.2,1.5,11.4,3,Cluster 3,0.9826136964248509,1,False,Normal
Kepler-11 c,Kepler-11,Transit,2010,13.0241,2.87,0.256,2.9,0.009,786.0,646.346,5663.0,0.961,1.065,1,Cluster 1,1.1618529616183462,1,False,Normal
OGLE-2012-BLG-0358L b,OGLE-2012-BLG-0358L,Microlensing,2013,,13.4,1.2,588.0,1.85,,1760.0,,0.022,,0,Cluster 0,1.2193040392401795,1,False,Normal
HD 166724 b,HD 166724,Radial Velocity,2012,5144.0,13.0,1.16,1207.7479466,3.8,94.83,45.1342,5127.0,0.81,0.797485,0,Cluster 0,1.066002793377723,1,False,Normal
WASP-64 b,WASP-64,Transit,2012,1.5732918,14.247,1.271,403.945,1.271,1689.0,369.926,5400.0,1.004,1.058,0,Cluster 0,1.0747284728734476,1,False,Normal
Kepler-415 c,Kepler-415,Transit Timing Variations,2014,8.708,2.01,0.1793205,4.7,0.0148,543.0,530.487,4362.0,0.67,0.643,1,Cluster 1,0.9618453161002283,1,False,Normal
Kepler-67 b,Kepler-67,Transit,2013,15.7259,2.94,0.262,8.96,0.0282,602.0,1131.19,5331.0,0.865,0.778,1,Cluster 1,1.0204756505164394,1,False,Normal
GJ 667 C c,GJ 667 C,Radial Velocity,2013,28.14,1.77,0.158,3.8,0.012,,7.24396,3350.0,0.33,,1,Cluster 1,1.0096300584445594,1,False,Normal
HAT-P-38 b,HAT-P-38,Transit,2012,4.640382,9.247,0.825,84.857,0.267,1082.0,255.206,5330.0,0.886,0.923,0,Cluster 0,1.0180202794903874,1,False,Normal
WASP-7 b,WASP-7,Transit,2008,4.9546416,14.90797,1.33,305.1168,0.96,1487.0,162.303,6400.0,1.276,1.432,0,Cluster 0,0.990305793149479,1,False,Normal
OGLE-2011-BLG-0251L b,OGLE-2011-BLG-0251L,Microlensing,2012,,14.2,1.27,170.0,0.53,,2570.0,,0.26,,0,Cluster 0,0.9666309080573635,1,False,Normal
PH1 b,PH1,Transit,2012,138.317,6.18,0.551,169.0,0.531,481.0,1033.16,6407.0,1.528,1.734,1,Cluster 1,1.3818364961902505,1,False,Normal
Kepler-414 c,Kepler-414,Transit Timing Variations,2014,7.171,3.01,0.269,29.9,0.094,890.0,413.46,5536.0,0.89,0.946,1,Cluster 1,1.1324689855457843,1,False,Normal
Kepler-122 f,Kepler-122,Transit Timing Variations,2014,56.268,1.75,0.156,36.0,0.113,543.0,1027.45,5917.0,1.03,0.949,1,Cluster 1,1.9136280756342974,-1,True,Potential Outlier
Kepler-1544 b,Kepler-1544,Transit,2016,168.811174,1.78,0.15880096,3.82,0.012,269.0,335.09,4886.0,0.81,0.74,1,Cluster 1,1.1195446920542296,1,False,Normal
GJ 667 C e,GJ 667 C,Radial Velocity,2013,62.24,1.45,0.129,2.7,0.008,,7.24396,3350.0,0.33,,1,Cluster 1,1.0037681266361282,1,False,Normal
HD 207832 c,HD 207832,Radial Velocity,2012,1155.7,14.0,1.25,232.0159,0.73,179.84,58.9291,5710.0,0.94,0.901,0,Cluster 0,1.0225006338827778,1,False,Normal
HAT-P-39 b,HAT-P-39,Transit,2012,3.54387,17.609,1.571,190.372,0.599,1752.0,697.004,6430.0,1.404,1.625,0,Cluster 0,1.0174188362733254,1,False,Normal
HD 150706 b,HD 150706,Radial Velocity,2012,5894.0,13.3,1.18,772.32302901,2.43,108.81,28.2697,5961.0,1.17,0.96,0,Cluster 0,1.1055136684096742,1,False,Normal
HIP 57274 d,HIP 57274,Radial Velocity,2011,431.7,14.2,1.27,167.4,0.5267,183.59,25.8618,4640.0,0.73,0.68,0,Cluster 0,1.0404247329376566,1,False,Normal
Kepler-415 b,Kepler-415,Transit Timing Variations,2014,4.176,1.21,0.108,119.9,0.377,694.0,530.487,4362.0,0.67,0.643,2,Cluster 2,3.4606939263874166,-1,True,Potential Outlier
CoRoT-2 b,CoRoT-2,Transit,2008,1.7429935,16.432,1.466,1102.82,3.47,1521.0,213.283,5625.0,0.96,0.906,0,Cluster 0,1.4031369863652159,1,False,Normal
Kepler-46 c,Kepler-46,Transit Timing Variations,2012,57.011,13.5,1.21,119.499,0.376,455.0,777.06,5155.0,0.902,0.938,0,Cluster 0,1.0833214612026134,1,False,Normal
Oph 11 b,Oph 11,Imaging,2006,7300000.0,12.3,1.1,4449.62,14.0,2175.0,136.16559197,2375.0,0.016,0.232692,0,Cluster 0,1.584791427279487,-1,True,Potential Outlier
Kepler-338 e,Kepler-338,Transit Timing Variations,2014,9.341,1.56,0.139,8.5,0.027,1143.0,552.798,5999.0,1.14,1.735,1,Cluster 1,1.428188629011161,1,False,Normal
Kepler-418 b,Kepler-418,Transit,2014,86.67856,13.45,1.2,349.6112477,1.1,434.0,1002.53,5820.0,0.98,1.09,0,Cluster 0,1.0753061808361433,1,False,Normal
DP Leo b,DP Leo,Eclipse Timing Variations,2009,10220.0,12.7,1.14,1995.88832,6.28,24.39,305.684,13500.0,0.69,0.0115,0,Cluster 0,7.118978088026402,-1,True,Potential Outlier
Kepler-58 b,Kepler-58,Transit,2012,10.2184954,2.78,0.248,35.5,0.11169549,920.0,969.252,5843.0,0.95,1.03,1,Cluster 1,1.5578079354815642,-1,True,Potential Outlier
Kepler-59 c,Kepler-59,Transit,2012,17.9801235,1.98,0.177,3.81,0.0119876,752.0,1163.22,6074.0,1.04,0.94,1,Cluster 1,1.328010229466344,1,False,Normal
Kepler-130 c,Kepler-130,Transit,2014,27.50868,2.9,0.259,8.75,0.0275,683.0,316.663,5879.0,1.0,1.17,1,Cluster 1,1.0071223153936193,1,False,Normal
CoRoT-27 b,CoRoT-27,Transit,2014,3.57532,11.287,1.007,3302.11,10.39,1500.0,1010.28,5900.0,1.05,1.08,0,Cluster 0,1.216205630258694,1,False,Normal
HIP 105854 b,HIP 105854,Radial Velocity,2014,184.2,12.6,1.12,2606.1,8.2,822.14,78.6381,4780.0,2.1,10.305119,3,Cluster 3,1.036922452220681,1,False,Normal
Kapteyn c,Kapteyn,Radial Velocity,2014,121.54,2.54,0.227,7.0,0.022,165.59,3.93305,3550.0,0.281,0.291,1,Cluster 1,1.2586724482919114,1,False,Normal
2MASS J01225093-2439505 b,2MASS J01225093-2439505,Imaging,2013,,11.209,1.0,7786.5,24.5,1600.0,33.8281,3530.0,0.4,0.36645,0,Cluster 0,1.1120523168441026,1,False,Normal
Kepler-63 b,Kepler-63,Transit,2013,9.4341505,6.11,0.545,120.0,0.378,791.0,194.033,5576.0,0.984,0.901,1,Cluster 1,1.0403294262234932,1,False,Normal
Kepler-53 c,Kepler-53,Transit,2012,38.5583038,3.17,0.283,36.0,0.11326867,550.0,1366.07,5858.0,0.98,0.89,1,Cluster 1,1.165926513087061,1,False,Normal
Kepler-54 c,Kepler-54,Transit,2012,12.0717249,1.23,0.11,0.7,0.00220245,395.0,271.701,3705.0,0.51,0.5,1,Cluster 1,1.0621601284398592,1,False,Normal
Kepler-83 c,Kepler-83,Transit,2012,20.09,2.36,0.211,2.03,0.00638709,362.0,400.409,4082.0,0.66,0.61,1,Cluster 1,1.062382168223341,1,False,Normal
Kepler-81 b,Kepler-81,Transit,2012,5.955,2.42,0.216,17.2,0.054,635.0,348.291,4385.0,0.64,0.59,1,Cluster 1,1.0989217974282064,1,False,Normal
Kepler-55 c,Kepler-55,Transit,2012,42.1516418,2.21,0.197,69.8,0.22,349.0,578.796,4362.0,0.62,0.58,1,Cluster 1,2.3893991608990133,-1,True,Potential Outlier
Kepler-59 b,Kepler-59,Transit,2012,11.8681707,1.1,0.098,4.1,0.01290004,864.0,1163.22,6074.0,1.04,0.94,1,Cluster 1,1.5251985675644726,-1,True,Potential Outlier
HD 82943 b,HD 82943,Radial Velocity,2003,441.47,13.5,1.2,534.25,1.681,286.13,27.5902,5935.0,1.08,1.1826,0,Cluster 0,1.3990337590842836,1,False,Normal
HD 154857 c,HD 154857,Radial Velocity,2014,3452.0,13.2,1.18,819.97,2.58,154.88,63.4482,5605.0,1.718,1.76,0,Cluster 0,1.7468088034601095,-1,True,Potential Outlier
Kepler-62 d,Kepler-62,Transit,2013,18.16406,1.95,0.174,14.0,0.044,510.0,300.874,4925.0,0.69,0.64,1,Cluster 1,1.1852058904302338,1,False,Normal
Kepler-62 b,Kepler-62,Transit,2013,5.714932,1.31,0.117,9.0,0.03,750.0,300.874,4925.0,0.69,0.64,1,Cluster 1,1.225559781872547,1,False,Normal
Kepler-83 b,Kepler-83,Transit,2012,9.77,2.83,0.252,2.94,0.00925027,460.0,400.409,4082.0,0.66,0.61,1,Cluster 1,1.075625598248718,1,False,Normal
POTS-1 b,POTS-1,Transit,2013,3.1606296,10.548,0.941,734.16,2.31,841.95,747.959,4400.0,0.695,0.588,0,Cluster 0,1.1374459486102437,1,False,Normal
Kepler-54 b,Kepler-54,Transit,2012,8.0109434,2.1,0.187,0.98,0.00308342,453.0,271.701,3705.0,0.51,0.5,1,Cluster 1,1.030757858857329,1,False,Normal
Kepler-55 b,Kepler-55,Transit,2012,27.9481449,2.43,0.217,43.0,0.135,400.0,578.796,4362.0,0.62,0.58,1,Cluster 1,1.7192846705832587,-1,True,Potential Outlier
HD 82943 c,HD 82943,Radial Velocity,2003,220.078,13.4,1.2,622.603,1.959,360.95,27.5902,5935.0,1.08,1.1826,0,Cluster 0,1.353276557550749,1,False,Normal
Kepler-413 b,Kepler-413,Transit,2014,66.262,4.347,0.388,67.0,0.211,334.96,847.536,4700.0,0.82,0.7761,1,Cluster 1,1.3424044402513087,1,False,Normal
Kepler-61 b,Kepler-61,Transit,2013,59.87756,2.15,0.192,5.27,0.0166,273.0,335.079,4017.0,0.635,0.62,1,Cluster 1,1.0324116136256007,1,False,Normal
HAT-P-27 b,HAT-P-27,Transit,2011,3.039577,11.43,1.02,197.05,0.62,1091.99,199.173,5316.0,0.916,0.864673,0,Cluster 0,0.9730834257994208,1,False,Normal
Qatar-4 b,Qatar-4,Transit,2017,1.8053564,12.722215,1.135,1938.763,6.1,1385.0,329.036,5215.0,0.896,0.849,0,Cluster 0,1.4324120916865424,1,False,Normal
WTS-2 b,WTS-2,Transit,2014,1.0187068,15.277867,1.363,355.9696,1.12,2000.0,1030.76834437,5000.0,0.82,0.752,0,Cluster 0,1.561303441220231,-1,True,Potential Outlier
HD 4203 c,HD 4203,Radial Velocity,2014,6700.0,13.3,1.19,689.66,2.17,124.96,81.3795,5582.0,0.99,1.49795,0,Cluster 0,1.0190915258914115,1,False,Normal
Kepler-193 c,Kepler-193,Transit,2014,50.697494,2.75,0.245,8.0,0.0252,595.0,1009.1,6335.0,1.051,1.147,1,Cluster 1,1.2539321561415022,1,False,Normal
Kepler-207 b,Kepler-207,Transit,2014,1.611865,1.57,0.14,3.09,0.00972,1930.0,875.519,5920.0,1.313,1.588,1,Cluster 1,1.1328251530973354,1,False,Normal
Kepler-313 b,Kepler-313,Transit,2014,14.970418,2.53,0.226,6.94,0.0218,883.0,1079.39524871,5727.0,1.114,1.536,1,Cluster 1,1.2211755848918393,1,False,Normal
Kepler-120 c,Kepler-120,Transit,2014,12.794585,1.53,0.136,2.96,0.0093,455.0,388.63,4096.0,0.654,0.534,1,Cluster 1,1.0626508054010355,1,False,Normal
Kepler-238 e,Kepler-238,Transit,2013,23.654,5.6,0.5,169.7,0.534,731.0,1798.75,5800.0,1.06,0.96,1,Cluster 1,1.054544697918598,1,False,Normal
Kepler-328 b,Kepler-328,Transit,2013,34.921,2.3,0.205,28.5,0.09,602.0,2213.19,6064.0,1.15,1.06,1,Cluster 1,1.2076701277931252,1,False,Normal
Kepler-280 b,Kepler-280,Transit,2014,2.139542,1.45,0.129,2.7,0.00849,1425.0,780.361,5744.0,0.962,0.886,1,Cluster 1,1.0157715043318976,1,False,Normal
Kepler-275 c,Kepler-275,Transit,2014,16.088134,3.38,0.302,11.4,0.0357,875.0,2034.25,6165.0,1.189,1.383,1,Cluster 1,1.0802307722077968,1,False,Normal
Kepler-214 b,Kepler-214,Transit,2014,15.660544,2.61,0.233,7.32,0.023,758.0,1208.44,6169.0,1.11,1.352,1,Cluster 1,0.9928350665157926,1,False,Normal
Kepler-219 c,Kepler-219,Transit,2014,22.714613,3.58,0.319,12.5,0.0394,766.0,787.07,5786.0,1.164,1.491,1,Cluster 1,1.1269285736718255,1,False,Normal
Kepler-331 b,Kepler-331,Transit,2014,8.457496,1.82,0.162,3.97,0.0125,540.0,580.119,4347.0,0.653,0.492,1,Cluster 1,0.9692050473328877,1,False,Normal
Kepler-340 c,Kepler-340,Transit,2014,22.824669,3.37,0.301,11.3,0.0355,946.0,808.762,6620.0,1.65,1.85,1,Cluster 1,1.3548147080959454,1,False,Normal
TOI-4438 b,TOI-4438,Transit,2024,7.446295,2.4,0.21411403,4.11,0.01293151,446.0,30.0346,3501.0,0.345,0.365,1,Cluster 1,1.0083052179614758,1,False,Normal
Kepler-293 b,Kepler-293,Transit,2014,19.254196,3.07,0.274,9.64,0.0303,657.0,974.633,5804.0,0.934,0.957,1,Cluster 1,1.0518176338641898,1,False,Normal
Kepler-291 b,Kepler-291,Transit,2014,3.546511,2.16,0.193,5.31,0.0167,1212.0,1786.48,6002.0,1.023,1.016,1,Cluster 1,1.0251938696988474,1,False,Normal
Kepler-224 d,Kepler-224,Transit,2014,11.349393,2.3,0.205,5.9,0.0186,610.0,782.088,5018.0,0.777,0.676,1,Cluster 1,0.9942846934991183,1,False,Normal
Kepler-124 c,Kepler-124,Transit,2014,13.821375,1.75,0.156,3.71,0.0117,560.0,420.046,4984.0,0.706,0.636,1,Cluster 1,1.1328053563985403,1,False,Normal
Kepler-338 b,Kepler-338,Transit,2014,13.726976,2.44,0.218,30.6,0.096,1005.0,552.798,5923.0,1.105,1.735,1,Cluster 1,1.4634915913780155,1,False,Normal
Kepler-111 b,Kepler-111,Transit,2014,3.341815,1.58,0.141,3.12,0.00982,1356.0,657.223,5952.0,1.171,1.157,1,Cluster 1,1.0438572503272623,1,False,Normal
Kepler-148 c,Kepler-148,Transit,2014,4.180043,3.6,0.321,12.6,0.0398,957.0,791.163,5272.0,0.86,0.851,1,Cluster 1,1.1001736118799803,1,False,Normal
Kepler-179 b,Kepler-179,Transit,2014,2.735926,1.64,0.146,3.33,0.0105,1075.0,605.68,5302.0,0.893,0.759,1,Cluster 1,0.9840942530518468,1,False,Normal
Kepler-290 c,Kepler-290,Transit,2014,36.77031,2.7,0.241,7.75,0.0244,437.0,694.627,5147.0,0.756,0.743,1,Cluster 1,1.0238661485536338,1,False,Normal
Kepler-302 c,Kepler-302,Transit,2014,127.282184,12.45,1.111,,,392.0,1402.58,5740.0,1.021,1.22,0,Cluster 0,1.1198482313960156,1,False,Normal
Kepler-226 b,Kepler-226,Transit,2014,3.940997,1.55,0.138,24.0,0.076,1018.0,980.138,5571.0,0.904,0.802,2,Cluster 2,1.5945374552845468,-1,True,Potential Outlier
Kepler-333 b,Kepler-333,Transit,2014,12.551158,1.32,0.118,28.2,0.089,480.0,324.413,4259.0,0.601,0.534,2,Cluster 2,1.8036510622118687,-1,True,Potential Outlier
Kepler-343 b,Kepler-343,Transit,2014,8.96855,2.41,0.215,6.39,0.0201,1024.0,927.193,5807.0,1.055,1.433,1,Cluster 1,1.0334954125502454,1,False,Normal
Kepler-197 d,Kepler-197,Transit,2014,15.677563,1.22,0.109,1.98,0.00624,810.0,330.575,6004.0,0.857,1.12,1,Cluster 1,1.1980723350054154,1,False,Normal
TOI-762 A b,TOI-762 A,Transit,2024,3.4716826,8.33948164,0.744,79.77493016,0.251,555.4,98.4458,3266.0,0.442,0.425,0,Cluster 0,1.1397741695058279,1,False,Normal
Kepler-125 b,Kepler-125,Transit,2014,4.164389,2.37,0.211,6.21,0.0195,590.0,183.365,3810.0,0.542101,0.512,1,Cluster 1,1.018428218807739,1,False,Normal
Kepler-306 c,Kepler-306,Transit,2014,7.240193,2.35,0.21,6.12,0.0193,716.0,775.679,4954.0,0.75,0.719,1,Cluster 1,1.0266307173639528,1,False,Normal
Kepler-53 d,Kepler-53,Transit,2014,9.751962,2.12,0.189,166.503,0.52387702,870.0,1366.07,6085.0,0.966,0.958,1,Cluster 1,1.1818851655883393,1,False,Normal
Kepler-238 d,Kepler-238,Transit,2014,13.233549,3.07,0.274,23.1,0.07268073,888.0,1798.75,5751.0,1.229,1.43,1,Cluster 1,1.2319790409841798,1,False,Normal
Kepler-127 d,Kepler-127,Transit,2014,48.630408,2.64,0.236,7.46,0.0235,590.0,352.794,6106.0,1.248,1.359,1,Cluster 1,1.038784125074233,1,False,Normal
Kepler-222 c,Kepler-222,Transit,2014,10.08881,4.64,0.414,19.4,0.0612,734.0,758.854,5433.0,0.933,0.869,1,Cluster 1,1.154362939357743,1,False,Normal
Kepler-257 d,Kepler-257,Transit,2014,24.664551,4.95,0.442,21.7,0.0683,567.0,780.256,5180.0,0.916,1.037,1,Cluster 1,1.1174603151307831,1,False,Normal
Kepler-308 b,Kepler-308,Transit,2014,9.694928,2.12,0.189,5.14,0.0162,833.0,1335.92,5895.0,0.92,0.941,1,Cluster 1,1.1444682523558087,1,False,Normal
Kepler-310 c,Kepler-310,Transit,2014,56.47542,3.38,0.302,11.4,0.0357,417.0,602.268,5797.0,0.854,0.876,1,Cluster 1,1.2181791786357918,1,False,Normal
Kepler-242 c,Kepler-242,Transit,2014,14.496481,2.0,0.178,4.66,0.0147,613.0,600.241,5020.0,0.748,0.85,1,Cluster 1,0.9883201720330439,1,False,Normal
Kepler-241 c,Kepler-241,Transit,2014,36.065978,2.57,0.229,7.13,0.0224,397.0,512.0,4699.0,0.671,0.668,1,Cluster 1,1.041893802668976,1,False,Normal
Kepler-351 c,Kepler-351,Transit,2014,57.24809,3.19,0.285,11.1,0.035,431.0,1083.91,5643.0,0.81,0.854,1,Cluster 1,1.2125881292293463,1,False,Normal
Kepler-341 c,Kepler-341,Transit,2014,8.01041,1.7,0.152,3.53,0.0111,940.0,1047.03,6012.0,0.976,1.024,1,Cluster 1,1.0905828331579976,1,False,Normal
Kepler-166 c,Kepler-166,Transit,2014,34.260281,2.38,0.212,6.26,0.0197,468.0,603.53,5413.0,0.811,0.742,1,Cluster 1,1.095242334965715,1,False,Normal
Kepler-108 c,Kepler-108,Transit,2014,190.323494,8.18,0.73,50.9,0.16,426.0,338.732,5854.0,1.247,2.192,0,Cluster 0,1.216775175852146,1,False,Normal
Kepler-311 b,Kepler-311,Transit,2014,9.176092,1.7,0.152,3.53,0.0111,960.0,778.654,5905.0,0.994,1.188,1,Cluster 1,1.0022973400016875,1,False,Normal
Kepler-276 b,Kepler-276,Transit,2014,14.12841,2.87,0.256,731.209,2.3006408,739.0,1144.86,6105.0,0.845,1.046,2,Cluster 2,1.2611146577897363,1,False,Normal
Kepler-254 c,Kepler-254,Transit,2014,12.412183,2.15,0.192,3.2,0.01,787.0,1389.48,5957.0,0.849,0.91,1,Cluster 1,1.2911022142943722,1,False,Normal
Kepler-268 c,Kepler-268,Transit,2014,83.446393,3.38,0.302,11.4,0.0357,471.0,851.87,6081.0,1.109,1.274,1,Cluster 1,1.0721739575059426,1,False,Normal
Kepler-321 c,Kepler-321,Transit,2014,13.093921,2.32,0.207,5.99,0.0189,752.0,384.542,5740.0,1.024,1.194,1,Cluster 1,0.9754350141470554,1,False,Normal
Kepler-349 b,Kepler-349,Transit,2014,5.929778,1.9,0.17,94.5,0.297,972.0,940.724,5956.0,1.083,0.927,2,Cluster 2,1.2670859697659032,1,False,Normal
Kepler-108 b,Kepler-108,Transit,2014,49.183921,8.65,0.772,56.0,0.176,669.0,338.732,5854.0,1.247,2.192,0,Cluster 0,1.144792079749672,1,False,Normal
Kepler-264 b,Kepler-264,Transit,2014,40.806231,3.33,0.297,11.1,0.0348,772.0,942.173,6158.0,1.426,1.55,1,Cluster 1,1.161969768707083,1,False,Normal
Kepler-279 b,Kepler-279,Transit,2014,12.309681,3.62,0.323,4180.93,13.15467689,1104.0,1037.4,6363.0,1.2,1.746,2,Cluster 2,2.594728501358303,-1,True,Potential Outlier
Kepler-286 c,Kepler-286,Transit,2014,3.468095,1.37,0.122,2.45,0.00771,1098.0,1226.85,5580.0,0.83,0.863,1,Cluster 1,1.1099209798006502,1,False,Normal
Kepler-171 c,Kepler-171,Transit,2014,11.463462,2.56,0.228,7.08,0.0223,752.0,863.855,5642.0,0.978,0.839,1,Cluster 1,0.9687870883409173,1,False,Normal
Kepler-238 b,Kepler-238,Transit,2014,2.090876,1.73,0.154,3305.02,10.39875583,1642.0,1798.75,5751.0,1.229,1.43,2,Cluster 2,4.262493993778339,-1,True,Potential Outlier
Kepler-329 c,Kepler-329,Transit,2014,18.684737,1.93,0.172,4.38,0.0138,402.0,439.719,4257.0,0.602,0.523,1,Cluster 1,0.9999044751362994,1,False,Normal
Kepler-345 c,Kepler-345,Transit,2014,9.387427,1.2,0.107,2.2,0.00692194,575.0,260.0,4504.0,0.61,0.623,1,Cluster 1,1.1681083209741527,1,False,Normal
Kepler-263 b,Kepler-263,Transit,2014,16.568087,2.67,0.238,7.61,0.0239,548.0,754.747,5265.0,0.793,0.785,1,Cluster 1,1.0212862701355783,1,False,Normal
Kepler-268 b,Kepler-268,Transit,2014,25.934138,2.55,0.227,7.04,0.0221,695.0,851.87,6081.0,1.109,1.274,1,Cluster 1,1.0140567388588546,1,False,Normal
Kepler-287 b,Kepler-287,Transit,2014,20.342199,2.33,0.208,83.0,0.2611472,667.0,835.86,5806.0,0.963,1.032,1,Cluster 1,1.9528633671314075,-1,True,Potential Outlier
Kepler-290 b,Kepler-290,Transit,2014,14.589347,2.25,0.201,5.69,0.0179,594.0,694.627,5147.0,0.756,0.743,1,Cluster 1,1.018459418738295,1,False,Normal
Kepler-82 d,Kepler-82,Transit,2014,2.382961,1.77,0.158,885.098,2.78482974,1253.0,904.326,5428.0,0.946,0.945,2,Cluster 2,2.293899369836884,-1,True,Potential Outlier
Kepler-148 b,Kepler-148,Transit,2014,1.729366,1.8,0.161,3.89,0.0123,1284.0,791.163,5272.0,0.86,0.851,1,Cluster 1,1.0307652191767294,1,False,Normal
HD 13908 c,HD 13908,Radial Velocity,2013,931.0,12.8,1.15,1630.4,5.13,273.57,79.5515,6255.0,1.29,1.67,0,Cluster 0,1.0260707174784272,1,False,Normal
HD 159243 b,HD 159243,Radial Velocity,2013,12.62,13.7,1.22,359.13,1.13,942.13,73.3055,6123.0,1.125,1.12,0,Cluster 0,1.086232568663678,1,False,Normal
Kepler-292 d,Kepler-292,Transit,2014,7.055679,2.23,0.199,5.6,0.0176,808.0,1056.48,5299.0,0.865,0.826,1,Cluster 1,0.9826556170049635,1,False,Normal
Kepler-297 c,Kepler-297,Transit,2014,74.920137,6.54,0.583,42.1,0.132,409.0,692.14,5619.0,0.927,0.915,0,Cluster 0,1.0305644644659566,1,False,Normal
Kepler-150 e,Kepler-150,Transit,2014,30.826557,3.12,0.278,9.91,0.0312,544.0,891.092,5560.0,0.956,0.939,1,Cluster 1,0.9864585928942169,1,False,Normal
Kepler-178 c,Kepler-178,Transit,2014,20.552802,2.88,0.257,8.65,0.0272,656.0,716.025,5676.0,0.852,1.066,1,Cluster 1,1.157005458323606,1,False,Normal
HD 73526 c,HD 73526,Radial Velocity,2005,379.1,13.3,1.19,715.09,2.25,329.17,97.2396,5601.0,1.014,1.53,0,Cluster 0,1.0389480982987485,1,False,Normal
HD 106906 b,HD 106906,Imaging,2013,,12.4,1.11,3496.0,11.0,1800.0,103.029,6516.0,1.5,2.12351,0,Cluster 0,1.603638929828414,-1,True,Potential Outlier
Kepler-267 b,Kepler-267,Transit,2014,3.353728,1.98,0.177,37.9,0.119,615.0,264.993,4258.0,0.541571,0.555,1,Cluster 1,2.114251709089752,-1,True,Potential Outlier
Kepler-273 b,Kepler-273,Transit,2014,2.936532,1.5,0.134,2.86,0.00899,1209.0,713.964,5626.0,0.756,0.815,1,Cluster 1,1.4051838137564694,1,False,Normal
Kepler-306 b,Kepler-306,Transit,2014,4.646186,1.52,0.136,2.92,0.0092,830.0,775.679,4954.0,0.75,0.719,1,Cluster 1,0.9933980922112179,1,False,Normal
Kepler-309 c,Kepler-309,Transit,2014,105.356383,2.51,0.224,6.85,0.0215,204.0,544.568,4713.0,0.816,0.721,1,Cluster 1,1.216097911578809,1,False,Normal
Kepler-207 c,Kepler-207,Transit,2014,3.071571,1.5,0.134,2.86,0.00899,1556.0,875.519,5920.0,1.313,1.588,1,Cluster 1,1.1267294162040378,1,False,Normal
Kepler-224 b,Kepler-224,Transit,2014,3.132924,1.39,0.124,2.51,0.0079,937.0,782.088,5018.0,0.777,0.676,1,Cluster 1,0.990345260790335,1,False,Normal
Kepler-265 c,Kepler-265,Transit,2014,17.028937,2.63,0.235,7.41,0.0233,755.0,1280.25,5835.0,0.97,1.103,1,Cluster 1,1.0036199050309202,1,False,Normal
Kepler-269 b,Kepler-269,Transit,2014,5.326718,2.47,0.22,6.66,0.021,1007.0,2257.32,5847.0,0.92,0.959,1,Cluster 1,1.0551383306725075,1,False,Normal
Kepler-119 c,Kepler-119,Transit,2014,4.125103,0.92,0.082,0.721,0.00227,1016.0,701.996,5595.0,0.918,0.839,1,Cluster 1,0.9999834761385531,1,False,Normal
Kepler-130 b,Kepler-130,Transit,2014,8.457458,1.02,0.091,1.04,0.00328,982.0,316.663,5884.0,0.927,1.127,1,Cluster 1,1.1680178245583612,1,False,Normal
Kepler-235 e,Kepler-235,Transit,2014,46.183669,2.22,0.198,5.56,0.0175,306.0,428.018,4255.0,0.581,0.554,1,Cluster 1,1.021341618199667,1,False,Normal
Kepler-228 b,Kepler-228,Transit,2014,2.566546,1.53,0.136,2.96,0.0093,1360.0,1644.61,6043.0,1.006,1.014,1,Cluster 1,1.0347041763292304,1,False,Normal
Kepler-305 b,Kepler-305,Transit,2013,5.487,3.6,0.321,10.5,0.033,836.0,868.477,5080.0,0.76,0.8,1,Cluster 1,1.2411847002621788,1,False,Normal
Kepler-277 c,Kepler-277,Transit,2013,33.006,3.36,0.3,64.2,0.202,778.0,976.643,5946.0,1.12,1.69,1,Cluster 1,1.3262155433824607,1,False,Normal
Kepler-301 b,Kepler-301,Transit,2014,2.508553,1.35,0.12,2.39,0.00752,1278.0,719.166,5815.0,1.022,0.9,1,Cluster 1,0.9983313118059302,1,False,Normal
Kepler-300 c,Kepler-300,Transit,2014,40.714955,2.25,0.201,5.69,0.0179,516.0,1098.45,5986.0,1.07,0.9,1,Cluster 1,1.0203953117108462,1,False,Normal
Kepler-133 b,Kepler-133,Transit,2014,8.129976,1.76,0.157,3.75,0.0118,1041.0,653.6,5736.0,1.02,1.425,1,Cluster 1,1.0377613528663796,1,False,Normal
Kepler-152 c,Kepler-152,Transit,2014,88.255055,2.39,0.213,6.3,0.0198,326.0,441.09,5088.0,0.779,0.724,1,Cluster 1,0.9745621200273199,1,False,Normal
Kepler-82 e,Kepler-82,Transit,2014,5.902206,2.47,0.22,254.02,0.7992363,926.0,904.326,5428.0,0.946,0.945,1,Cluster 1,1.1403355920475622,1,False,Normal
Kepler-299 c,Kepler-299,Transit,2014,6.885875,2.65,0.236,7.51,0.0236,946.0,1052.24,5617.0,1.004,1.032,1,Cluster 1,1.0115712361080902,1,False,Normal
Kepler-298 b,Kepler-298,Transit,2014,10.475464,1.96,0.175,4.5,0.0142,540.0,518.204,4465.0,0.66,0.582,1,Cluster 1,0.9701287875528678,1,False,Normal
Kepler-157 b,Kepler-157,Transit,2014,1.732342,1.32,0.118,2.3,0.00724,1546.0,773.713,5774.0,0.95,1.044,1,Cluster 1,1.0150810223514795,1,False,Normal
Kepler-162 b,Kepler-162,Transit,2014,6.919798,1.26,0.112,2.13,0.00669,961.0,855.641,5816.0,1.053,0.958,1,Cluster 1,1.001592320416632,1,False,Normal
Kepler-249 d,Kepler-249,Transit,2014,15.368459,1.57,0.14,3.09,0.00972,332.0,190.401,3568.0,0.510238,0.482,1,Cluster 1,0.9940341525142673,1,False,Normal
Kepler-254 d,Kepler-254,Transit,2014,18.746477,2.5,0.223,6.8,0.0214,686.0,1389.48,5957.0,0.849,0.91,1,Cluster 1,1.2050791305998776,1,False,Normal
Kepler-114 c,Kepler-114,Transit,2013,8.041,1.6,0.143,2.8,0.009,507.0,259.533,4660.0,0.56,0.54,1,Cluster 1,1.3485016544254678,1,False,Normal
Kepler-145 b,Kepler-145,Transit,2013,22.951,2.65,0.236,37.1,0.117,873.0,566.85,6022.0,1.32,1.85,1,Cluster 1,1.4535961063649538,1,False,Normal
Kepler-295 b,Kepler-295,Transit,2014,12.645164,1.22,0.109,1.98,0.00624,741.0,1699.19,5603.0,0.89,0.898,1,Cluster 1,1.0273433214808272,1,False,Normal
Kepler-288 c,Kepler-288,Transit,2014,19.305772,2.85,0.254,8.5,0.0267,815.0,1194.15,5918.0,0.842,1.091,1,Cluster 1,1.1819113167490947,1,False,Normal
Kepler-286 d,Kepler-286,Transit,2014,5.914323,1.33,0.119,2.33,0.00733,919.0,1226.85,5580.0,0.83,0.863,1,Cluster 1,1.0921003131102687,1,False,Normal
Kepler-312 c,Kepler-312,Transit,2014,19.747412,3.15,0.281,10.1,0.0317,754.0,797.72,6115.0,1.314,1.467,1,Cluster 1,1.2255586123036584,1,False,Normal
Kepler-287 c,Kepler-287,Transit,2014,44.851896,3.26,0.291,66.0,0.20765922,513.0,835.86,5806.0,0.963,1.032,1,Cluster 1,2.3344411650494177,-1,True,Potential Outlier
Kepler-285 b,Kepler-285,Transit,2014,2.633867,1.34,0.12,2.36,0.00742,1131.0,824.31,5411.0,0.915,0.808,1,Cluster 1,0.9979337905998735,1,False,Normal
Kepler-178 d,Kepler-178,Transit,2014,96.678988,3.95,0.352,14.8,0.0465,392.0,716.025,5676.0,0.852,1.066,1,Cluster 1,1.1092117834173045,1,False,Normal
Kepler-183 b,Kepler-183,Transit,2014,5.687945,2.06,0.184,4.9,0.0154,1088.0,1050.64,5888.0,0.99,0.958,1,Cluster 1,1.0137916366107382,1,False,Normal
Kepler-315 b,Kepler-315,Transit,2014,96.101141,3.77,0.336,13.7,0.043,409.0,1160.63,5796.0,0.831,1.037,1,Cluster 1,1.1815650986588069,1,False,Normal
Kepler-316 c,Kepler-316,Transit,2014,6.827766,1.16,0.103,1.65,0.00521,577.0,384.938,4204.0,0.587,0.52,1,Cluster 1,1.0266998612488645,1,False,Normal
Kepler-284 b,Kepler-284,Transit,2014,12.699149,2.24,0.2,5.65,0.0178,686.0,1031.95,5615.0,0.766,0.814,1,Cluster 1,1.1068213958071886,1,False,Normal
Kepler-281 c,Kepler-281,Transit,2014,36.337373,5.31,0.474,161.124,0.5069528,513.0,1745.45,5723.0,0.95,0.899,1,Cluster 1,1.1213306693534155,1,False,Normal
Kepler-85 d,Kepler-85,Transit,2014,17.91323,1.2,0.107,8.69679,0.02736316,626.0,765.025,5436.0,0.947,0.893,1,Cluster 1,1.3123894208305884,1,False,Normal
Kepler-353 b,Kepler-353,Transit,2014,5.795278,0.89,0.079,0.64,0.00201,534.0,384.694,3903.0,0.553,0.504,1,Cluster 1,1.0299098321425453,1,False,Normal
Kepler-372 c,Kepler-372,Transit,2014,20.053763,2.09,0.186,5.02,0.0158,755.0,1493.95,6509.0,1.202,1.137,1,Cluster 1,1.1677959500411232,1,False,Normal
Kepler-374 c,Kepler-374,Transit,2014,3.282807,1.1,0.098,1.37,0.0043,1467.0,1265.61,5977.0,1.033,0.911,1,Cluster 1,0.9988591794850754,1,False,Normal
Kepler-151 c,Kepler-151,Transit,2014,24.674612,2.09,0.186,5.02,0.0158,544.0,649.919,5460.0,0.87,0.83,1,Cluster 1,1.0049357782351822,1,False,Normal
Kepler-386 c,Kepler-386,Transit,2014,25.193458,1.58,0.141,3.12,0.00982,513.0,882.462,5178.0,0.825,0.767,1,Cluster 1,1.035178953305374,1,False,Normal
Kepler-213 c,Kepler-213,Transit,2014,4.822962,2.34,0.209,6.08,0.0191,1060.0,634.939,5696.0,1.07,1.195,1,Cluster 1,1.0786614737045492,1,False,Normal
Kepler-211 b,Kepler-211,Transit,2014,4.138575,1.26,0.112,2.13,0.00669,954.0,309.353,5123.0,0.867,0.816,1,Cluster 1,0.9824253280240013,1,False,Normal
Kepler-355 b,Kepler-355,Transit,2014,11.03189,1.46,0.13,2.73,0.00859,840.0,1432.17,6184.0,0.933,1.066,1,Cluster 1,1.2590447108589093,1,False,Normal
Kepler-356 b,Kepler-356,Transit,2014,4.612696,1.57,0.14,3.09,0.00972,1294.0,707.559,6133.0,1.163,1.335,1,Cluster 1,1.0016414053391938,1,False,Normal
Kepler-355 c,Kepler-355,Transit,2014,25.762294,2.71,0.242,7.8,0.0245,633.0,1432.17,6184.0,0.933,1.066,1,Cluster 1,1.30883747174305,1,False,Normal
Kepler-356 c,Kepler-356,Transit,2014,13.121632,1.81,0.161,3.93,0.0124,913.0,707.559,6133.0,1.163,1.335,1,Cluster 1,0.9825552650959768,1,False,Normal
Kepler-387 b,Kepler-387,Transit,2014,6.791636,1.03,0.092,1.08,0.0034,994.0,801.052,5774.0,0.85,1.046,1,Cluster 1,1.196387031275483,1,False,Normal
Kepler-388 b,Kepler-388,Transit,2014,3.173315,0.81,0.072,0.457,0.00144,830.0,425.0,4498.0,0.635,0.586,1,Cluster 1,1.0452603449758047,1,False,Normal
Kepler-404 b,Kepler-404,Transit,2014,11.829851,1.27,0.113,2.15,0.00678,730.0,812.524,5654.0,0.86,0.884,1,Cluster 1,1.0780485959461061,1,False,Normal
Kepler-221 d,Kepler-221,Transit,2014,10.04156,2.73,0.244,3.61,0.01135833,712.0,385.231,5243.0,0.854,0.821,1,Cluster 1,1.1318662899220393,1,False,Normal
Kepler-357 b,Kepler-357,Transit,2014,6.475434,1.84,0.164,4.04,0.0127,793.0,688.573,5036.0,0.794,0.834,1,Cluster 1,0.9759358369032572,1,False,Normal
Kepler-358 b,Kepler-358,Transit,2014,34.060467,2.72,0.243,7.85,0.0247,554.0,1101.1,5908.0,0.94,0.954,1,Cluster 1,1.11843057498604,1,False,Normal
Kepler-376 c,Kepler-376,Transit,2014,14.172327,1.79,0.16,3.86,0.0121,873.0,923.067,5900.0,0.968,1.175,1,Cluster 1,1.0815621078176503,1,False,Normal
Kepler-378 b,Kepler-378,Transit,2014,16.092361,0.75,0.067,0.347,0.00109,503.0,152.094,4661.0,0.78,0.671,1,Cluster 1,1.1695676308249527,1,False,Normal
Kepler-389 b,Kepler-389,Transit,2014,3.244107,1.51,0.135,2.89,0.00909,1047.0,816.559,5376.0,0.765,0.792,1,Cluster 1,1.249240749563127,1,False,Normal
Kepler-118 b,Kepler-118,Transit,2014,7.518496,1.96,0.175,4.5,0.0142,784.0,574.228,5274.0,0.811,1.094,1,Cluster 1,1.06472957298386,1,False,Normal
Kepler-359 b,Kepler-359,Transit,2014,25.563222,3.53,0.315,12.2,0.0384,671.0,1443.21,6248.0,0.827,1.086,1,Cluster 1,1.642580316914787,-1,True,Potential Outlier
Kepler-363 c,Kepler-363,Transit,2014,7.542427,1.69,0.151,66.4,0.209,1054.0,762.596,5593.0,1.226,1.485,2,Cluster 2,1.4054736636203247,1,False,Normal
Kepler-379 c,Kepler-379,Transit,2014,62.784697,2.29,0.204,5.86,0.0184,530.0,731.274,6054.0,1.125,1.306,1,Cluster 1,1.0476741900468705,1,False,Normal
Kepler-112 c,Kepler-112,Transit,2014,28.574263,2.4,0.214,6.35,0.02,538.0,513.206,5544.0,0.782,0.841,1,Cluster 1,1.2477178783833796,1,False,Normal
Kepler-163 b,Kepler-163,Transit,2014,7.810937,1.05,0.094,1.16,0.00364,906.0,689.814,5776.0,0.882,0.917,1,Cluster 1,1.1101443072046573,1,False,Normal
Kepler-390 b,Kepler-390,Transit,2014,6.738088,0.82,0.073,0.477,0.0015,786.0,435.277,5166.0,0.787,0.776,1,Cluster 1,1.042489790842241,1,False,Normal
Kepler-52 d,Kepler-52,Transit,2014,36.445171,1.95,0.174,88.8775,0.27963989,332.0,321.542,4263.0,0.577,0.556,1,Cluster 1,1.716342022368338,-1,True,Potential Outlier
Kepler-231 b,Kepler-231,Transit,2014,10.065275,1.73,0.154,35.4,0.111,488.0,316.618,3767.0,0.58,0.49,1,Cluster 1,1.566186428242445,-1,True,Potential Outlier
Kepler-357 d,Kepler-357,Transit,2014,49.499875,3.43,0.306,11.6,0.0366,402.0,688.573,5036.0,0.794,0.834,1,Cluster 1,1.0449702187987089,1,False,Normal
Kepler-358 c,Kepler-358,Transit,2014,83.488369,2.85,0.254,8.5,0.0267,411.0,1101.1,5908.0,0.94,0.954,1,Cluster 1,1.0600781589409305,1,False,Normal
Kepler-139 b,Kepler-139,Transit,2014,15.771044,2.94,0.262,7.0,0.02202446,752.0,391.038,5594.0,1.078,1.3,1,Cluster 1,1.2734155518929549,1,False,Normal
Kepler-172 d,Kepler-172,Transit,2014,14.627119,2.25,0.201,5.69,0.0179,736.0,828.592,5526.0,1.081,1.085,1,Cluster 1,1.2383076071501342,1,False,Normal
Kepler-237 b,Kepler-237,Transit,2014,4.715106,1.41,0.126,2.57,0.00809,823.0,657.822,4861.0,0.696,0.725,1,Cluster 1,1.1218417767263995,1,False,Normal
Kepler-235 c,Kepler-235,Transit,2014,7.824904,1.28,0.114,2.18,0.00687,555.0,428.018,4255.0,0.581,0.554,1,Cluster 1,1.0496094221373304,1,False,Normal
Kepler-363 b,Kepler-363,Transit,2014,3.614568,1.16,0.103,1.65,0.00521,1347.0,762.596,5593.0,1.226,1.485,1,Cluster 1,1.4408461866806208,1,False,Normal
Kepler-272 b,Kepler-272,Transit,2014,2.971353,1.43,0.128,78.0,0.245,1200.0,889.608,5297.0,0.91,0.929,2,Cluster 2,1.6409981443160588,-1,True,Potential Outlier
Kepler-353 c,Kepler-353,Transit,2014,8.410894,1.38,0.123,2.48,0.0078,472.0,384.694,3903.0,0.553,0.504,1,Cluster 1,1.0279085041613996,1,False,Normal
Kepler-359 c,Kepler-359,Transit,2014,57.68802,4.3,0.384,2.9,0.00912437,512.0,1443.21,6248.0,0.827,1.086,1,Cluster 1,1.5989109098644279,-1,True,Potential Outlier
Kepler-173 b,Kepler-173,Transit,2014,4.263742,1.29,0.115,2.21,0.00696,1179.0,833.165,6031.0,1.067,0.949,1,Cluster 1,1.0014165211666,1,False,Normal
Kepler-175 c,Kepler-175,Transit,2014,34.035257,3.1,0.277,9.8,0.0308,583.0,1312.34,6064.0,0.969,1.01,1,Cluster 1,1.1616664103835683,1,False,Normal
Kepler-141 c,Kepler-141,Transit,2014,7.010606,1.41,0.126,2.57,0.00809,738.0,301.183,4910.0,0.878,0.787,1,Cluster 1,1.142426932534128,1,False,Normal
Kepler-239 c,Kepler-239,Transit,2014,56.228098,2.51,0.224,6.85,0.0215,366.0,648.109,4914.0,0.757,0.763,1,Cluster 1,0.978232288850893,1,False,Normal
Kepler-367 c,Kepler-367,Transit,2014,53.578637,1.2,0.107,1.87,0.00588,357.0,188.027,4710.0,0.768,0.695,1,Cluster 1,1.1278458690117514,1,False,Normal
Kepler-143 c,Kepler-143,Transit,2014,27.082511,3.37,0.301,11.3,0.0355,703.0,809.467,5848.0,0.982,1.359,1,Cluster 1,1.067507230288182,1,False,Normal
Kepler-360 b,Kepler-360,Transit,2014,3.289672,1.65,0.147,3.36,0.0106,1116.0,876.044,6053.0,0.994,1.058,1,Cluster 1,1.0651176509622649,1,False,Normal
Kepler-49 e,Kepler-49,Transit,2014,18.596108,1.56,0.139,1.03815,0.00326639,371.0,311.222,4252.0,0.549,0.559,1,Cluster 1,1.2485617695601692,1,False,Normal
Kepler-140 b,Kepler-140,Transit,2014,3.25427,1.61,0.144,3.22,0.0101,1301.0,583.859,6077.0,1.044,1.288,1,Cluster 1,0.9872930381063153,1,False,Normal
Kepler-392 b,Kepler-392,Transit,2014,5.341853,1.0,0.089,0.972,0.00306,1125.0,681.428,5938.0,0.874,1.129,1,Cluster 1,1.3888954342773743,1,False,Normal
Kepler-46 d,Kepler-46,Transit,2014,6.766589,1.64,0.146,3.33,0.0105,845.0,777.06,5309.0,0.883,0.79,1,Cluster 1,1.0345920065506795,1,False,Normal
Kepler-243 c,Kepler-243,Transit,2014,20.026218,1.99,0.178,4.62,0.0145,559.0,693.86,5228.0,0.904,0.842,1,Cluster 1,1.1014402637960439,1,False,Normal
Kepler-374 d,Kepler-374,Transit,2014,5.028219,1.31,0.117,2.27,0.00714,1272.0,1265.61,5977.0,1.033,0.911,1,Cluster 1,0.9907384001306012,1,False,Normal
Kepler-375 b,Kepler-375,Transit,2014,12.125934,1.45,0.129,2.7,0.00849,851.0,1238.81,5826.0,0.891,0.837,1,Cluster 1,1.1607080064338424,1,False,Normal
Kepler-116 c,Kepler-116,Transit,2014,13.07163,2.3,0.205,5.9,0.0186,964.0,955.168,6142.0,1.198,1.454,1,Cluster 1,0.9776123284406882,1,False,Normal
Kepler-280 c,Kepler-280,Transit,2014,4.807091,2.01,0.179,4.7,0.0148,1088.0,780.361,5744.0,0.962,0.886,1,Cluster 1,0.9968035080029101,1,False,Normal
Kepler-122 d,Kepler-122,Transit,2014,21.587475,2.2,0.196,5.48,0.0172,747.0,1027.45,6050.0,0.982,1.216,1,Cluster 1,1.186528069226555,1,False,Normal
Kepler-133 c,Kepler-133,Transit,2014,31.517586,2.84,0.253,8.45,0.0266,663.0,653.6,5736.0,1.02,1.425,1,Cluster 1,1.0498760893570753,1,False,Normal
Kepler-246 c,Kepler-246,Transit,2014,11.187161,1.5,0.134,2.86,0.00899,667.0,626.078,5206.0,0.853,0.831,1,Cluster 1,1.0471379784990902,1,False,Normal
Kepler-251 e,Kepler-251,Transit,2014,99.640161,2.77,0.247,8.1,0.0255,360.0,924.625,5526.0,0.891,0.89,1,Cluster 1,0.99726343323265,1,False,Normal
Kepler-326 c,Kepler-326,Transit,2014,4.580358,1.4,0.125,17.4,0.055,889.0,487.675,5105.0,0.91,0.801,2,Cluster 2,1.518360371089374,-1,True,Potential Outlier
K2-24 b,K2-24,Transit,2016,20.8895961,5.638,0.50298954,20.6,0.06481485,732.0,170.562,5726.0,1.091,1.185,1,Cluster 1,1.0585439348410208,1,False,Normal
Kepler-281 b,Kepler-281,Transit,2014,14.646008,2.82,0.252,324.0,1.019418,694.0,1745.45,5723.0,0.95,0.899,2,Cluster 2,1.3560114195764839,1,False,Normal
Kepler-288 b,Kepler-288,Transit,2014,6.097326,1.67,0.149,3.43,0.0108,1197.0,1194.15,5918.0,0.842,1.091,1,Cluster 1,1.4501714754287087,1,False,Normal
Kepler-393 b,Kepler-393,Transit,2014,9.182417,1.29,0.115,2.21,0.00696,1052.0,881.404,6189.0,1.256,1.382,1,Cluster 1,1.010947501510071,1,False,Normal
Kepler-394 b,Kepler-394,Transit,2014,8.005013,1.6,0.143,3.19,0.01,1035.0,1058.72,6402.0,0.87,1.132,1,Cluster 1,1.5757400516777242,-1,True,Potential Outlier
Kepler-26 e,Kepler-26,Transit,2014,46.827915,2.41,0.215,6.39,0.0201,276.0,335.307,4486.0,0.593,0.571,1,Cluster 1,1.120859119365151,1,False,Normal
Kepler-255 b,Kepler-255,Transit,2014,5.714606,1.55,0.138,3.02,0.00951,971.0,1052.53,5573.0,0.867,0.933,1,Cluster 1,1.014192013412171,1,False,Normal
Kepler-344 b,Kepler-344,Transit,2014,21.963945,2.61,0.233,7.32,0.023,643.0,1002.94,5774.0,0.931,0.976,1,Cluster 1,0.9905585848957351,1,False,Normal
Kepler-342 b,Kepler-342,Transit,2014,15.170318,2.25,0.201,5.69,0.0179,905.0,781.611,6175.0,1.213,1.472,1,Cluster 1,0.998220904220115,1,False,Normal
Kepler-291 c,Kepler-291,Transit,2014,5.700786,1.88,0.168,4.19,0.0132,1035.0,1786.48,6002.0,1.023,1.016,1,Cluster 1,1.0021133860560836,1,False,Normal
Kepler-293 c,Kepler-293,Transit,2014,54.155743,3.83,0.342,14.0,0.0442,466.0,974.633,5804.0,0.934,0.957,1,Cluster 1,1.0579742744947631,1,False,Normal
Kepler-189 b,Kepler-189,Transit,2014,10.399931,1.21,0.108,1.92,0.00606,678.0,591.534,5235.0,0.803,0.75,1,Cluster 1,1.0629176289776812,1,False,Normal
Kepler-191 c,Kepler-191,Transit,2014,17.738506,1.86,0.166,4.12,0.013,596.0,594.464,5282.0,0.857,0.789,1,Cluster 1,1.0107806377167203,1,False,Normal
Kepler-258 c,Kepler-258,Transit,2014,33.653079,3.61,0.322,12.7,0.0399,470.0,575.988,4942.0,0.82,0.915,1,Cluster 1,1.0552954995439996,1,False,Normal
Kepler-337 c,Kepler-337,Transit,2014,9.693201,2.05,0.183,4.86,0.0153,1017.0,677.975,5684.0,1.081,1.761,1,Cluster 1,1.230905344020826,1,False,Normal
Kepler-298 c,Kepler-298,Transit,2014,22.92881,1.93,0.172,4.38,0.0138,416.0,518.204,4465.0,0.66,0.582,1,Cluster 1,0.9869215929748613,1,False,Normal
Kepler-300 b,Kepler-300,Transit,2014,10.446347,1.67,0.149,3.43,0.0108,812.0,1098.45,5986.0,1.07,0.9,1,Cluster 1,1.0035223085092357,1,False,Normal
Kepler-137 b,Kepler-137,Transit,2014,8.436387,1.47,0.131,2.76,0.00869,742.0,302.979,5187.0,0.85,0.802,1,Cluster 1,0.9902022386418707,1,False,Normal
Kepler-261 c,Kepler-261,Transit,2014,24.570858,2.0,0.178,4.66,0.0147,505.0,317.499,5098.0,0.834,0.794,1,Cluster 1,0.9894859084994486,1,False,Normal
Kepler-265 b,Kepler-265,Transit,2014,6.846262,1.86,0.166,4.12,0.013,1022.0,1280.25,5835.0,0.97,1.103,1,Cluster 1,0.9979131465509591,1,False,Normal
Kepler-339 b,Kepler-339,Transit,2014,4.977656,1.42,0.127,2.6,0.00819,1023.0,616.637,5631.0,0.87,0.802,1,Cluster 1,1.0509354462373772,1,False,Normal
Kepler-325 b,Kepler-325,Transit,2014,4.544439,2.91,0.26,8.8,0.0277,1017.0,823.242,5752.0,0.914,1.003,1,Cluster 1,1.033692389935474,1,False,Normal
Kepler-126 b,Kepler-126,Transit,2014,10.495711,1.52,0.136,4.11726105,0.0129436,1009.0,237.401,6239.0,1.108,1.358,1,Cluster 1,1.0837455637437867,1,False,Normal
Kepler-380 b,Kepler-380,Transit,2014,3.930821,1.19,0.106,1.81,0.0057,1317.0,813.713,6045.0,0.99,1.224,1,Cluster 1,1.030743411940066,1,False,Normal
Kepler-397 c,Kepler-397,Transit,2014,135.498527,6.18,0.551,31.6,0.0995,295.0,969.0,5307.0,0.844,0.767,1,Cluster 1,1.205144202173948,1,False,Normal
Kepler-122 e,Kepler-122,Transit,2014,37.993273,2.6,0.232,27.7,0.087,618.0,1027.45,6050.0,0.982,1.216,1,Cluster 1,1.4851966610611878,1,False,Normal
TOI-4504 b,TOI-4504,Transit,2024,2.4261516,2.65,0.23641757,140.0,0.45,1345.0,342.605,5315.0,0.875,0.93,2,Cluster 2,2.6308833410908656,-1,True,Potential Outlier
TOI-2384 b,TOI-2384,Transit,2024,2.13570304,11.48920522,1.025,624.85064816,1.966,889.7,191.51,3943.0,0.635,0.6113,0,Cluster 0,1.0827175084658167,1,False,Normal
Kepler-188 b,Kepler-188,Transit,2014,2.061897,1.68,0.15,3.46,0.0109,1463.0,968.544,6021.0,1.021,1.141,1,Cluster 1,0.9979183963588628,1,False,Normal
Kepler-362 c,Kepler-362,Transit,2014,37.866281,1.45,0.129,2.7,0.00849,543.0,1090.51,5788.0,0.904,0.722,1,Cluster 1,1.2249172558904478,1,False,Normal
Kepler-136 c,Kepler-136,Transit,2014,16.399235,1.99,0.178,4.62,0.0145,847.0,420.818,6165.0,1.204,1.355,1,Cluster 1,0.9844341318230334,1,False,Normal
Kepler-381 c,Kepler-381,Transit,2014,13.391635,1.12,0.1,1.46,0.00459,1180.0,267.323,6152.0,1.144,1.568,1,Cluster 1,1.0298003692069104,1,False,Normal
Kepler-398 b,Kepler-398,Transit,2014,4.081423,0.93,0.083,0.749,0.00236,755.0,177.355,4493.0,0.649,0.613,1,Cluster 1,1.0338458008521527,1,False,Normal
Kepler-136 b,Kepler-136,Transit,2014,11.5789,2.05,0.183,19.8,0.062,951.0,420.818,6165.0,1.204,1.355,1,Cluster 1,1.3914224211526087,1,False,Normal
Kepler-272 d,Kepler-272,Transit,2014,10.937304,2.25,0.201,5.69,0.0179,777.0,889.608,5297.0,0.91,0.929,1,Cluster 1,0.9892341688232017,1,False,Normal
Kepler-206 d,Kepler-206,Transit,2014,23.44281,1.19,0.106,1.81,0.0057,681.0,594.447,5764.0,0.957,1.185,1,Cluster 1,1.1848119938207926,1,False,Normal
Kepler-141 b,Kepler-141,Transit,2014,3.107675,0.69,0.062,0.257,0.000809,968.0,301.183,4910.0,0.878,0.787,1,Cluster 1,1.2456391226236347,1,False,Normal
Kepler-399 d,Kepler-399,Transit,2014,58.034616,1.89,0.169,4.23,0.0133,486.0,740.537,5502.0,0.902,0.68,1,Cluster 1,1.0411718289444123,1,False,Normal
Kepler-400 b,Kepler-400,Transit,2014,9.024389,1.65,0.147,3.36,0.0106,939.0,845.97,5886.0,1.08,1.145,1,Cluster 1,0.9852950140890862,1,False,Normal
Kepler-366 b,Kepler-366,Transit,2014,3.281959,1.46,0.13,2.73,0.00859,1326.0,1856.28,6209.0,1.088,1.048,1,Cluster 1,1.0041154594456203,1,False,Normal
Kepler-367 b,Kepler-367,Transit,2014,37.815724,1.3,0.116,2.24,0.00705,401.0,188.027,4710.0,0.768,0.695,1,Cluster 1,1.1021200699767166,1,False,Normal
Kepler-135 b,Kepler-135,Transit,2014,6.00253,1.81,0.161,3.93,0.0124,1209.0,621.855,6090.0,1.047,1.275,1,Cluster 1,0.9844781069027675,1,False,Normal
Kepler-383 b,Kepler-383,Transit,2014,12.904532,1.32,0.118,2.3,0.00724,545.0,470.0,4710.0,0.669,0.672,1,Cluster 1,1.0823297508684295,1,False,Normal
Kepler-401 b,Kepler-401,Transit,2014,14.383035,1.71,0.153,3.57,0.0112,889.0,965.56,6117.0,1.173,1.333,1,Cluster 1,0.9970830860194175,1,False,Normal
Kepler-402 c,Kepler-402,Transit,2014,6.124821,1.56,0.139,3.05,0.00961,1140.0,625.339,6090.0,1.072,1.264,1,Cluster 1,1.0372344960985296,1,False,Normal
Kepler-351 b,Kepler-351,Transit,2014,37.054919,3.06,0.273,4.8,0.015,498.0,1083.91,5643.0,0.81,0.854,1,Cluster 1,1.2306732901614614,1,False,Normal
Kepler-350 b,Kepler-350,Transit,2014,11.189562,1.85,0.165,16.9,0.05317335,1037.0,956.859,6186.0,1.19,1.534,1,Cluster 1,1.0163732909066332,1,False,Normal
Kepler-369 c,Kepler-369,Transit,2014,14.871572,1.41,0.126,2.57,0.00809,391.0,214.0,3591.0,0.5,0.471,1,Cluster 1,1.0323316640306297,1,False,Normal
Kepler-371 b,Kepler-371,Transit,2014,34.763278,1.89,0.169,4.23,0.0133,554.0,813.192,5666.0,0.876,0.992,1,Cluster 1,1.1267823785506637,1,False,Normal
Kepler-147 b,Kepler-147,Transit,2014,12.610584,1.53,0.136,2.96,0.0093,953.0,1042.02,6012.0,1.145,1.468,1,Cluster 1,1.02033155852709,1,False,Normal
Kepler-132 d,Kepler-132,Transit,2014,18.010199,1.55,0.138,3.02,0.00951,758.0,349.549,6003.0,0.929,1.178,1,Cluster 1,1.2031244188747874,1,False,Normal
Kepler-200 c,Kepler-200,Transit,2014,10.222157,1.59,0.142,3.15,0.00993,806.0,665.912,5678.0,0.972,0.944,1,Cluster 1,0.9852915862478845,1,False,Normal
Kepler-215 e,Kepler-215,Transit,2014,68.16101,1.75,0.156,3.71,0.0117,405.0,485.997,5739.0,0.788,1.027,1,Cluster 1,1.2900238538199347,1,False,Normal
Kepler-347 c,Kepler-347,Transit,2014,27.320871,1.75,0.156,3.71,0.0117,705.0,1298.88,6088.0,0.922,1.005,1,Cluster 1,1.271960989718929,1,False,Normal
Kepler-202 b,Kepler-202,Transit,2014,4.069427,1.63,0.145,3.29,0.0104,802.0,285.111,4668.0,0.683,0.667,1,Cluster 1,1.0624531729323066,1,False,Normal
Kepler-84 f,Kepler-84,Transit,2014,44.552169,2.2,0.196,5.48,0.0172,572.0,1023.9,6031.0,1.06,1.169,1,Cluster 1,0.9974532200714925,1,False,Normal
Kepler-310 b,Kepler-310,Transit,2014,13.930698,1.19,0.106,1.81,0.0057,665.0,602.268,5797.0,0.854,0.876,1,Cluster 1,1.193417371745618,1,False,Normal
Kepler-270 c,Kepler-270,Transit,2014,25.262887,1.77,0.158,3.78,0.0119,756.0,948.781,6067.0,1.17,1.461,1,Cluster 1,0.999609833092585,1,False,Normal
Kepler-24 d,Kepler-24,Transit,2014,4.244384,1.67,0.149,293.959,0.92489845,1305.0,1156.81,5897.0,1.046,1.289,2,Cluster 2,1.842144886361941,-1,True,Potential Outlier
Kepler-217 c,Kepler-217,Transit,2014,8.586004,1.85,0.165,4.08,0.0128,1208.0,1104.64,6171.0,1.342,1.799,1,Cluster 1,1.0910865611347933,1,False,Normal
Kepler-220 e,Kepler-220,Transit,2014,45.902733,1.33,0.119,2.33,0.00733,341.0,171.109,4632.0,0.729,0.666,1,Cluster 1,1.0724121363483827,1,False,Normal
Kepler-313 c,Kepler-313,Transit,2014,32.273273,2.57,0.229,7.13,0.0224,683.0,1079.39524871,5727.0,1.114,1.536,1,Cluster 1,1.2148211272948717,1,False,Normal
Kepler-311 c,Kepler-311,Transit,2014,19.738286,1.43,0.128,2.63,0.00829,744.0,778.654,5905.0,0.994,1.188,1,Cluster 1,1.057824548726329,1,False,Normal
Kepler-282 c,Kepler-282,Transit,2014,13.638723,1.2,0.107,1.87,0.00588,717.0,1337.61,5602.0,0.86,0.904,1,Cluster 1,1.0841364635829707,1,False,Normal
Kepler-286 e,Kepler-286,Transit,2014,29.221289,1.77,0.158,3.78,0.0119,539.0,1226.85,5580.0,0.83,0.863,1,Cluster 1,1.2251383117551853,1,False,Normal
Kepler-204 b,Kepler-204,Transit,2014,14.400974,2.53,0.226,6.94,0.0218,828.0,686.723,5812.0,1.038,1.238,1,Cluster 1,1.0140363237188983,1,False,Normal
Kepler-359 d,Kepler-359,Transit,2014,77.095691,4.01,0.358,2.7,0.00849511,464.0,1443.21,6248.0,0.827,1.086,1,Cluster 1,1.605940016587791,-1,True,Potential Outlier
Kepler-314 b,Kepler-314,Transit,2014,2.461069,0.83,0.074,0.498,0.00157,1195.0,268.881,5378.0,0.99,0.95,1,Cluster 1,1.1985660732026122,1,False,Normal
Kepler-316 b,Kepler-316,Transit,2014,2.240508,1.06,0.095,1.2,0.00377,837.0,384.938,4204.0,0.587,0.52,1,Cluster 1,1.0116037268873963,1,False,Normal
Kepler-288 d,Kepler-288,Transit,2014,56.633742,2.67,0.238,7.61,0.0239,570.0,1194.15,5918.0,0.842,1.091,1,Cluster 1,1.2498378273115631,1,False,Normal
Kepler-149 b,Kepler-149,Transit,2014,29.198943,4.21,0.376,16.5,0.0519,540.0,571.034,5381.0,1.013,0.953,1,Cluster 1,1.315585544744159,1,False,Normal
Kepler-372 b,Kepler-372,Transit,2014,6.849692,1.36,0.121,2.42,0.00761,1081.0,1493.95,6509.0,1.202,1.137,1,Cluster 1,1.0429444793146112,1,False,Normal
Kepler-205 b,Kepler-205,Transit,2014,2.75564,1.51,0.135,2.89,0.00909,757.0,159.72,4321.0,0.592,0.546,1,Cluster 1,0.9800086891946661,1,False,Normal
Kepler-361 b,Kepler-361,Transit,2014,8.486616,1.45,0.129,2.7,0.00849,1060.0,930.32,6169.0,1.191,1.343,1,Cluster 1,1.0052825859772347,1,False,Normal
Kepler-317 c,Kepler-317,Transit,2014,8.77501,1.72,0.153,3.61,0.0113,837.0,940.584,5497.0,0.865,0.941,1,Cluster 1,1.071734731345499,1,False,Normal
Kepler-319 d,Kepler-319,Transit,2014,31.781925,2.29,0.204,5.86,0.0184,528.0,503.436,5526.0,0.933,0.903,1,Cluster 1,0.9801392358921099,1,False,Normal
Kepler-295 d,Kepler-295,Transit,2014,33.884054,1.36,0.121,2.42,0.00761,533.0,1699.19,5603.0,0.89,0.898,1,Cluster 1,1.10997651138545,1,False,Normal
Kepler-308 c,Kepler-308,Transit,2014,15.38231,2.16,0.193,5.31,0.0167,714.0,1335.92,5895.0,0.92,0.941,1,Cluster 1,1.141659764314669,1,False,Normal
Kepler-234 b,Kepler-234,Transit,2014,2.711506,3.7,0.33,13.2,0.0416,1420.0,1733.1,6224.0,1.129,1.113,1,Cluster 1,1.3475823097218609,1,False,Normal
Kepler-378 c,Kepler-378,Transit,2014,28.906009,0.7,0.062,0.271,0.000852,414.0,152.094,4661.0,0.78,0.671,1,Cluster 1,1.1406785182556836,1,False,Normal
Kepler-321 b,Kepler-321,Transit,2014,4.915379,1.77,0.158,3.78,0.0119,1042.0,384.542,5740.0,1.024,1.194,1,Cluster 1,1.0005776938773057,1,False,Normal
Kepler-322 b,Kepler-322,Transit,2014,1.653888,1.01,0.09,1.01,0.00317,1373.0,400.48,5388.0,0.908,0.89,1,Cluster 1,1.0493648439029994,1,False,Normal
Kepler-397 b,Kepler-397,Transit,2014,22.250949,2.46,0.219,6.62,0.0208,539.0,969.0,5307.0,0.844,0.767,1,Cluster 1,0.9776353366768641,1,False,Normal
Kepler-198 b,Kepler-198,Transit,2014,17.790037,2.82,0.252,8.35,0.0263,655.0,495.358,5574.0,0.995,0.94,1,Cluster 1,1.0239545500731402,1,False,Normal
Kepler-386 b,Kepler-386,Transit,2014,12.31043,1.39,0.124,2.51,0.0079,651.0,882.462,5178.0,0.825,0.767,1,Cluster 1,1.0528947701903397,1,False,Normal
Kepler-206 c,Kepler-206,Transit,2014,13.137471,1.77,0.158,3.78,0.0119,825.0,594.447,5764.0,0.957,1.185,1,Cluster 1,0.985894875046197,1,False,Normal
Kepler-173 c,Kepler-173,Transit,2014,8.005777,2.43,0.217,6.48,0.0204,956.0,833.165,6031.0,1.067,0.949,1,Cluster 1,0.9931952091186863,1,False,Normal
Kepler-250 b,Kepler-250,Transit,2014,4.148141,1.13,0.101,1.51,0.00474,938.0,760.585,5160.0,0.806,0.805,1,Cluster 1,0.9811287123866812,1,False,Normal
Kepler-325 c,Kepler-325,Transit,2014,12.762172,2.54,0.227,6.99,0.022,721.0,823.242,5752.0,0.914,1.003,1,Cluster 1,1.0078285768431252,1,False,Normal
Kepler-157 c,Kepler-157,Transit,2014,13.5405,2.24,0.2,5.65,0.0178,779.0,773.713,5774.0,0.95,1.044,1,Cluster 1,0.9734752840155105,1,False,Normal
Kepler-392 c,Kepler-392,Transit,2014,10.423118,1.1,0.098,1.37,0.0043,901.0,681.428,5938.0,0.874,1.129,1,Cluster 1,1.1368452536491973,1,False,Normal
Kepler-365 c,Kepler-365,Transit,2014,17.784129,1.64,0.146,3.33,0.0105,729.0,1038.99,6012.0,1.02,1.048,1,Cluster 1,1.0800476289167769,1,False,Normal
Kepler-243 b,Kepler-243,Transit,2014,5.715442,2.45,0.219,6.57,0.0207,850.0,693.86,5228.0,0.904,0.842,1,Cluster 1,1.0116554990614302,1,False,Normal
Kepler-402 e,Kepler-402,Transit,2014,11.242861,1.46,0.13,2.73,0.00859,931.0,625.339,6090.0,1.072,1.264,1,Cluster 1,0.9986758080163716,1,False,Normal
Kepler-402 d,Kepler-402,Transit,2014,8.921099,1.38,0.123,2.48,0.0078,1006.0,625.339,6090.0,1.072,1.264,1,Cluster 1,1.0241186481552627,1,False,Normal
Kepler-147 c,Kepler-147,Transit,2014,33.416423,2.43,0.217,6.48,0.0204,689.0,1042.02,6012.0,1.145,1.468,1,Cluster 1,1.0340903372536894,1,False,Normal
Kepler-183 c,Kepler-183,Transit,2014,11.637071,2.27,0.203,35.7,0.112,857.0,1050.64,5888.0,0.99,0.958,1,Cluster 1,1.5762119741443772,-1,True,Potential Outlier
Kepler-244 b,Kepler-244,Transit,2014,4.311792,2.76,0.246,8.05,0.0253,1038.0,1036.49,5554.0,0.933,0.803,1,Cluster 1,0.9964532512748565,1,False,Normal
Kepler-209 b,Kepler-209,Transit,2014,16.087845,2.26,0.202,5.73,0.018,668.0,576.946,5513.0,0.971,0.935,1,Cluster 1,1.0107064181617935,1,False,Normal
Kepler-127 b,Kepler-127,Transit,2014,14.435889,1.4,0.125,2.54,0.008,884.0,352.794,6106.0,1.248,1.359,1,Cluster 1,1.0876291512737157,1,False,Normal
Kepler-403 c,Kepler-403,Transit,2014,54.280749,1.75,0.156,3.71,0.0117,604.0,840.269,6090.0,1.299,1.329,1,Cluster 1,1.4186820122044261,1,False,Normal
Kepler-376 b,Kepler-376,Transit,2014,4.920199,1.07,0.095,1.24,0.0039,1242.0,923.067,5900.0,0.968,1.175,1,Cluster 1,1.053059039958614,1,False,Normal
Kepler-331 c,Kepler-331,Transit,2014,17.28111,1.84,0.164,4.04,0.0127,425.0,580.119,4347.0,0.653,0.492,1,Cluster 1,0.9972754671695052,1,False,Normal
Kepler-256 e,Kepler-256,Transit,2014,10.681572,2.35,0.21,6.12,0.0193,897.0,1026.43,5551.0,1.037,1.301,1,Cluster 1,1.1782506310771899,1,False,Normal
Kepler-209 c,Kepler-209,Transit,2014,41.749882,3.1,0.277,9.8,0.0308,486.0,576.946,5513.0,0.971,0.935,1,Cluster 1,1.0273528587589895,1,False,Normal
Kepler-229 d,Kepler-229,Transit,2014,41.194912,3.85,0.343,14.2,0.0445,439.0,826.265,5120.0,0.808,0.728,1,Cluster 1,1.0708838274466463,1,False,Normal
Kepler-237 c,Kepler-237,Transit,2014,8.103636,2.08,0.186,4.98,0.0157,687.0,657.822,4861.0,0.696,0.725,1,Cluster 1,1.0516810301075752,1,False,Normal
Kepler-383 c,Kepler-383,Transit,2014,31.200751,1.24,0.111,2.07,0.00651,406.0,470.0,4710.0,0.669,0.672,1,Cluster 1,1.1133744572624251,1,False,Normal
Kepler-333 c,Kepler-333,Transit,2014,24.08821,1.11,0.099,1.41,0.00444,386.0,324.413,4259.0,0.601,0.534,1,Cluster 1,1.1093766795728728,1,False,Normal
Kepler-334 d,Kepler-334,Transit,2014,25.09849,1.41,0.126,2.57,0.00809,656.0,426.59,5828.0,1.022,1.068,1,Cluster 1,1.0538580088255949,1,False,Normal
Kepler-156 c,Kepler-156,Transit,2014,15.906801,2.55,0.227,7.04,0.0221,588.0,443.483,5094.0,0.864,0.807,1,Cluster 1,1.0257483173581972,1,False,Normal
Kepler-405 c,Kepler-405,Transit,2014,29.726682,4.66,0.416,19.6,0.0616,557.0,1065.08,5818.0,0.873,0.893,1,Cluster 1,1.1477545353584215,1,False,Normal
Kepler-274 c,Kepler-274,Transit,2014,33.197861,1.84,0.164,4.04,0.0127,678.0,1333.62,6023.0,0.883,1.007,1,Cluster 1,1.2286812408214876,1,False,Normal
Kepler-315 c,Kepler-315,Transit,2014,265.469335,4.15,0.37,16.1,0.0506,291.0,1160.63,5796.0,0.831,1.037,1,Cluster 1,1.356525673552426,1,False,Normal
Kepler-387 c,Kepler-387,Transit,2014,11.837549,0.89,0.079,0.64,0.00201,826.0,801.052,5774.0,0.85,1.046,1,Cluster 1,1.2178126661847377,1,False,Normal
Kepler-388 c,Kepler-388,Transit,2014,13.297004,0.86,0.077,0.566,0.00178,515.0,425.0,4498.0,0.635,0.586,1,Cluster 1,1.1035303886583672,1,False,Normal
Kepler-337 b,Kepler-337,Transit,2014,3.292781,1.54,0.137,2.99,0.0094,1458.0,677.975,5684.0,1.081,1.761,1,Cluster 1,1.0975474696889127,1,False,Normal
Kepler-134 c,Kepler-134,Transit,2014,10.105785,1.26,0.112,2.13,0.00669,892.0,334.797,5983.0,0.956,1.176,1,Cluster 1,1.1783123512495584,1,False,Normal
Kepler-140 c,Kepler-140,Transit,2014,91.353282,1.8,0.161,3.89,0.0123,428.0,583.859,6077.0,1.044,1.288,1,Cluster 1,1.3063830848977642,1,False,Normal
Kepler-159 b,Kepler-159,Transit,2014,10.139623,2.38,0.212,6.26,0.0197,447.0,373.744,4625.0,0.628,0.663,1,Cluster 1,1.0435262841546422,1,False,Normal
Kepler-320 c,Kepler-320,Transit,2014,17.934937,1.37,0.122,2.45,0.00771,1002.0,826.613,6435.0,1.072,1.108,1,Cluster 1,1.4099638578748348,1,False,Normal
Kepler-292 c,Kepler-292,Transit,2014,3.715335,1.47,0.131,2.76,0.00869,1001.0,1056.48,5299.0,0.865,0.826,1,Cluster 1,0.9911415966175436,1,False,Normal
Kepler-338 d,Kepler-338,Transit,2014,44.431014,3.0,0.268,9.27,0.0292,680.0,552.798,5923.0,1.105,1.735,1,Cluster 1,1.1127007106574411,1,False,Normal
Kepler-338 c,Kepler-338,Transit,2014,24.310856,2.34,0.209,6.08,0.0191,831.0,552.798,5923.0,1.105,1.735,1,Cluster 1,1.189724740312611,1,False,Normal
Kepler-149 c,Kepler-149,Transit,2014,55.328328,1.61,0.144,3.22,0.0101,436.0,571.034,5381.0,1.013,0.953,1,Cluster 1,1.4403384203537346,1,False,Normal
Kepler-164 b,Kepler-164,Transit,2014,5.03503,1.41,0.126,2.57,0.00809,1141.0,890.758,5888.0,1.036,1.148,1,Cluster 1,0.9836767809611195,1,False,Normal
Kepler-320 b,Kepler-320,Transit,2014,8.371554,1.14,0.102,1.55,0.00489,1292.0,826.613,6435.0,1.072,1.108,1,Cluster 1,1.292799201666425,1,False,Normal
TOI-5292 A b,TOI-5292 A,Transit,2026,2.02191,12.64373023,1.128,412.85910069,1.299,809.0,337.095,3919.0,0.596,0.611,0,Cluster 0,1.0003555058882017,1,False,Normal
Kepler-395 b,Kepler-395,Transit,2014,7.054346,1.03,0.092,1.08,0.0034,576.0,421.382,4262.0,0.622827,0.556,1,Cluster 1,1.0140503289059777,1,False,Normal
Kepler-341 d,Kepler-341,Transit,2014,27.666313,1.85,0.165,4.08,0.0128,622.0,1047.03,6012.0,0.976,1.024,1,Cluster 1,1.1494533739118746,1,False,Normal
Kepler-341 e,Kepler-341,Transit,2014,42.473269,1.99,0.178,4.62,0.0145,539.0,1047.03,6012.0,0.976,1.024,1,Cluster 1,1.1092611968751487,1,False,Normal
Kepler-169 b,Kepler-169,Transit,2014,3.250619,1.13,0.101,1.51,0.00474,962.0,406.529,4997.0,0.825,0.763,1,Cluster 1,0.9731769350396142,1,False,Normal
Kepler-169 f,Kepler-169,Transit,2014,87.090195,2.58,0.23,7.18,0.0226,321.0,406.529,4997.0,0.825,0.763,1,Cluster 1,0.984622032200598,1,False,Normal
Kepler-332 c,Kepler-332,Transit,2014,15.995622,1.09,0.097,1.32,0.00416,550.0,344.19,4955.0,0.743,0.72,1,Cluster 1,1.1109253205201544,1,False,Normal
Kepler-143 b,Kepler-143,Transit,2014,16.007583,2.41,0.215,6.39,0.0201,838.0,809.467,5848.0,0.982,1.359,1,Cluster 1,1.1159052311278248,1,False,Normal
Kepler-299 b,Kepler-299,Transit,2014,2.927128,1.32,0.118,2.3,0.00724,1258.0,1052.24,5617.0,1.004,1.032,1,Cluster 1,0.9857610130870285,1,False,Normal
Kepler-301 c,Kepler-301,Transit,2014,5.419026,1.35,0.12,2.39,0.00752,989.0,719.166,5815.0,1.022,0.9,1,Cluster 1,0.9733447418619697,1,False,Normal
Kepler-342 d,Kepler-342,Transit,2014,39.459357,2.49,0.222,6.76,0.0213,658.0,781.611,6175.0,1.213,1.472,1,Cluster 1,0.9950449293460858,1,False,Normal
Kepler-233 c,Kepler-233,Transit,2014,60.418955,2.71,0.242,7.8,0.0245,390.0,856.417,5360.0,0.855,0.758,1,Cluster 1,1.0085391344213037,1,False,Normal
Kepler-171 d,Kepler-171,Transit,2014,39.595519,1.89,0.169,4.23,0.0133,497.0,863.855,5642.0,0.978,0.839,1,Cluster 1,1.0448139708809545,1,False,Normal
HD 60779 b,HD 60779,Transit,2026,29.986175,3.246,0.28958922,14.19,0.04464673,650.0,35.4445,6081.0,1.05,1.129,1,Cluster 1,1.2084269716127767,1,False,Normal
Kepler-335 c,Kepler-335,Transit,2014,67.844469,3.07,0.274,9.64,0.0303,592.0,1278.97,5877.0,1.367,1.854,1,Cluster 1,1.345613948384106,1,False,Normal
Kepler-332 d,Kepler-332,Transit,2014,34.21154,1.18,0.105,1.76,0.00553,427.0,344.19,4955.0,0.743,0.72,1,Cluster 1,1.1447010150999708,1,False,Normal
Kepler-262 b,Kepler-262,Transit,2014,13.060855,1.36,0.121,2.42,0.00761,734.0,613.129,5841.0,0.816,0.881,1,Cluster 1,1.195925186035862,1,False,Normal
Kepler-263 c,Kepler-263,Transit,2014,47.332773,2.47,0.22,6.66,0.021,386.0,754.747,5265.0,0.793,0.785,1,Cluster 1,1.0428439754382683,1,False,Normal
Kepler-191 b,Kepler-191,Transit,2014,9.939632,1.34,0.12,2.36,0.00742,722.0,594.464,5282.0,0.857,0.789,1,Cluster 1,1.0056534633884526,1,False,Normal
Kepler-197 e,Kepler-197,Transit,2014,25.209715,0.91,0.081,0.693,0.00218,691.0,330.575,6004.0,0.857,1.12,1,Cluster 1,1.3017507850402084,1,False,Normal
Kepler-200 b,Kepler-200,Transit,2014,8.594805,2.13,0.19,5.18,0.0163,854.0,665.912,5678.0,0.972,0.944,1,Cluster 1,0.9660642592467849,1,False,Normal
Kepler-201 b,Kepler-201,Transit,2014,25.672083,2.46,0.219,6.62,0.0208,683.0,636.445,6065.0,1.098,1.229,1,Cluster 1,1.0086132421631595,1,False,Normal
Kepler-84 e,Kepler-84,Transit,2014,27.434389,2.6,0.232,7.27,0.0229,672.0,1023.9,6031.0,1.06,1.169,1,Cluster 1,0.9986788515960363,1,False,Normal
Kepler-265 e,Kepler-265,Transit,2014,67.831024,2.59,0.231,7.22,0.0227,476.0,1280.25,5835.0,0.97,1.103,1,Cluster 1,0.9710311743859723,1,False,Normal
Kepler-24 e,Kepler-24,Transit,2014,18.998355,2.78,0.248,26.2118,0.08247155,792.0,1156.81,5897.0,1.046,1.289,1,Cluster 1,1.1621069398651351,1,False,Normal
Kepler-441 b,Kepler-441,Transit,2015,207.2482,1.64,0.15,3.33,0.0105,189.0,268.003,4340.0,0.572,0.55,1,Cluster 1,1.2211506544114108,1,False,Normal
Kepler-253 c,Kepler-253,Transit,2014,10.281951,2.65,0.236,7.51,0.0236,680.0,838.595,5208.0,0.86,0.786,1,Cluster 1,0.9882291020011328,1,False,Normal
Kepler-214 c,Kepler-214,Transit,2014,28.7798,2.13,0.19,5.18,0.0163,619.0,1208.44,6169.0,1.11,1.352,1,Cluster 1,1.045576594491694,1,False,Normal
Kepler-170 c,Kepler-170,Transit,2014,16.665863,2.86,0.255,8.55,0.0269,702.0,738.657,5679.0,1.066,1.035,1,Cluster 1,1.1343380727057497,1,False,Normal
Kepler-205 c,Kepler-205,Transit,2014,20.306546,1.64,0.146,3.33,0.0105,389.0,159.72,4321.0,0.592,0.546,1,Cluster 1,1.0305807645016798,1,False,Normal
CoRoT-22 b,CoRoT-22,Transit,2014,9.75598,4.88,0.435,12.2,0.038,885.0,627.158,5939.0,1.099,1.136,1,Cluster 1,1.1157505741550338,1,False,Normal
Kepler-437 b,Kepler-437,Transit,2015,66.65062,2.14,0.19,5.22,0.0164,308.0,304.0,4551.0,0.707,0.68,1,Cluster 1,1.0133774544632075,1,False,Normal
Kepler-192 b,Kepler-192,Transit,2014,9.926746,2.74,0.244,7.95,0.025,803.0,651.674,5479.0,1.028,1.007,1,Cluster 1,1.3081815453422132,1,False,Normal
Kepler-254 b,Kepler-254,Transit,2014,5.826662,3.87,0.345,14.3,0.0449,1013.0,1389.48,5957.0,0.849,0.91,1,Cluster 1,1.5179282621309076,-1,True,Potential Outlier
Kepler-196 c,Kepler-196,Transit,2014,47.427737,2.24,0.2,5.65,0.0178,407.0,451.312,5128.0,0.839,0.782,1,Cluster 1,1.054142698302321,1,False,Normal
Kepler-101 b,Kepler-101,Transit,2014,3.4876812,5.77,0.51,51.1,0.16,1513.0,927.981,5667.0,1.17,1.56,1,Cluster 1,1.2145873387510897,1,False,Normal
Kepler-439 b,Kepler-439,Transit,2015,178.1396,2.24,0.2,5.65,0.0178,291.0,757.048,5431.0,0.884,0.866,1,Cluster 1,1.0233282035410978,1,False,Normal
Kepler-256 c,Kepler-256,Transit,2014,3.38802,2.15,0.192,5.27,0.0166,1315.0,1026.43,5551.0,1.037,1.301,1,Cluster 1,1.0952125573016895,1,False,Normal
Kepler-216 c,Kepler-216,Transit,2014,17.406669,3.04,0.271,9.48,0.0298,814.0,1187.47,6091.0,1.126,1.26,1,Cluster 1,1.0469663326935663,1,False,Normal
Kepler-184 c,Kepler-184,Transit,2014,20.303005,1.97,0.176,8.8,0.028,630.0,610.326,5788.0,0.872,0.873,1,Cluster 1,1.236804222251576,1,False,Normal
KIC 10001893 d,KIC 10001893,Orbital Brightness Modulation,2014,0.81161,,,,,,1672.94,27500.0,0.47,0.18,7,Cluster 7,4.742738176670892,-1,True,Potential Outlier
KIC 10001893 b,KIC 10001893,Orbital Brightness Modulation,2014,0.2197,,,,,,1672.94,27500.0,0.47,0.18,7,Cluster 7,4.742738176672605,-1,True,Potential Outlier
HD 113538 c,HD 113538,Radial Velocity,2010,1818.0,13.8,1.24,295.57,0.93,100.28,16.2817,4462.0,0.585,0.53,0,Cluster 0,1.109027274976437,1,False,Normal
HD 30669 b,HD 30669,Radial Velocity,2014,1684.0,14.3,1.27,149.37,0.47,151.45,58.0844,5400.0,0.92,0.91,0,Cluster 0,1.0166574322730166,1,False,Normal
Kepler-217 b,Kepler-217,Transit,2014,5.374943,2.23,0.199,5.6,0.0176,1413.0,1104.64,6171.0,1.342,1.799,1,Cluster 1,1.1153458100419316,1,False,Normal
Kepler-83 d,Kepler-83,Transit,2014,5.169796,1.94,0.173,4.1,0.01290004,569.0,400.409,4648.0,0.58,0.594,1,Cluster 1,1.3112576997947412,1,False,Normal
Kepler-253 d,Kepler-253,Transit,2014,18.119869,3.17,0.283,10.2,0.032,563.0,838.595,5208.0,0.86,0.786,1,Cluster 1,1.0685668333882214,1,False,Normal
Kepler-424 c,Kepler-424,Radial Velocity,2014,223.3,12.7,1.13,2215.18,6.97,298.76,698.646,5460.0,1.01,0.94,0,Cluster 0,1.1120898403925357,1,False,Normal
Kepler-422 b,Kepler-422,Transit,2014,7.8914483,12.89,1.15,136.66,0.43,1028.0,722.795,5972.0,1.15,1.24,0,Cluster 0,1.1007526480406915,1,False,Normal
Kepler-445 c,Kepler-445,Transit,2015,4.871229,2.51,0.22,6.85,0.0215,341.0,127.201,3157.0,0.18,0.21,1,Cluster 1,1.0935479429263635,1,False,Normal
Kepler-446 b,Kepler-446,Transit,2015,1.565409,1.5,0.13,2.86,0.00899,648.0,96.339,3359.0,0.22,0.24,1,Cluster 1,1.072836764367398,1,False,Normal
Kepler-259 b,Kepler-259,Transit,2014,8.115317,2.8,0.25,8.25,0.0259,879.0,1002.14,5938.0,0.867,0.898,1,Cluster 1,1.1886115441458451,1,False,Normal
Kepler-193 b,Kepler-193,Transit,2014,11.38848,2.39,0.213,6.3,0.0198,979.0,1009.1,6335.0,1.051,1.147,1,Cluster 1,1.227773978911552,1,False,Normal
Kepler-215 b,Kepler-215,Transit,2014,9.360672,1.62,0.145,3.26,0.0102,784.0,485.997,5739.0,0.788,1.027,1,Cluster 1,1.1000450490255362,1,False,Normal
Kepler-192 c,Kepler-192,Transit,2014,21.2234,2.79,0.249,8.2,0.0258,623.0,651.674,5479.0,1.028,1.007,1,Cluster 1,1.237529753845815,1,False,Normal
Kepler-426 b,Kepler-426,Transit,2014,3.21751883,12.22,1.09,108.06,0.34,1300.0,843.695,5725.0,0.91,0.92,0,Cluster 0,1.0214849897302114,1,False,Normal
Kepler-424 b,Kepler-424,Transit,2014,3.3118644,9.98,0.89,327.35,1.03,1116.0,698.646,5460.0,1.01,0.94,0,Cluster 0,1.02431317675097,1,False,Normal
Kepler-427 b,Kepler-427,Transit,2014,10.290994,13.79,1.23,92.17,0.29,1100.0,1017.8,5800.0,0.96,1.35,0,Cluster 0,1.0388973966958046,1,False,Normal
HD 103720 b,HD 103720,Radial Velocity,2014,4.5557,14.1,1.26,197.046,0.62,926.24,45.5352,5017.0,0.794,0.73,0,Cluster 0,1.1661097229456172,1,False,Normal
Kepler-434 b,Kepler-434,Transit,2015,12.8747099,12.67,1.13,908.96,2.86,1000.0,1222.54,5977.0,1.198,1.38,0,Cluster 0,1.1566856730775124,1,False,Normal
Kepler-221 c,Kepler-221,Transit,2014,5.690586,2.93,0.261,9.3,0.02926107,860.0,385.231,5243.0,0.854,0.821,1,Cluster 1,1.0478060284545783,1,False,Normal
Kepler-222 b,Kepler-222,Transit,2014,3.936981,3.16,0.282,10.1,0.0319,1004.0,758.854,5433.0,0.933,0.869,1,Cluster 1,1.040365545112563,1,False,Normal
Kepler-94 c,Kepler-94,Radial Velocity,2014,820.3,12.5,1.11,3126.0,9.836,159.05,191.904,4781.0,0.81,0.76,0,Cluster 0,1.0965122870131236,1,False,Normal
Kepler-48 e,Kepler-48,Radial Velocity,2014,982.0,13.4,1.19,657.0,2.067,171.49,306.738,5194.0,0.88,0.89,0,Cluster 0,1.1315867626335623,1,False,Normal
Kepler-428 b,Kepler-428,Transit,2014,3.52563254,12.11,1.08,403.63,1.27,1070.0,686.284,5150.0,0.87,0.8,0,Cluster 0,0.9920679205995707,1,False,Normal
Kepler-425 b,Kepler-425,Transit,2014,3.79701816,10.962,0.978,79.45,0.25,1070.0,646.647,5170.0,0.93,0.86,0,Cluster 0,0.9811436151486473,1,False,Normal
Kepler-224 c,Kepler-224,Transit,2014,5.925003,3.12,0.278,9.91,0.0312,758.0,782.088,5018.0,0.777,0.676,1,Cluster 1,1.1114469778278122,1,False,Normal
Kepler-407 c,Kepler-407,Radial Velocity,2014,3000.0,12.3,1.1,4000.0,12.6,146.73,338.368,5476.0,1.0,1.01,0,Cluster 0,1.0402468617735097,1,False,Normal
Kepler-106 c,Kepler-106,Transit,2014,13.5708,2.5,0.223,10.44,0.033,785.0,444.322,5858.0,1.0,1.04,1,Cluster 1,1.1975491266426037,1,False,Normal
TYC 1422-614-1 b,TYC 1422-614-1,Radial Velocity,2014,198.4,13.3,1.18,794.5,2.5,730.19,672.41,4806.0,1.15,6.85,3,Cluster 3,1.6651010020853145,-1,True,Potential Outlier
TYC 1422-614-1 c,TYC 1422-614-1,Radial Velocity,2014,559.3,12.5,1.11,3178.0,10.0,518.21,672.41,4806.0,1.15,6.85,3,Cluster 3,1.959862803613842,-1,True,Potential Outlier
Kepler-445 b,Kepler-445,Transit,2015,2.984151,1.58,0.14,3.12,0.00982,401.0,127.201,3157.0,0.18,0.21,1,Cluster 1,0.9815167758029112,1,False,Normal
Kepler-446 d,Kepler-446,Transit,2015,5.148921,1.35,0.12,2.39,0.00752,436.0,96.339,3359.0,0.22,0.24,1,Cluster 1,0.9946907270557507,1,False,Normal
Kepler-164 c,Kepler-164,Transit,2014,10.945723,2.73,0.244,7.9,0.0249,881.0,890.758,5888.0,1.036,1.148,1,Cluster 1,0.9998803582172636,1,False,Normal
Kepler-165 b,Kepler-165,Transit,2014,8.180848,2.32,0.207,5.99,0.0189,716.0,560.885,5211.0,0.746,0.77,1,Cluster 1,1.123411779982264,1,False,Normal
OGLE-2005-BLG-071L b,OGLE-2005-BLG-071L,Microlensing,2005,,13.0,1.16,1200.0,3.8,55.0,3200.0,,0.46,,0,Cluster 0,1.594543084715569,-1,True,Potential Outlier
OGLE-2008-BLG-092L b,OGLE-2008-BLG-092L,Microlensing,2014,,8.74,0.78,57.0,0.18,,8100.0,,0.71,,5,Cluster 5,1.1186119819814455,1,False,Normal
Kepler-246 b,Kepler-246,Transit,2014,4.60182,2.34,0.209,6.08,0.0191,896.0,626.078,5206.0,0.853,0.831,1,Cluster 1,1.007857774571617,1,False,Normal
Kepler-226 c,Kepler-226,Transit,2014,5.349555,2.27,0.203,45.2,0.142,919.0,980.138,5571.0,0.904,0.802,1,Cluster 1,1.671190092437802,-1,True,Potential Outlier
Kepler-227 b,Kepler-227,Transit,2014,9.488015,3.11,0.277,9.85,0.031,793.0,1083.06,5854.0,0.954,1.091,1,Cluster 1,1.1181192139248037,1,False,Normal
Kepler-113 b,Kepler-113,Transit,2014,4.754,1.82,0.162,11.7,0.037,775.0,262.351,4725.0,0.75,0.69,1,Cluster 1,1.386964761563258,1,False,Normal
Kepler-48 d,Kepler-48,Transit,2014,42.8961,2.04,0.182,7.93,0.025,448.0,306.738,5194.0,0.88,0.89,1,Cluster 1,1.205553890919504,1,False,Normal
Qatar-2 b,Qatar-2,Transit,2011,1.33711647,14.056,1.254,792.635,2.494,1344.0,181.374,4645.0,0.743,0.776,0,Cluster 0,1.3923206035835944,1,False,Normal
Kepler-117 c,Kepler-117,Transit,2014,50.790391,12.341,1.101,584.78,1.84,704.0,1455.57,6150.0,1.129,1.606,0,Cluster 0,1.1501377203563146,1,False,Normal
Kepler-161 b,Kepler-161,Transit,2014,4.921355,2.12,0.189,2.63,0.00827491,868.0,434.632,5078.0,0.853,0.806,1,Cluster 1,1.114099503901414,1,False,Normal
Kepler-153 b,Kepler-153,Transit,2014,18.870227,2.92,0.261,8.85,0.0279,621.0,459.368,5404.0,0.756,0.892,1,Cluster 1,1.2781977567412084,1,False,Normal
Kepler-229 c,Kepler-229,Transit,2014,16.068638,4.92,0.439,21.5,0.0676,600.0,826.265,5120.0,0.808,0.728,1,Cluster 1,1.1410706882510642,1,False,Normal
Kepler-100 d,Kepler-100,Transit,2014,35.3331,1.61,0.144,3.0,0.00943901,670.0,304.645,5825.0,1.08,1.49,1,Cluster 1,1.3284996851177155,1,False,Normal
Kepler-98 b,Kepler-98,Transit,2014,1.54168,1.99,0.178,3.55,0.011,1592.0,350.315,5539.0,0.99,1.11,1,Cluster 1,1.037408029754785,1,False,Normal
Kepler-117 b,Kepler-117,Transit,2014,18.7959228,8.059,0.719,29.875,0.094,984.0,1455.57,6150.0,1.129,1.606,0,Cluster 0,1.0534854543459273,1,False,Normal
Kepler-430 b,Kepler-430,Transit,2015,35.968,3.25,0.29,10.6,0.0334,667.0,917.477,5884.0,1.166,1.485,1,Cluster 1,1.0800331435584587,1,False,Normal
Kepler-230 b,Kepler-230,Transit,2014,32.625555,4.26,0.38,16.8,0.0529,506.0,740.754,5588.0,0.784,0.817,1,Cluster 1,1.2675384961960916,1,False,Normal
Kepler-166 b,Kepler-166,Transit,2014,7.650254,2.27,0.203,5.77,0.0182,772.0,603.53,5413.0,0.811,0.742,1,Cluster 1,1.0713748811741073,1,False,Normal
Kepler-131 b,Kepler-131,Transit,2014,16.092,2.41,0.215,16.13,0.051,718.0,228.678,5685.0,1.02,1.03,1,Cluster 1,1.2747478093031042,1,False,Normal
Kepler-406 b,Kepler-406,Transit,2014,2.42629,1.43,0.1276,6.35,0.02,1302.0,364.03,5538.0,1.07,1.07,1,Cluster 1,1.5594950871963973,-1,True,Potential Outlier
Kepler-249 c,Kepler-249,Transit,2014,7.113702,1.51,0.135,2.89,0.00909,429.0,190.401,3568.0,0.510238,0.482,1,Cluster 1,1.023122550971742,1,False,Normal
Kepler-162 c,Kepler-162,Transit,2014,19.446355,3.03,0.27,9.43,0.0297,681.0,855.641,5816.0,1.053,0.958,1,Cluster 1,1.0208959151147656,1,False,Normal
Kepler-180 c,Kepler-180,Transit,2014,41.885775,3.01,0.269,9.32,0.0293,540.0,695.65,5731.0,0.95,1.063,1,Cluster 1,0.979884669332191,1,False,Normal
Kepler-182 c,Kepler-182,Transit,2014,20.684342,3.43,0.306,11.6,0.0366,729.0,1549.09,6250.0,1.114,1.146,1,Cluster 1,1.0556535970506777,1,False,Normal
HD 10180 c,HD 10180,Radial Velocity,2010,5.75969,,,2741.58783878,8.626,1185.4,38.9607,5911.0,1.06,1.109,6,Cluster 6,1.3011976963492287,1,False,Normal
HD 50554 b,HD 50554,Radial Velocity,2002,1293.0,12.8,1.14,1859.29618095,5.85,190.08,31.1664,5987.0,1.04,1.02,0,Cluster 0,0.9838249716137437,1,False,Normal
Kepler-174 b,Kepler-174,Transit,2014,13.98179,1.96,0.175,4.5,0.0142,553.0,384.757,4880.0,0.602,0.622,1,Cluster 1,1.2758923687205928,1,False,Normal
Kepler-176 c,Kepler-176,Transit,2014,12.759712,2.6,0.232,1.33,0.00418465,633.0,527.321,5232.0,0.86,0.891,1,Cluster 1,1.1761817329972084,1,False,Normal
Kepler-96 b,Kepler-96,Transit,2014,16.2385,2.67,0.238,8.46,0.027,711.0,122.881,5690.0,1.0,1.02,1,Cluster 1,1.1222305565154032,1,False,Normal
Kepler-48 b,Kepler-48,Transit,2012,4.778,1.88,0.16772237,3.94,0.01239656,932.0,306.738,5194.0,0.88,0.89,1,Cluster 1,1.1226243578872708,1,False,Normal
HD 10180 d,HD 10180,Radial Velocity,2010,16.357,,,3295.88058059,10.37,837.06,38.9607,5911.0,1.06,1.109,6,Cluster 6,1.197386240668125,1,False,Normal
HD 10180 e,HD 10180,Radial Velocity,2010,49.748,5.39,0.481,25.1,0.079,577.77,38.9607,5911.0,1.06,1.109,1,Cluster 1,1.186373767065639,1,False,Normal
Kepler-55 d,Kepler-55,Transit,2014,2.211099,1.59,0.142,3.15,0.00993,931.0,578.796,4503.0,0.631,0.619,1,Cluster 1,1.0303134358243051,1,False,Normal
Kepler-187 c,Kepler-187,Transit,2014,10.640263,2.67,0.238,7.61,0.0239,963.0,1143.0,6105.0,1.081,1.287,1,Cluster 1,0.9958277072985293,1,False,Normal
Kepler-233 b,Kepler-233,Transit,2014,8.472382,2.43,0.217,6.48,0.0204,751.0,856.417,5360.0,0.855,0.758,1,Cluster 1,0.9900984966432034,1,False,Normal
Kepler-234 c,Kepler-234,Transit,2014,7.21205,3.51,0.313,12.1,0.0381,1025.0,1733.1,6224.0,1.129,1.113,1,Cluster 1,1.0572356507882177,1,False,Normal
MOA-2011-BLG-322L b,MOA-2011-BLG-322L,Microlensing,2013,,12.4,1.11,3690.0,11.6,,7560.0,,0.39,,0,Cluster 0,1.0915925864107296,1,False,Normal
CoRoT-24 b,CoRoT-24,Transit,2014,5.1134,3.7,0.33,5.7,0.018,1070.0,591.555,4950.0,0.91,0.86,1,Cluster 1,1.2786599135010592,1,False,Normal
HD 10180 h,HD 10180,Radial Velocity,2010,2205.0,9.4,0.838,64.4,0.203,163.24,38.9607,5911.0,1.06,1.109,0,Cluster 0,1.1114054482518954,1,False,Normal
Kepler-440 b,Kepler-440,Transit,2015,101.11141,1.86,0.17,4.12,0.013,229.0,301.03,4134.0,0.575,0.559,1,Cluster 1,1.1149652334059625,1,False,Normal
Kepler-251 c,Kepler-251,Transit,2014,16.514043,2.77,0.247,8.1,0.0255,655.0,924.625,5526.0,0.891,0.89,1,Cluster 1,1.0068315694432937,1,False,Normal
Kepler-146 c,Kepler-146,Transit,2014,76.732171,3.13,0.279,9.96,0.0313,473.0,716.797,5948.0,1.079,1.208,1,Cluster 1,1.0472683288200255,1,False,Normal
Kepler-150 d,Kepler-150,Transit,2014,12.56093,2.79,0.249,8.2,0.0258,734.0,891.092,5560.0,0.956,0.939,1,Cluster 1,0.9973136868560102,1,False,Normal
OGLE-2008-BLG-355L b,OGLE-2008-BLG-355L,Microlensing,2014,,12.9,1.15,1500.0,4.6,,6800.0,,0.37,,0,Cluster 0,1.1901566551035418,1,False,Normal
CoRoT-24 c,CoRoT-24,Transit,2014,11.759,5.0,0.44,28.0,0.088,850.0,591.555,4950.0,0.91,0.86,1,Cluster 1,1.1110471839281475,1,False,Normal
Kepler-186 f,Kepler-186,Transit,2014,129.9441,1.17,0.104,1.71,0.00537,177.0,177.594,3755.0,0.544,0.523,1,Cluster 1,1.3152711609288685,1,False,Normal
Kepler-252 c,Kepler-252,Transit,2014,10.848463,2.15,0.192,5.27,0.0166,499.0,379.424,4208.0,0.61,0.549,1,Cluster 1,0.9947824555552586,1,False,Normal
Kepler-213 b,Kepler-213,Transit,2014,2.46236,1.62,0.145,3.26,0.0102,1326.0,634.939,5696.0,1.07,1.195,1,Cluster 1,1.0774421885496364,1,False,Normal
Kepler-159 c,Kepler-159,Transit,2014,43.595792,3.41,0.304,11.5,0.0363,275.0,373.744,4625.0,0.628,0.663,1,Cluster 1,1.1968914104975774,1,False,Normal
Kepler-202 c,Kepler-202,Transit,2014,16.282493,1.85,0.165,4.08,0.0128,505.0,285.111,4668.0,0.683,0.667,1,Cluster 1,1.0075664142928802,1,False,Normal
HD 35759 b,HD 35759,Radial Velocity,2016,82.467,13.0,1.16,1195.0408,3.76,621.56,71.2423,6060.0,1.15,1.759974,0,Cluster 0,1.083267316418711,1,False,Normal
Kepler-477 b,Kepler-477,Transit,2016,11.11990653,2.07,0.18467303,4.94,0.0155,649.0,367.0,5240.0,0.87,0.79,1,Cluster 1,0.9783978401417677,1,False,Normal
HD 67087 c,HD 67087,Radial Velocity,2015,2374.0,12.9,1.15,1540.0,4.85,193.42,76.5217,6330.0,1.36,1.55,0,Cluster 0,1.1478666801508073,1,False,Normal
Kepler-6 b,Kepler-6,Transit,2009,3.2346996,14.616536,1.304,212.31044,0.668,1460.0,587.039,5647.0,1.209,1.391,0,Cluster 0,1.0030865142370444,1,False,Normal
HD 220842 b,HD 220842,Radial Velocity,2016,218.47,13.1,1.17,1010.6994,3.18,397.62,64.6498,5960.0,1.13,1.41647,0,Cluster 0,1.0130361146760933,1,False,Normal
HIP 65407 c,HIP 65407,Radial Velocity,2016,67.3,13.9,1.24,249.17872,0.784,457.04,61.7804,5460.0,0.93,0.952252,0,Cluster 0,1.0737260757245066,1,False,Normal
Kepler-505 b,Kepler-505,Transit,2016,27.52197994,2.6,0.23195646,7.27,0.0229,314.0,283.41,3931.0,0.55,0.53,1,Cluster 1,1.0004873595122339,1,False,Normal
CoRoT-29 b,CoRoT-29,Transit,2015,2.85057,10.0881,0.9,270.1555,0.85,1224.75,806.507,5260.0,0.97,0.9,0,Cluster 0,1.037068136923156,1,False,Normal
tau Boo b,tau Boo,Radial Velocity,1996,3.3124568,12.8,1.14,1891.0,5.95,1682.02,15.6521,6466.27,1.32,1.42588,0,Cluster 0,1.2570819728674658,1,False,Normal
Kepler-412 b,Kepler-412,Transit,2014,1.7208604,15.031269,1.341,299.07803,0.941,1850.0,1086.24,5750.0,1.167,1.287,0,Cluster 0,1.0239016241059868,1,False,Normal
HD 141399 b,HD 141399,Radial Velocity,2014,94.44,14.3,1.28,143.34133,0.451,493.71,37.0169,5600.0,1.07,1.387236,0,Cluster 0,1.083547957385039,1,False,Normal
HD 141399 c,HD 141399,Radial Velocity,2014,201.99,13.6,1.22,422.7139,1.33,383.17,37.0169,5600.0,1.07,1.387236,0,Cluster 0,1.0744645175064227,1,False,Normal
Kepler-754 b,Kepler-754,Transit,2016,14.5596237,2.01,0.17932019,4.7,0.0148,758.0,1770.27,5935.0,1.06,1.08,1,Cluster 1,0.9751477505003805,1,False,Normal
Kepler-753 b,Kepler-753,Transit,2016,5.747725012,1.91,0.17039879,4.31,0.0136,641.0,274.767,4346.0,0.68,0.65,1,Cluster 1,0.9822487307570794,1,False,Normal
HAT-P-54 b,HAT-P-54,Transit,2015,3.799847,10.581296,0.944,241.5508,0.76,818.0,143.651,4390.0,0.645,0.617,0,Cluster 0,1.0004875777367555,1,False,Normal
TrES-5 b,TrES-5,Transit,2011,1.48224686,13.383546,1.194,568.9157,1.79,1480.0,360.313,5171.0,0.901,0.868,0,Cluster 0,1.0796645906482114,1,False,Normal
KOI-13 b,KOI-13,Transit,2011,1.763588,16.948008,1.512,2949.4624,9.28,2550.0,519.096,7650.0,1.72,1.74,0,Cluster 0,1.484262834784899,1,False,Normal
WASP-42 b,WASP-42,Transit,2012,4.9816819,12.576498,1.122,167.49641,0.527,1021.0,177.291,5315.0,0.951,0.892,0,Cluster 0,1.0046344917461572,1,False,Normal
Kepler-766 b,Kepler-766,Transit,2016,6.10027804,3.39,0.30243554,11.4,0.0359,990.0,2297.62,5992.0,1.1,1.15,1,Cluster 1,1.0282602821016458,1,False,Normal
Kepler-771 b,Kepler-771,Transit,2016,8.73485836,1.82,0.16236952,3.97,0.0125,890.0,1393.85,5906.0,1.03,1.05,1,Cluster 1,0.9917998307075278,1,False,Normal
HD 100546 b,HD 100546,Imaging,2014,,77.3421,6.9,2701.5414595,8.5,94.67,109.677,10500.0,2.4,1.85288,0,Cluster 0,6.5488792569379894,-1,True,Potential Outlier
Kepler-432 c,Kepler-432,Radial Velocity,2015,406.2,13.3,1.18,772.3269,2.43,,848.023,4995.0,1.32,4.06,3,Cluster 3,1.6159131454931621,-1,True,Potential Outlier
Kepler-76 b,Kepler-76,Orbital Brightness Modulation,2013,1.5449298,15.24424,1.36,638.8383,2.01,2140.0,822.96,6409.0,1.2,1.32,0,Cluster 0,1.1442830092673257,1,False,Normal
OGLE-2003-BLG-235L b,OGLE-2003-BLG-235L,Microlensing,2004,,13.2,1.18,830.0,2.6,,5800.0,,0.63,,0,Cluster 0,1.0172788951628866,1,False,Normal
Kepler-765 b,Kepler-765,Transit,2016,27.6655226,2.43,0.21679008,6.48,0.0204,641.0,1076.28,5901.0,1.05,1.06,1,Cluster 1,0.9878814402312985,1,False,Normal
Kepler-432 b,Kepler-432,Transit,2015,52.501129,12.834305,1.145,1719.4603,5.41,812.0,848.023,4995.0,1.32,4.06,0,Cluster 0,1.4666523921769157,1,False,Normal
Kepler-5 b,Kepler-5,Transit,2009,3.5484657,15.984034,1.426,670.93913,2.111,1750.0,899.777,6297.0,1.374,1.793,0,Cluster 0,1.0553646360882234,1,False,Normal
Kepler-7 b,Kepler-7,Transit,2009,4.8854892,18.180998,1.622,140.16303,0.441,1630.0,922.562,5933.0,1.359,1.966,0,Cluster 0,1.064745495688282,1,False,Normal
HIP 74890 b,HIP 74890,Radial Velocity,2016,822.3,13.3,1.18,762.792,2.4,387.66,78.6562,4850.0,1.74,5.77,3,Cluster 3,1.1467984062270284,1,False,Normal
K2-29 b,K2-29,Transit,2016,3.2588321,13.33871,1.19,232.0159,0.73,1171.0,178.475,5358.0,0.94,0.86,0,Cluster 0,0.9962555967555756,1,False,Normal
Kepler-767 b,Kepler-767,Transit,2016,161.5280101,6.64,0.59238112,35.7,0.112,366.0,2251.03,5694.0,0.96,0.94,0,Cluster 0,1.008038955333229,1,False,Normal
Kepler-773 b,Kepler-773,Transit,2016,3.749100061,1.43,0.12757605,2.63,0.00829,1160.0,547.026,5850.0,1.04,1.01,1,Cluster 1,0.9834972063660142,1,False,Normal
Kepler-774 b,Kepler-774,Transit,2016,11.0895723,3.17,0.28280846,10.2,0.032,1422.0,917.804,6403.0,1.57,2.42,1,Cluster 1,1.2189825982538807,1,False,Normal
2MASS J02192210-3925225 b,2MASS J02192210-3925225,Imaging,2015,,16.14096,1.44,4417.837,13.9,6.27,40.08964117,3064.0,0.108,0.281,0,Cluster 0,1.4952806839387023,1,False,Normal
HD 7924 d,HD 7924,Radial Velocity,2015,24.451,,,1568.16536014,4.934,499.0,16.9922,5075.0,0.832,0.7821,6,Cluster 6,1.064749683587401,1,False,Normal
WASP-41 c,WASP-41,Radial Velocity,2015,421.0,13.1,1.17,1010.6994,3.18,241.0,163.371,5545.0,0.93,0.87,0,Cluster 0,0.9831513088200863,1,False,Normal
HAT-P-50 b,HAT-P-50,Transit,2015,3.1220109,14.437192,1.288,429.0705,1.35,1862.0,515.458,6280.0,1.273,1.698,0,Cluster 0,1.0574361180645058,1,False,Normal
HD 133131 A b,HD 133131 A,Radial Velocity,2016,649.0,13.6,1.21,451.3186,1.42,227.72,51.4736,5799.0,0.95,0.955014,0,Cluster 0,1.0058639696665719,1,False,Normal
HATS-17 b,HATS-17,Transit,2016,16.254611,8.709393,0.777,425.25654,1.338,814.0,400.331,5846.0,1.131,1.091,0,Cluster 0,1.1020044064098566,1,False,Normal
Kepler-772 b,Kepler-772,Transit,2016,12.99207337,1.82,0.16236952,3.97,0.0125,866.0,1130.21,5714.0,0.98,1.11,1,Cluster 1,0.9768185677542272,1,False,Normal
Kepler-769 b,Kepler-769,Transit,2016,7.42608998,2.92,0.26050495,8.85,0.0279,1037.0,1169.57,6186.0,1.19,1.28,1,Cluster 1,1.0344858931072336,1,False,Normal
Kepler-449 c,Kepler-449,Transit,2015,33.6727,2.764,0.24658756,8.07,0.0254,661.0,241.949,5649.18,1.02,1.467,1,Cluster 1,1.1099532239043852,1,False,Normal
HD 133131 A c,HD 133131 A,Radial Velocity,2016,3568.0,14.3,1.28,133.4886,0.42,128.96,51.4736,5799.0,0.95,0.955014,0,Cluster 0,1.0745813521674452,1,False,Normal
WASP-92 b,WASP-92,Transit,2016,2.1746742,16.376349,1.461,255.85315,0.805,1871.0,575.889,6280.0,1.19,1.341,0,Cluster 0,1.0271800139592153,1,False,Normal
Kepler-762 b,Kepler-762,Transit,2016,3.770552098,12.68,1.13123383,,,1302.0,1898.26,5944.0,1.06,1.08,0,Cluster 0,1.0044443807913919,1,False,Normal
Kepler-781 b,Kepler-781,Transit,2016,13.2140732,2.89,0.25782853,8.7,0.0274,629.0,1064.47,5162.0,0.81,0.78,1,Cluster 1,1.074115785533755,1,False,Normal
Kepler-92 d,Kepler-92,Transit,2015,49.3568,2.067,0.18440539,11.8666806,0.0373364,637.0,477.992,5904.34,1.07,1.81719,1,Cluster 1,1.4632439641570156,1,False,Normal
Kepler-449 b,Kepler-449,Transit,2015,12.58242,2.056,0.18342403,4.88,0.0154,917.0,241.949,5649.18,1.02,1.467,1,Cluster 1,1.127578742698612,1,False,Normal
HD 175607 b,HD 175607,Radial Velocity,2015,29.01,,,2456.1779293,7.728,,40.3303,5392.0,0.71,0.7,6,Cluster 6,1.0548586799431279,1,False,Normal
HD 1461 c,HD 1461,Radial Velocity,2015,13.5052,2.23,0.199,5.59,0.01758802,892.87,23.4534,5765.0,1.02,1.152288,1,Cluster 1,0.990671879923821,1,False,Normal
WASP-93 b,WASP-93,Transit,2016,2.7325321,17.900773,1.597,467.2101,1.47,1942.0,370.284,6700.0,1.334,1.524,0,Cluster 0,1.0715050470908563,1,False,Normal
HD 128311 c,HD 128311,Radial Velocity,2005,921.538,13.0,1.16,1204.25787,3.789,158.23,16.3292,4965.0,0.828,0.76,0,Cluster 0,1.067226771836413,1,False,Normal
alf Tau b,alf Tau,Radial Velocity,2015,628.96,12.7,1.13,2056.3601,6.47,1086.77,20.4332,4055.0,1.13,45.1,3,Cluster 3,1.1843377706432539,1,False,Normal
Kepler-450 d,Kepler-450,Transit,2015,7.51464,0.837,0.07467214,17.6,0.05537552,1199.0,455.982,6197.21,1.19,1.64162,2,Cluster 2,1.486326738122617,1,False,Normal
OGLE-2005-BLG-169L b,OGLE-2005-BLG-169L,Microlensing,2006,,3.84,0.343,14.1,0.0444,,4100.0,,0.69,,5,Cluster 5,1.2009774877678447,1,False,Normal
WASP-46 b,WASP-46,Transit,2011,1.43036763,13.159366,1.174,607.0553,1.91,1636.0,375.31,5600.0,0.828,0.858,0,Cluster 0,1.0806031347729161,1,False,Normal
HD 60532 b,HD 60532,Radial Velocity,2008,201.9,13.8,1.23,336.8998,1.06,550.16,25.9716,6245.0,1.5,2.57,0,Cluster 0,1.2242281048018995,1,False,Normal
HD 60532 c,HD 60532,Radial Velocity,2008,600.1,13.3,1.18,797.7533,2.51,381.66,25.9716,6245.0,1.5,2.57,0,Cluster 0,1.2120961800971035,1,False,Normal
OGLE-2013-BLG-0102L b,OGLE-2013-BLG-0102L,Microlensing,2014,,12.3,1.1,4100.0,13.0,,3040.0,,0.096,,0,Cluster 0,1.1290945795381107,1,False,Normal
Kepler-41 b,Kepler-41,Transit,2011,1.8555582,14.46,1.29,177.98,0.56,1790.0,1093.08,5750.0,1.15,1.29,0,Cluster 0,1.0636303092424737,1,False,Normal
HIP 107773 b,HIP 107773,Radial Velocity,2015,144.3,13.4,1.19,629.3034,1.98,957.11,105.18,4945.0,2.42,11.6,3,Cluster 3,1.2618910096319218,1,False,Normal
HATS-8 b,HATS-8,Transit,2015,3.583893,9.785457,0.873,43.86054,0.138,1324.0,794.637,5679.0,1.056,1.086,0,Cluster 0,1.0339248467266577,1,False,Normal
LkCa 15 b,LkCa 15,Imaging,2015,,,,,,66.87,158.152,4194.0,,1.60711,1,Cluster 1,2.7238545947389166,-1,True,Potential Outlier
LkCa 15 c,LkCa 15,Imaging,2015,,,,,,59.45,158.152,4194.0,,1.60711,1,Cluster 1,2.7522466679536244,-1,True,Potential Outlier
Qatar-1 b,Qatar-1,Transit,2010,1.4200242,12.811887,1.143,411.27202,1.294,1418.0,185.615,5013.0,0.838,0.803,0,Cluster 0,1.1669505599453756,1,False,Normal
HAT-P-66 b,HAT-P-66,Transit,2016,2.972086,17.82231,1.59,248.86089,0.783,1896.0,935.456,6002.0,1.255,1.881,0,Cluster 0,1.0165518963916764,1,False,Normal
Kepler-75 b,Kepler-75,Transit,2013,8.8849116,11.77,1.05,3209.9,10.1,767.0,835.356,5200.0,0.91,0.89,0,Cluster 0,1.1626730261976428,1,False,Normal
Kepler-453 b,Kepler-453,Transit,2015,240.503,6.204,0.55348381,16.0,0.05034138,273.62,442.846,5527.0,0.944,0.833,0,Cluster 0,1.1275134236176707,1,False,Normal
WASP-89 b,WASP-89,Transit,2015,3.3564227,11.65736,1.04,1875.197,5.9,1120.0,290.946,5130.0,0.92,0.88,0,Cluster 0,1.2745651826903832,1,False,Normal
KIC 3558849 b,KIC 3558849,Transit,2015,1322.3,6.9,0.61557677,38.1,0.12,,1215.7,6175.0,0.98,1.01,1,Cluster 1,1.119444042619161,1,False,Normal
KIC 8540376 c,KOI-7892,Transit,2015,75.2,2.4,0.21411366,6.35,0.02,,1072.3,6474.0,1.04,1.26,1,Cluster 1,1.5744185130472053,-1,True,Potential Outlier
OGLE-2007-BLG-349L AB c,OGLE-2007-BLG-349L A,Microlensing,2016,2557.0,10.7,0.952,80.0,0.25170815,,2760.0,,0.41,,5,Cluster 5,1.1243351100036632,1,False,Normal
Kepler-56 d,Kepler-56,Radial Velocity,2016,1002.0,12.8,1.14,1784.0,5.61,324.75,912.994,4819.44,1.29,4.21799,3,Cluster 3,1.0474557734518979,1,False,Normal
Kepler-444 b,Kepler-444,Transit,2015,3.6001053,0.403,0.036,0.0374,0.000118,938.0,36.4396,5046.0,0.758,0.752,1,Cluster 1,1.2772710463933126,1,False,Normal
K2-6 b,K2-6,Transit,2015,30.94191,2.5,0.22303506,6.8,0.0214,615.0,316.819,5850.0,0.97,0.96,1,Cluster 1,0.9966467722138607,1,False,Normal
HD 42618 b,HD 42618,Radial Velocity,2016,149.61,3.89,0.347,14.4,0.04530724,337.0,24.3358,5727.0,1.015,0.999,1,Cluster 1,1.095295374959878,1,False,Normal
OGLE-2012-BLG-0950L b,OGLE-2012-BLG-0950L,Microlensing,2016,,6.56,0.585,35.0,0.11,,2600.0,,0.57,,5,Cluster 5,1.073842244613919,1,False,Normal
Kepler-444 e,Kepler-444,Transit,2015,7.743493,0.546,0.049,0.1,0.00031463,727.0,36.4396,5046.0,0.758,0.752,1,Cluster 1,1.3031739159247067,1,False,Normal
K2-15 b,K2-15,Transit,2015,11.8104,2.48,0.22125078,6.71,0.0211,676.0,493.992,5131.0,0.72,0.68,1,Cluster 1,1.1736481515224664,1,False,Normal
K2-14 b,K2-14,Transit,2015,8.36802,4.81,0.42911946,20.7,0.065,488.0,364.048,3789.0,0.47,0.45,1,Cluster 1,1.3995107401859241,1,False,Normal
K2-17 b,K2-17,Transit,2015,17.96753,2.23,0.19894727,5.6,0.0176,487.0,125.106,4320.0,0.71,0.66,1,Cluster 1,0.9928533567350686,1,False,Normal
K2-9 b,K2-9,Transit,2015,18.4498,2.25,0.20073156,5.69,0.0179,314.0,82.9631,3390.0,0.3,0.31,1,Cluster 1,0.9775476496128409,1,False,Normal
WASP-36 b,WASP-36,Transit,2011,1.53736596,14.874343,1.327,750.39663,2.361,1733.0,386.346,5959.0,1.081,0.985,0,Cluster 0,1.0860824947444159,1,False,Normal
Kepler-26 b,Kepler-26,Transit,2011,12.28,2.78,0.24801499,5.12,0.01610924,431.0,335.307,3914.0,0.544,0.512,1,Cluster 1,1.0688055251715656,1,False,Normal
HATS-13 b,HATS-13,Transit,2015,3.0440499,13.585308,1.212,172.58169,0.543,1244.0,421.855,5523.0,0.962,0.887,0,Cluster 0,0.9707527322082621,1,False,Normal
HATS-14 b,HATS-14,Transit,2015,2.7667641,11.646151,1.039,340.39593,1.071,1276.0,513.011,5346.0,0.967,0.933,0,Cluster 0,0.9974098853244012,1,False,Normal
WASP-90 b,WASP-90,Transit,2016,3.916243,18.27067,1.63,200.2329,0.63,1840.0,466.433,6430.0,1.55,1.98,0,Cluster 0,1.066508942868544,1,False,Normal
HD 5583 b,HD 5583,Radial Velocity,2016,139.35,12.8,1.14,1837.0574,5.78,964.55,219.216,4830.0,1.01,9.09,3,Cluster 3,1.0949821857032451,1,False,Normal
Kepler-26 c,Kepler-26,Transit,2011,17.2559,2.72,0.24266215,6.2,0.01950728,385.0,335.307,3914.0,0.544,0.512,1,Cluster 1,1.0891104190629597,1,False,Normal
Kepler-447 b,Kepler-447,Transit,2015,7.79430132,18.49,1.65,435.41,1.37,882.0,268.041,5493.0,1.0,1.05,0,Cluster 0,1.9619254730027116,-1,True,Potential Outlier
OGLE-2011-BLG-0265L b,OGLE-2011-BLG-0265L,Microlensing,2015,,13.9,1.24,280.0,0.88,,4380.0,,0.211,,0,Cluster 0,0.9868361959928424,1,False,Normal
HD 130322 b,HD 130322,Radial Velocity,1999,10.70871,13.7,1.22,365.49,1.15,720.0,31.8766,5387.0,0.92,0.85,0,Cluster 0,0.999912380223134,1,False,Normal
OGLE-2012-BLG-0563L b,OGLE-2012-BLG-0563L,Microlensing,2015,,13.6,1.21,120.0,0.39,,1300.0,,0.34,,0,Cluster 0,0.9763611097458709,1,False,Normal
Kepler-296 d,Kepler-296,Transit,2014,19.850291,2.09,0.18645731,5.02,0.0158,403.0,167.0,3740.0,0.498,0.48,1,Cluster 1,0.9807362795011361,1,False,Normal
Pr0211 c,Pr0211,Radial Velocity,2016,4850.0,12.6,1.12,2475.8957,7.79,99.1,182.714,5300.0,0.935,0.827,0,Cluster 0,1.1100176434849058,1,False,Normal
BD+15 2375 b,BD+15 2375,Radial Velocity,2016,153.22,13.8,1.23,337.21763,1.061,883.68,768.045,4649.0,1.08,8.95,3,Cluster 3,1.0298174455394806,1,False,Normal
Kepler-60 d,Kepler-60,Transit,2012,11.8981,1.99,0.17753591,4.16,0.01308876,929.0,1025.1,5905.0,1.041,1.257,1,Cluster 1,1.149668211250368,1,False,Normal
HD 1666 b,HD 1666,Radial Velocity,2015,270.0,12.7,1.13,2040.0,6.43,436.47,117.908,6317.0,1.5,1.93,0,Cluster 0,1.2191562085931078,1,False,Normal
HD 67087 b,HD 67087,Radial Velocity,2015,352.2,13.1,1.17,973.0,3.06,365.67,76.5217,6330.0,1.36,1.55,0,Cluster 0,1.074959550331617,1,False,Normal
Kepler-296 e,Kepler-296,Transit,2014,34.14211,1.53,0.13649746,2.96,0.0093,337.0,167.0,3740.0,0.498,0.48,1,Cluster 1,0.9980710853055486,1,False,Normal
Kepler-872 b,Kepler-872,Transit,2016,2.578855068,1.99,0.17753591,4.62,0.0145,1230.0,879.683,5902.0,1.05,1.08,1,Cluster 1,0.9918872351529895,1,False,Normal
Kepler-871 b,Kepler-871,Transit,2016,22.0459018,3.74,0.33366045,13.5,0.0424,640.0,1976.05,5993.0,1.11,1.14,1,Cluster 1,1.0920548860639518,1,False,Normal
Kepler-603 c,Kepler-603,Transit,2016,127.9075774,6.5,0.57989116,34.5,0.108,401.0,1539.63,5808.0,1.01,1.01,0,Cluster 0,0.9898205696726994,1,False,Normal
Kepler-908 b,Kepler-908,Transit,2016,1.340597468,1.22,0.10884111,1.98,0.00624,1783.0,290.843,5973.0,1.11,1.12,1,Cluster 1,1.0152134179224874,1,False,Normal
Kepler-499 b,Kepler-499,Transit,2016,5.632528453,2.17,0.19359443,5.35,0.0168,844.0,556.726,5312.0,0.87,0.83,1,Cluster 1,0.999719573146891,1,False,Normal
Kepler-801 b,Kepler-801,Transit,2016,11.41928253,2.0,0.17842805,4.66,0.0147,419.0,440.426,4435.0,0.67,0.63,1,Cluster 1,0.9886509812059652,1,False,Normal
Kepler-799 b,Kepler-799,Transit,2016,133.4605235,6.88,0.61379249,37.9,0.119,433.0,1509.084,5681.0,0.95,0.93,0,Cluster 0,1.0054442942760167,1,False,Normal
Kepler-870 b,Kepler-870,Transit,2016,21.3587621,2.78,0.24801499,8.15,0.0256,691.0,1259.46,5857.0,1.01,1.02,1,Cluster 1,1.0112314951074781,1,False,Normal
Kepler-869 b,Kepler-869,Transit,2016,40.4287755,3.61,0.32206263,12.7,0.0399,494.0,939.455,5664.0,0.97,0.95,1,Cluster 1,1.0609127992866043,1,False,Normal
Kepler-907 b,Kepler-907,Transit,2016,15.86621821,1.2,0.10705683,1.87,0.00588,879.0,352.0,6106.0,1.08,1.38,1,Cluster 1,1.0391791908646635,1,False,Normal
Kepler-912 b,Kepler-912,Transit,2016,2.534756273,2.8,0.24979927,8.25,0.0259,1218.0,2004.72,5998.0,1.07,1.11,1,Cluster 1,1.045857919026495,1,False,Normal
Kepler-797 b,Kepler-797,Transit,2016,27.07237711,2.17,0.19359443,5.35,0.0168,605.0,1315.26,5680.0,0.96,0.95,1,Cluster 1,0.9928538942101941,1,False,Normal
Kepler-867 b,Kepler-867,Transit,2016,150.242127,4.64,0.41395307,19.4,0.0612,327.0,1195.54,5541.0,0.92,0.91,1,Cluster 1,1.118180270817173,1,False,Normal
Kepler-868 b,Kepler-868,Transit,2016,5.03251791,2.05,0.18288875,4.86,0.0153,1047.0,1593.13,5614.0,0.93,0.89,1,Cluster 1,0.9824327320856867,1,False,Normal
Kepler-866 b,Kepler-866,Transit,2016,2.617032536,1.63,0.14541886,3.29,0.0104,996.0,646.667,4751.0,0.75,0.71,1,Cluster 1,1.0376797901170969,1,False,Normal
Kepler-913 b,Kepler-913,Transit,2016,10.29672521,2.06,0.18378089,4.9,0.0154,1129.0,991.618,4687.0,0.63,0.61,1,Cluster 1,1.1862435715239892,1,False,Normal
Kepler-910 b,Kepler-910,Transit,2016,2.364369015,0.82,0.0731555,0.477,0.0015,1752.0,400.289,6230.0,1.26,1.5,1,Cluster 1,1.0665797072810101,1,False,Normal
Kepler-847 b,Kepler-847,Transit,2016,2.343231895,1.18,0.10527255,1.76,0.00553,1054.0,513.103,4940.0,0.83,0.77,1,Cluster 1,1.0418502585404252,1,False,Normal
Kepler-846 b,Kepler-846,Transit,2016,19.80792185,2.48,0.22125078,6.71,0.0211,624.0,1127.12,5579.0,0.94,0.91,1,Cluster 1,0.990575281437781,1,False,Normal
Kepler-795 b,Kepler-795,Transit,2016,29.6193421,1.68,0.14987956,3.46,0.0109,580.0,492.122,5631.0,0.94,0.96,1,Cluster 1,1.1008640130254004,1,False,Normal
Kepler-794 b,Kepler-794,Transit,2016,11.13125132,2.11,0.18824159,5.1,0.016,952.0,931.192,5839.0,1.19,1.38,1,Cluster 1,1.0935896074182128,1,False,Normal
Kepler-865 b,Kepler-865,Transit,2016,14.16399294,2.49,0.22214292,6.76,0.0213,694.0,586.137,5570.0,0.93,0.92,1,Cluster 1,0.9868947585000802,1,False,Normal
Kepler-909 b,Kepler-909,Transit,2016,13.93290318,1.47,0.13114462,2.76,0.00869,852.0,309.596,6154.0,1.17,1.23,1,Cluster 1,0.9900350447603339,1,False,Normal
Kepler-916 b,Kepler-916,Transit,2016,32.2968798,1.76,0.15701668,3.75,0.0118,503.0,830.712,5248.0,0.85,0.81,1,Cluster 1,1.0037934667664108,1,False,Normal
Kepler-845 b,Kepler-845,Transit,2016,0.927859821,2.04,0.18199661,4.82,0.0152,1361.0,431.051,4913.0,0.79,0.75,1,Cluster 1,1.0386578566456228,1,False,Normal
Kepler-844 b,Kepler-844,Transit,2016,2.613020856,1.68,0.14987956,3.46,0.0109,713.0,431.776,4128.0,0.59,0.57,1,Cluster 1,0.9755190193808291,1,False,Normal
Kepler-792 b,Kepler-792,Transit,2016,11.30119217,1.96,0.17485949,4.5,0.0142,852.0,1425.47,5971.0,1.09,1.12,1,Cluster 1,0.9994947876459547,1,False,Normal
Kepler-791 b,Kepler-791,Transit,2016,14.5539759,3.05,0.27210277,9.53,0.03,939.0,1266.34,6383.0,1.3,1.47,1,Cluster 1,1.1133981658686487,1,False,Normal
Kepler-862 b,Kepler-862,Transit,2016,3.148664534,2.21,0.19716299,5.52,0.0174,1097.0,1039.03,5333.0,0.88,0.84,1,Cluster 1,1.0014253086115372,1,False,Normal
Kepler-861 b,Kepler-861,Transit,2016,3.949631375,2.28,0.20340798,5.82,0.0183,966.0,850.327,5047.0,0.82,0.78,1,Cluster 1,1.066080910888149,1,False,Normal
Kepler-930 b,Kepler-930,Transit,2016,71.4517775,2.13,0.19002587,5.18,0.0163,561.0,848.396,6335.0,1.25,1.4,1,Cluster 1,1.158431207183964,1,False,Normal
Kepler-842 b,Kepler-842,Transit,2016,1.21956827,1.6,0.14274244,3.19,0.01,1252.0,532.726,4848.0,0.78,0.73,1,Cluster 1,1.0636010952199526,1,False,Normal
Kepler-841 b,Kepler-841,Transit,2016,124.4198398,5.23,0.46658935,23.8,0.0749,416.0,998.961,5324.0,0.85,0.81,1,Cluster 1,1.0868184393421016,1,False,Normal
Kepler-790 b,Kepler-790,Transit,2016,13.73469807,2.18,0.19448657,5.39,0.017,634.0,703.168,5208.0,0.84,0.8,1,Cluster 1,0.9733280040794103,1,False,Normal
Kepler-788 b,Kepler-788,Transit,2016,8.39846269,2.55,0.22749576,7.04,0.0221,984.0,1775.8,6159.0,1.16,1.23,1,Cluster 1,1.0049151093309558,1,False,Normal
Kepler-860 b,Kepler-860,Transit,2016,5.101379454,3.24,0.28905344,10.6,0.0332,1050.0,1056.36,5836.0,1.04,1.06,1,Cluster 1,1.0154127517637792,1,False,Normal
Kepler-924 b,Kepler-924,Transit,2016,61.0370117,3.07,0.27388706,9.64,0.0303,610.0,1053.04,6167.0,1.14,1.23,1,Cluster 1,0.9844280027537794,1,False,Normal
Kepler-923 b,Kepler-923,Transit,2016,6.93366476,1.38,0.12311535,2.48,0.0078,1104.0,1000.28,5988.0,1.11,1.26,1,Cluster 1,1.0244769765330577,1,False,Normal
Kepler-838 b,Kepler-838,Transit,2016,15.74957994,2.73,0.24355429,7.9,0.0249,777.0,1104.04,5770.0,0.98,0.96,1,Cluster 1,0.9836245505843886,1,False,Normal
Kepler-837 b,Kepler-837,Transit,2016,16.56059504,2.56,0.2283879,7.08,0.0223,701.0,901.907,5403.0,0.85,0.81,1,Cluster 1,1.0185881418730998,1,False,Normal
Kepler-787 b,Kepler-787,Transit,2016,0.928310498,1.28,0.11419395,2.18,0.00687,1115.0,503.568,4248.0,0.65,0.62,1,Cluster 1,1.065267688413696,1,False,Normal
Kepler-465 b,Kepler-465,Transit,2016,9.940672466,2.95,0.26318137,9.01,0.0283,996.0,553.077,6310.0,1.23,1.29,1,Cluster 1,1.040197040434617,1,False,Normal
Kepler-856 b,Kepler-856,Transit,2016,8.027680595,9.3,0.82969043,63.3,0.199,824.0,1351.17,5535.0,0.96,0.93,0,Cluster 0,0.9979977334019245,1,False,Normal
Kepler-890 b,Kepler-890,Transit,2016,52.75875577,8.89,0.79311268,58.6,0.184,540.0,1712.12,5954.0,1.09,1.13,0,Cluster 0,1.031693569894074,1,False,Normal
Kepler-927 b,Kepler-927,Transit,2016,9.1149903,1.72,0.15344812,3.61,0.0113,906.0,831.685,5743.0,0.99,0.99,1,Cluster 1,0.9916318391117379,1,False,Normal
Kepler-926 b,Kepler-926,Transit,2016,52.0688601,2.31,0.2060844,5.95,0.0187,524.0,921.361,5806.0,1.01,1.01,1,Cluster 1,0.9822672739202097,1,False,Normal
Kepler-892 b,Kepler-892,Transit,2016,13.7521072,2.81,0.25069141,8.3,0.0261,556.0,570.727,4747.0,0.75,0.72,1,Cluster 1,1.01739167086641,1,False,Normal
Kepler-933 b,Kepler-933,Transit,2016,14.20443009,2.46,0.2194665,6.62,0.0208,602.0,1017.2,5346.0,0.87,0.84,1,Cluster 1,0.9810301561875759,1,False,Normal
Kepler-826 b,Kepler-826,Transit,2016,4.48758907,1.25,0.11151753,2.1,0.0066,1305.0,779.596,6079.0,1.05,1.15,1,Cluster 1,1.0009718193607242,1,False,Normal
Kepler-830 b,Kepler-830,Transit,2016,11.29695137,1.7,0.15166384,3.53,0.0111,907.0,1122.0,6037.0,1.07,1.11,1,Cluster 1,0.9892038904380331,1,False,Normal
Kepler-829 b,Kepler-829,Transit,2016,6.88337562,2.11,0.18824159,5.1,0.016,857.0,1073.76,5698.0,0.98,0.97,1,Cluster 1,0.9644471024098973,1,False,Normal
Kepler-895 b,Kepler-895,Transit,2016,2.806242328,1.54,0.1373896,2.99,0.0094,771.0,540.134,4315.0,0.65,0.61,1,Cluster 1,0.9916837875416791,1,False,Normal
Kepler-743 b,Kepler-743,Transit,2016,3.179262921,1.21,0.10794897,1.92,0.00606,1101.0,278.987,5486.0,0.94,0.85,1,Cluster 1,0.9995396995588972,1,False,Normal
Kepler-823 b,Kepler-823,Transit,2016,4.16809082,1.57,0.14006602,3.09,0.00972,1277.0,1389.27,5643.0,0.98,0.96,1,Cluster 1,0.9911934922047191,1,False,Normal
Kepler-487 c,Kepler-487,Transit,2016,38.6519976,2.68,0.23909359,7.65,0.0241,487.0,872.343,5444.0,0.91,0.88,1,Cluster 1,1.014591008907191,1,False,Normal
Kepler-898 b,Kepler-898,Transit,2016,5.8706191,1.49,0.1329289,2.83,0.00889,616.0,484.891,4223.0,0.65,0.62,1,Cluster 1,1.0014998693768635,1,False,Normal
Kepler-899 b,Kepler-899,Transit,2016,19.17891293,2.68,0.23909359,7.65,0.0241,640.0,1246.43,5595.0,0.93,0.91,1,Cluster 1,0.9853535958546876,1,False,Normal
Kepler-747 b,Kepler-747,Transit,2016,35.61760587,5.27,0.47015791,24.1,0.0759,456.0,3347.16,5096.0,0.82,0.78,1,Cluster 1,1.1440254388130437,1,False,Normal
Kepler-821 b,Kepler-821,Transit,2016,1.92279873,1.31,0.11687037,2.27,0.00714,1215.0,614.571,5191.0,0.84,0.8,1,Cluster 1,1.0367675559734801,1,False,Normal
Kepler-498 b,Kepler-498,Transit,2016,9.61375356,3.03,0.27031849,9.43,0.0297,931.0,938.844,5744.0,0.98,0.96,1,Cluster 1,1.0186541344006732,1,False,Normal
Kepler-887 b,Kepler-887,Transit,2016,20.42228798,1.84,0.1641538,4.04,0.0127,785.0,886.588,6194.0,1.19,1.29,1,Cluster 1,0.9985228069067613,1,False,Normal
Kepler-901 b,Kepler-901,Transit,2016,3.517494394,1.37,0.12222321,2.45,0.00771,704.0,253.867,4184.0,0.59,0.57,1,Cluster 1,0.9866987794233493,1,False,Normal
Kepler-900 b,Kepler-900,Transit,2016,6.9913086,2.08,0.18556517,4.98,0.0157,716.0,487.525,4836.0,0.78,0.73,1,Cluster 1,0.980419098880979,1,False,Normal
Kepler-751 b,Kepler-751,Transit,2016,17.44490636,2.46,0.2194665,6.62,0.0208,679.0,760.43,5387.0,0.87,0.84,1,Cluster 1,0.9904185093905976,1,False,Normal
Kepler-755 b,Kepler-755,Transit,2016,1.269090374,1.76,0.15701668,3.75,0.0118,1331.0,399.034,5043.0,0.82,0.77,1,Cluster 1,1.0370423563670046,1,False,Normal
Kepler-820 b,Kepler-820,Transit,2016,127.8338098,6.09,0.54331341,30.8,0.097,554.0,1387.2,6260.0,1.23,1.36,1,Cluster 1,1.2876851137553529,1,False,Normal
Kepler-817 b,Kepler-817,Transit,2016,3.990106229,9.03,0.80560264,60.2,0.189,1124.0,1484.46,5861.0,1.03,1.03,0,Cluster 0,1.0282335488567464,1,False,Normal
Kepler-886 b,Kepler-886,Transit,2016,6.24146367,1.52,0.13560532,2.92,0.0092,1111.0,711.297,6098.0,1.1,1.16,1,Cluster 1,1.0171026261397804,1,False,Normal
Kepler-885 b,Kepler-885,Transit,2016,18.11472949,2.5,0.22303506,6.8,0.0214,830.0,651.318,6187.0,1.21,1.35,1,Cluster 1,1.014550960258451,1,False,Normal
Kepler-904 b,Kepler-904,Transit,2016,3.021668632,1.77,0.15790882,3.78,0.0119,1332.0,978.125,6160.0,1.16,1.25,1,Cluster 1,1.0039105258839442,1,False,Normal
Kepler-905 b,Kepler-905,Transit,2016,5.082746517,1.41,0.12579177,2.57,0.00809,928.0,529.268,5461.0,0.95,0.86,1,Cluster 1,1.0337240770576293,1,False,Normal
Kepler-756 b,Kepler-756,Transit,2016,1.224866322,1.12,0.09991971,1.46,0.00459,1741.0,852.0,5282.0,0.82,0.79,1,Cluster 1,0.9689660104727157,1,False,Normal
Kepler-757 b,Kepler-757,Transit,2016,1.022678821,1.36,0.12133107,2.42,0.00761,1734.0,1068.68,6014.0,1.08,1.13,1,Cluster 1,0.9909123775780708,1,False,Normal
Kepler-815 b,Kepler-815,Transit,2016,8.57503552,4.11,0.36666964,15.8,0.0498,1374.0,1259.28,5028.0,1.25,3.42,1,Cluster 1,1.939001316922322,-1,True,Potential Outlier
Kepler-852 b,Kepler-852,Transit,2016,44.9309804,2.54,0.22660362,6.99,0.022,565.0,1619.03,6100.0,1.19,1.16,1,Cluster 1,0.9914659807330517,1,False,Normal
Kepler-883 b,Kepler-883,Transit,2016,12.98495573,1.78,0.15880096,3.82,0.012,818.0,627.455,6116.0,1.06,1.09,1,Cluster 1,1.0020400081467513,1,False,Normal
Kepler-509 b,Kepler-509,Transit,2016,41.74600392,2.49,0.22214292,6.76,0.0213,584.0,332.443,6060.0,1.1,1.2,1,Cluster 1,1.0361768890869072,1,False,Normal
Kepler-466 c,Kepler-466,Transit,2016,3.709213846,1.25,0.11151753,2.1,0.0066,1206.0,530.122,5927.0,1.04,1.05,1,Cluster 1,0.9886342484580292,1,False,Normal
Kepler-502 b,Kepler-502,Transit,2016,4.28686431,4.77,0.4255509,20.4,0.0641,1217.0,1591.04,6125.0,1.15,1.22,1,Cluster 1,1.172406257157948,1,False,Normal
Kepler-758 b,Kepler-758,Transit,2016,12.1097104,2.48,0.22125078,6.71,0.0211,1005.0,1502.32,6228.0,1.16,1.42,1,Cluster 1,1.0105729914352573,1,False,Normal
Kepler-813 b,Kepler-813,Transit,2016,19.12947337,2.14,0.19091801,5.22,0.0164,817.0,840.0,5743.0,0.95,0.93,1,Cluster 1,0.9729834204999849,1,False,Normal
Kepler-811 b,Kepler-811,Transit,2016,23.58447697,2.7,0.24087787,7.75,0.0244,730.0,985.041,5747.0,1.01,1.24,1,Cluster 1,1.0067160485366202,1,False,Normal
Kepler-882 b,Kepler-882,Transit,2016,3.989539666,1.23,0.10973325,2.04,0.00642,903.0,504.605,5476.0,0.9,0.87,1,Cluster 1,1.023785414137222,1,False,Normal
Kepler-880 b,Kepler-880,Transit,2016,7.71468975,2.66,0.23730931,7.56,0.0238,1622.0,601.324,6761.0,1.46,1.74,1,Cluster 1,1.1840326325398414,1,False,Normal
Kepler-474 b,Kepler-474,Transit,2016,5.660672935,3.06,0.27299491,9.59,0.0302,1115.0,841.496,5785.0,0.99,1.08,1,Cluster 1,1.0051752746063969,1,False,Normal
Kepler-760 b,Kepler-760,Transit,2016,8.70419416,3.06,0.27299491,9.59,0.0302,748.0,792.336,5322.0,0.89,0.85,1,Cluster 1,1.0032794713411928,1,False,Normal
Kepler-810 b,Kepler-810,Transit,2016,4.59725385,1.93,0.17218307,4.38,0.0138,1105.0,1458.59,5803.0,1.03,1.04,1,Cluster 1,0.9726214503467279,1,False,Normal
Kepler-809 b,Kepler-809,Transit,2016,55.63934,3.01,0.26853421,9.32,0.0293,478.0,961.405,5734.0,0.99,0.98,1,Cluster 1,0.9864762961104543,1,False,Normal
Kepler-877 b,Kepler-877,Transit,2016,18.45847097,2.12,0.18913373,5.14,0.0162,632.0,602.176,5261.0,0.85,0.81,1,Cluster 1,0.9686577101155402,1,False,Normal
Kepler-750 c,Kepler-750,Transit,2016,4.08899022,1.62,0.14452672,3.26,0.0102,1537.0,1296.02,6160.0,1.15,1.23,1,Cluster 1,1.0228487430995046,1,False,Normal
Kepler-255 d,Kepler-255,Transit,2016,1.045622658,1.32,0.11776251,2.3,0.00724,1710.0,1052.53,5431.0,0.9,0.86,1,Cluster 1,0.9805879181446102,1,False,Normal
Kepler-775 b,Kepler-775,Transit,2016,0.974868926,1.19,0.10616469,1.81,0.0057,1612.0,398.676,5468.0,0.92,0.84,1,Cluster 1,1.0070886135285484,1,False,Normal
Kepler-500 b,Kepler-500,Transit,2016,8.508324398,2.58,0.23017218,7.18,0.0226,909.0,807.48,5813.0,1.02,1.03,1,Cluster 1,0.9910498983798506,1,False,Normal
Kepler-808 b,Kepler-808,Transit,2016,0.631332353,1.46,0.13025248,2.73,0.00859,1322.0,321.0,4653.0,0.76,0.71,1,Cluster 1,1.0249523550619573,1,False,Normal
Kepler-875 b,Kepler-875,Transit,2016,27.5073799,2.9,0.25872067,8.75,0.0275,569.0,1242.62,5958.0,1.06,1.11,1,Cluster 1,0.9754717694597865,1,False,Normal
Kepler-732 c,Kepler-732,Transit,2016,0.893041236,1.27,0.11330181,2.15,0.00678,893.0,174.826,3631.0,0.49,0.46,1,Cluster 1,1.0939436167966181,1,False,Normal
Kepler-777 b,Kepler-777,Transit,2016,5.72812599,1.47,0.13114462,2.76,0.00869,569.0,443.106,4043.0,0.58,0.56,1,Cluster 1,1.0067158833669096,1,False,Normal
Kepler-779 b,Kepler-779,Transit,2016,7.09714223,0.92,0.0820769,0.721,0.00227,425.0,283.155,3804.0,0.46,0.44,1,Cluster 1,1.1170528751908526,1,False,Normal
Kepler-804 b,Kepler-804,Transit,2016,14.37457351,1.94,0.17307521,4.42,0.0139,779.0,649.65,5817.0,1.01,1.05,1,Cluster 1,0.9769455410865605,1,False,Normal
Kepler-803 b,Kepler-803,Transit,2016,50.28638192,3.79,0.33812115,13.8,0.0434,543.0,639.771,5919.0,1.05,1.12,1,Cluster 1,1.091590456103528,1,False,Normal
Kepler-1049 b,Kepler-1049,Transit,2016,3.273460736,0.95,0.08475332,0.809,0.00254,625.0,162.006,3864.0,0.51,0.49,1,Cluster 1,1.0086821700791835,1,False,Normal
Kepler-969 b,Kepler-969,Transit,2016,34.1731714,2.07,0.18467303,4.94,0.0155,465.0,390.354,5214.0,0.92,0.82,1,Cluster 1,1.1416344972149963,1,False,Normal
Kepler-1137 b,Kepler-1137,Transit,2016,23.9210791,2.2,0.19627085,5.48,0.0172,1020.0,921.778,6807.0,1.5,1.84,1,Cluster 1,1.2323570216963184,1,False,Normal
Kepler-975 b,Kepler-975,Transit,2016,1.970342457,1.48,0.13203676,2.79,0.00879,1599.0,426.088,4897.0,0.8,0.75,1,Cluster 1,1.0482572444386886,1,False,Normal
Kepler-995 b,Kepler-995,Transit,2016,28.26731672,2.7,0.24087787,7.75,0.0244,517.0,609.638,5206.0,0.83,0.8,1,Cluster 1,0.9879777960284706,1,False,Normal
Kepler-1054 b,Kepler-1054,Transit,2016,4.30655689,2.63,0.23463288,7.41,0.0233,1177.0,1090.51,6209.0,1.22,1.34,1,Cluster 1,1.0272606467172232,1,False,Normal
Kepler-1033 b,Kepler-1033,Transit,2016,7.56052806,2.51,0.2239272,6.85,0.0215,914.0,1455.5,5547.0,0.94,0.92,1,Cluster 1,1.0190565245376693,1,False,Normal
Kepler-1040 b,Kepler-1040,Transit,2016,201.1214,2.08,0.18556517,4.98,0.0157,300.0,482.119,5694.0,0.98,0.96,1,Cluster 1,1.1033271066459545,1,False,Normal
Kepler-1138 b,Kepler-1138,Transit,2016,3.17060005,1.7,0.15166384,3.53,0.0111,1080.0,872.328,5582.0,0.95,0.92,1,Cluster 1,0.9780821057244358,1,False,Normal
Kepler-1139 b,Kepler-1139,Transit,2016,0.813166719,1.19,0.10616469,1.81,0.0057,1693.0,495.156,5550.0,0.94,0.91,1,Cluster 1,0.9967480374622223,1,False,Normal
Kepler-1060 b,Kepler-1060,Transit,2016,46.8779367,2.38,0.21232938,6.26,0.0197,484.0,946.565,5797.0,0.99,0.99,1,Cluster 1,0.9852950458564049,1,False,Normal
Kepler-1003 b,Kepler-1003,Transit,2016,3.554856915,1.78,0.15880096,3.82,0.012,1157.0,941.902,6109.0,1.11,1.17,1,Cluster 1,0.994046666847978,1,False,Normal
Kepler-1055 b,Kepler-1055,Transit,2016,2.295036233,1.23,0.10973325,2.04,0.00642,1304.0,389.397,5723.0,0.98,0.94,1,Cluster 1,1.0029180580603219,1,False,Normal
Kepler-998 b,Kepler-998,Transit,2016,5.65377733,2.32,0.20697654,5.99,0.0189,1020.0,986.364,6058.0,1.12,1.18,1,Cluster 1,0.9876478848168302,1,False,Normal
Kepler-1017 b,Kepler-1017,Transit,2016,7.23400469,1.99,0.17753591,4.62,0.0145,831.0,552.058,5473.0,0.93,0.87,1,Cluster 1,1.0090196066344501,1,False,Normal
Kepler-974 b,Kepler-974,Transit,2016,4.194496514,1.57,0.14006602,3.09,0.00972,577.0,134.311,3687.0,0.52,0.5,1,Cluster 1,0.978070291219654,1,False,Normal
Kepler-1045 b,Kepler-1045,Transit,2016,26.41045478,2.69,0.23998573,7.7,0.0242,512.0,942.485,5301.0,0.86,0.82,1,Cluster 1,0.9728828953941495,1,False,Normal
Kepler-980 b,Kepler-980,Transit,2016,11.55102504,2.67,0.23820145,7.61,0.0239,845.0,961.468,5935.0,1.05,1.06,1,Cluster 1,1.0176180266523942,1,False,Normal
Kepler-991 b,Kepler-991,Transit,2016,82.5342519,2.54,0.22660362,6.99,0.022,260.0,389.561,4392.0,0.64,0.61,1,Cluster 1,1.0573756776150045,1,False,Normal
Kepler-1072 b,Kepler-1072,Transit,2016,1.569066502,1.58,0.14095816,3.12,0.00982,1849.0,982.716,6199.0,1.2,1.32,1,Cluster 1,1.0589654361169862,1,False,Normal
Kepler-490 b,Kepler-490,Transit,2016,3.268695154,11.65,1.03934338,,,1597.0,1523.0,6045.0,1.08,1.12,0,Cluster 0,1.096510161366701,1,False,Normal
Kepler-1018 b,Kepler-1018,Transit,2016,49.1013514,2.58,0.23017218,7.18,0.0226,498.0,1010.01,5518.0,0.91,0.88,1,Cluster 1,0.9919369261158032,1,False,Normal
Kepler-1004 b,Kepler-1004,Transit,2016,5.28789787,6.28,0.56026407,32.5,0.102,1661.0,1152.68,4972.0,1.11,3.39,1,Cluster 1,1.5084143790875448,-1,True,Potential Outlier
Kepler-997 b,Kepler-997,Transit,2016,2.707306716,1.36,0.12133107,2.42,0.00761,1709.0,467.568,6150.0,1.22,1.56,1,Cluster 1,1.0276593598775854,1,False,Normal
Kepler-1151 b,Kepler-1151,Transit,2016,65.6478424,2.22,0.19805513,5.56,0.0175,485.0,682.436,5470.0,0.88,0.85,1,Cluster 1,1.0038837973058246,1,False,Normal
Kepler-1064 b,Kepler-1064,Transit,2016,16.54080322,1.55,0.13828174,3.02,0.00951,570.0,374.0,5153.0,0.85,0.79,1,Cluster 1,1.0433555373754295,1,False,Normal
Kepler-971 b,Kepler-971,Transit,2016,9.59070716,2.13,0.19002587,5.18,0.0163,1087.0,338.522,5431.0,0.88,0.85,1,Cluster 1,0.9968876065603579,1,False,Normal
Kepler-1051 b,Kepler-1051,Transit,2016,25.96200249,3.4,0.30332768,11.5,0.0361,850.0,829.343,6675.0,1.43,1.73,1,Cluster 1,1.2271642207257678,1,False,Normal
Kepler-1007 b,Kepler-1007,Transit,2016,5.185002073,1.44,0.1284682,2.67,0.00839,652.0,365.0,4587.0,0.73,0.7,1,Cluster 1,1.0252235744307359,1,False,Normal
Kepler-968 b,Kepler-968,Transit,2016,3.692983728,2.0,0.17842805,4.66,0.0147,745.0,290.324,4598.0,0.76,0.7,1,Cluster 1,0.963386990927399,1,False,Normal
Kepler-1145 b,Kepler-1145,Transit,2016,3.97076766,1.4,0.12489963,2.54,0.008,958.0,691.961,5064.0,0.79,0.75,1,Cluster 1,0.9747265266309721,1,False,Normal
Kepler-1147 b,Kepler-1147,Transit,2016,10.62784997,2.61,0.2328486,7.32,0.023,872.0,1657.36,5941.0,1.09,1.14,1,Cluster 1,1.0302546217026873,1,False,Normal
Kepler-1029 b,Kepler-1029,Transit,2016,4.417696479,1.26,0.11240967,2.13,0.00669,790.0,366.656,5030.0,0.82,0.77,1,Cluster 1,0.9888155322847044,1,False,Normal
Kepler-996 b,Kepler-996,Transit,2016,3.770590584,1.98,0.17664377,4.58,0.0144,1272.0,1216.58,6014.0,1.09,1.14,1,Cluster 1,0.9834706058540519,1,False,Normal
Kepler-966 b,Kepler-966,Transit,2016,99.747622,4.13,0.36845392,16.0,0.0502,391.0,1027.8,5840.0,1.02,1.02,1,Cluster 1,1.0938524155841964,1,False,Normal
Kepler-1047 b,Kepler-1047,Transit,2016,56.1886887,2.09,0.18645731,5.02,0.0158,503.0,817.647,5754.0,1.08,1.13,1,Cluster 1,1.1195374556061244,1,False,Normal
Kepler-1149 b,Kepler-1149,Transit,2016,3.73089898,1.44,0.1284682,2.67,0.00839,1128.0,1217.73,5833.0,1.02,1.01,1,Cluster 1,0.9812132671732007,1,False,Normal
Kepler-1148 b,Kepler-1148,Transit,2016,1.104463509,1.69,0.1507717,3.5,0.011,1397.0,625.692,5054.0,0.81,0.77,1,Cluster 1,1.0394255942777657,1,False,Normal
Kepler-1057 b,Kepler-1057,Transit,2016,14.08827448,3.36,0.29975912,11.2,0.0354,724.0,1201.82,5987.0,1.07,1.1,1,Cluster 1,1.0554632539223001,1,False,Normal
Kepler-1059 b,Kepler-1059,Transit,2016,3.764191048,1.73,0.15434026,3.64,0.0115,908.0,713.167,4906.0,0.75,0.72,1,Cluster 1,1.0111326908262537,1,False,Normal
Kepler-965 b,Kepler-965,Transit,2016,134.2527298,3.38,0.3015434,11.4,0.0357,393.0,582.828,5886.0,1.05,1.15,1,Cluster 1,1.0424748506561867,1,False,Normal
Kepler-999 b,Kepler-999,Transit,2016,5.991857017,2.34,0.20876082,6.08,0.0191,1355.0,545.063,6237.0,1.29,1.65,1,Cluster 1,1.061712926657139,1,False,Normal
Kepler-1112 b,Kepler-1112,Transit,2016,14.36267939,3.02,0.26942635,9.38,0.0295,918.0,1671.28,6496.0,1.34,1.54,1,Cluster 1,1.1557198285108583,1,False,Normal
Kepler-952 b,Kepler-952,Transit,2016,130.3546919,7.65,0.68248729,45.4,0.143,369.0,1304.25,5730.0,1.0,0.99,0,Cluster 0,0.9885387890761835,1,False,Normal
Kepler-479 b,Kepler-479,Transit,2016,12.49341307,2.12,0.18913373,5.14,0.0162,649.0,344.901,5247.0,0.86,0.81,1,Cluster 1,0.9624045755251187,1,False,Normal
Kepler-934 b,Kepler-934,Transit,2016,55.6738309,2.09,0.18645731,5.02,0.0158,384.0,608.738,5001.0,0.81,0.77,1,Cluster 1,0.9814225714100179,1,False,Normal
Kepler-977 b,Kepler-977,Transit,2016,26.85328322,2.62,0.23374074,7.37,0.0232,544.0,568.751,5315.0,0.87,0.83,1,Cluster 1,0.9872055393406377,1,False,Normal
Kepler-1021 b,Kepler-1021,Transit,2016,13.47469571,2.33,0.20786868,6.04,0.019,634.0,810.082,5431.0,0.89,0.86,1,Cluster 1,0.9897960327526663,1,False,Normal
Kepler-979 b,Kepler-979,Transit,2016,8.0880135,2.72,0.24266215,7.85,0.0247,792.0,576.503,5310.0,0.87,0.83,1,Cluster 1,0.9820510958945018,1,False,Normal
Kepler-982 b,Kepler-982,Transit,2016,15.7738221,2.25,0.20073156,5.69,0.0179,955.0,801.479,6139.0,1.16,1.29,1,Cluster 1,0.9798757549113883,1,False,Normal
Kepler-936 b,Kepler-936,Transit,2016,10.56134221,1.45,0.12936034,2.7,0.00849,867.0,823.399,5482.0,0.92,0.89,1,Cluster 1,1.0242572707084872,1,False,Normal
Kepler-938 b,Kepler-938,Transit,2016,52.6298417,2.22,0.19805513,5.56,0.0175,544.0,1182.05,5533.0,0.92,0.89,1,Cluster 1,0.9799139791806158,1,False,Normal
Kepler-1006 b,Kepler-1006,Transit,2016,19.76172042,1.54,0.1373896,2.99,0.0094,791.0,1081.738,5328.0,0.78,0.74,1,Cluster 1,1.1325488639119334,1,False,Normal
Kepler-1009 b,Kepler-1009,Transit,2016,11.35011917,2.17,0.19359443,5.35,0.0168,403.0,355.019,4027.0,0.59,0.57,1,Cluster 1,0.9817020392190201,1,False,Normal
Kepler-976 b,Kepler-976,Transit,2016,105.9564148,3.96,0.35328754,14.9,0.0467,324.0,1012.41,5232.0,0.87,0.83,1,Cluster 1,1.0482176029363792,1,False,Normal
Kepler-1052 b,Kepler-1052,Transit,2016,34.8538276,2.93,0.26139709,8.91,0.028,522.0,943.444,5888.0,1.03,1.03,1,Cluster 1,0.9731792592971464,1,False,Normal
Kepler-1120 b,Kepler-1120,Transit,2016,2.949029052,1.38,0.12311535,2.48,0.0078,1027.0,615.231,4904.0,0.78,0.74,1,Cluster 1,1.0172247930552651,1,False,Normal
Kepler-1123 b,Kepler-1123,Transit,2016,4.33946454,1.67,0.14898742,3.43,0.0108,1061.0,704.323,5500.0,0.93,0.9,1,Cluster 1,0.9764912693507062,1,False,Normal
Kepler-940 b,Kepler-940,Transit,2016,59.6225257,3.34,0.29797484,11.1,0.035,486.0,1260.78,5769.0,0.97,0.96,1,Cluster 1,1.0082350957871022,1,False,Normal
Kepler-1035 b,Kepler-1035,Transit,2016,2.714077555,1.17,0.10438041,1.71,0.00537,1301.0,562.116,5763.0,0.98,0.97,1,Cluster 1,1.0008339053994466,1,False,Normal
Kepler-1027 b,Kepler-1027,Transit,2016,1.907805199,0.89,0.07940048,0.64,0.00201,1268.0,405.104,5436.0,0.91,0.82,1,Cluster 1,1.0340653256891579,1,False,Normal
Kepler-986 b,Kepler-986,Transit,2016,56.4349938,2.36,0.2105451,6.17,0.0194,465.0,548.364,5642.0,0.96,0.98,1,Cluster 1,0.9886737828027113,1,False,Normal
Kepler-1011 b,Kepler-1011,Transit,2016,5.753221974,2.87,0.25604425,8.6,0.0271,920.0,736.779,5416.0,0.91,0.88,1,Cluster 1,1.0107308572884237,1,False,Normal
Kepler-1068 b,Kepler-1068,Transit,2016,16.92344113,3.63,0.32384691,12.8,0.0403,702.0,1473.61,5806.0,1.01,1.01,1,Cluster 1,1.0486515118409263,1,False,Normal
Kepler-917 b,Kepler-917,Transit,2016,2.970414375,1.91,0.17039879,4.31,0.0136,991.0,3460.51,5418.0,0.8,0.76,1,Cluster 1,1.1388111359273891,1,False,Normal
Kepler-918 b,Kepler-918,Transit,2016,4.85386933,1.74,0.1552324,3.68,0.0116,1052.0,1025.03,6028.0,1.11,1.14,1,Cluster 1,1.027535668768757,1,False,Normal
Kepler-978 b,Kepler-978,Transit,2016,49.6221509,2.99,0.26674993,9.22,0.029,546.0,682.522,6002.0,1.07,1.09,1,Cluster 1,0.9934739461501252,1,False,Normal
Kepler-1002 b,Kepler-1002,Transit,2016,4.336429331,1.71,0.15255598,3.57,0.0112,1453.0,408.303,6144.0,1.22,1.57,1,Cluster 1,1.0553728020102033,1,False,Normal
Kepler-493 b,Kepler-493,Transit,2016,3.003876581,15.13,1.34980819,,,1438.0,1745.77,6457.0,1.36,1.54,0,Cluster 0,1.0568752625471003,1,False,Normal
Kepler-1128 b,Kepler-1128,Transit,2016,61.6178167,3.65,0.32563119,12.9,0.0407,424.0,1083.41,5543.0,0.94,0.91,1,Cluster 1,1.0384252573160846,1,False,Normal
Kepler-920 b,Kepler-920,Transit,2016,6.53192704,2.42,0.21589794,6.44,0.0203,907.0,1001.68,5403.0,0.89,0.85,1,Cluster 1,0.9964157282185239,1,False,Normal
Kepler-919 b,Kepler-919,Transit,2016,11.04603384,2.25,0.20073156,5.69,0.0179,869.0,1119.87,6113.0,1.15,1.21,1,Cluster 1,1.015426383408608,1,False,Normal
Kepler-921 b,Kepler-921,Transit,2016,51.300634,2.87,0.25604425,8.6,0.0271,492.0,934.49,5663.0,0.93,0.91,1,Cluster 1,0.9599768950584069,1,False,Normal
Kepler-1015 b,Kepler-1015,Transit,2016,16.00494214,3.55,0.31670979,12.3,0.0388,1040.0,739.357,6769.0,1.49,1.81,1,Cluster 1,1.2276690767412495,1,False,Normal
Kepler-1005 b,Kepler-1005,Transit,2016,6.49801525,1.5,0.13382104,2.86,0.00899,1026.0,567.806,5782.0,1.0,1.06,1,Cluster 1,0.9801772393429825,1,False,Normal
Kepler-972 b,Kepler-972,Transit,2016,7.03932553,4.65,0.41484521,19.5,0.0614,1060.0,1198.03,6146.0,1.15,1.22,1,Cluster 1,1.2272644441236795,1,False,Normal
Kepler-1130 b,Kepler-1130,Transit,2016,5.45298175,0.8,0.07137122,0.437,0.00137,904.0,249.343,5403.0,0.9,0.81,1,Cluster 1,1.0404000221338365,1,False,Normal
Kepler-1131 b,Kepler-1131,Transit,2016,3.53232449,1.59,0.1418503,3.15,0.00993,1159.0,1030.7,5851.0,1.03,1.04,1,Cluster 1,0.9841225833164039,1,False,Normal
Kepler-1025 b,Kepler-1025,Transit,2016,37.3229493,1.98,0.17664377,4.58,0.0144,1654.0,803.776,6089.0,1.09,1.13,1,Cluster 1,0.9983817014188728,1,False,Normal
Kepler-497 b,Kepler-497,Transit,2016,3.573203671,6.04,0.53885271,30.4,0.0957,1210.0,1291.98,5834.0,1.09,1.11,1,Cluster 1,1.1490130567635488,1,False,Normal
Kepler-994 b,Kepler-994,Transit,2016,1.151166506,1.6,0.14274244,3.19,0.01,957.0,188.158,3934.0,0.56,0.54,1,Cluster 1,1.0997329962132176,1,False,Normal
Kepler-1132 b,Kepler-1132,Transit,2016,62.8916228,2.35,0.20965296,6.12,0.0193,384.0,867.931,5298.0,0.87,0.83,1,Cluster 1,1.0173870165226977,1,False,Normal
Kepler-1069 b,Kepler-1069,Transit,2016,23.8990296,1.6,0.14274244,3.19,0.01,823.0,695.967,5722.0,0.99,0.98,1,Cluster 1,0.9861964721998906,1,False,Normal
Kepler-1034 b,Kepler-1034,Transit,2016,12.12400943,2.26,0.2016237,5.73,0.018,675.0,654.549,5198.0,0.83,0.8,1,Cluster 1,0.9758482090024584,1,False,Normal
Kepler-944 b,Kepler-944,Transit,2016,43.3167737,2.63,0.23463288,7.41,0.0233,459.0,1349.43,5409.0,0.86,0.83,1,Cluster 1,1.0029502900512632,1,False,Normal
Kepler-942 b,Kepler-942,Transit,2016,44.96417488,2.13,0.19002587,5.18,0.0163,379.0,216.354,4861.0,0.81,0.75,1,Cluster 1,0.9717834945349093,1,False,Normal
Kepler-946 b,Kepler-946,Transit,2016,11.79162572,1.93,0.17218307,4.38,0.0138,857.0,1137.29,5665.0,0.94,0.93,1,Cluster 1,0.9854526702849593,1,False,Normal
Kepler-992 b,Kepler-992,Transit,2016,20.16034462,1.62,0.14452672,3.26,0.0102,510.0,259.639,4944.0,0.8,0.74,1,Cluster 1,1.0523003609897583,1,False,Normal
Kepler-1134 b,Kepler-1134,Transit,2016,17.13263989,2.64,0.23552502,7.46,0.0235,611.0,944.445,5281.0,0.84,0.81,1,Cluster 1,0.973421035828202,1,False,Normal
Kepler-1135 b,Kepler-1135,Transit,2016,76.957857,1.85,0.16504595,4.08,0.0128,451.0,1314.64,5656.0,0.96,0.94,1,Cluster 1,1.0491871280352736,1,False,Normal
Kepler-951 b,Kepler-951,Transit,2016,71.52530845,5.59,0.4987064,26.7,0.0839,340.0,382.509,4834.0,0.77,0.73,1,Cluster 1,1.3086477877435996,1,False,Normal
Kepler-967 b,Kepler-967,Transit,2016,13.22713379,2.35,0.20965296,6.12,0.0193,638.0,568.546,5178.0,0.84,0.8,1,Cluster 1,0.9641030231592467,1,False,Normal
Kepler-1013 b,Kepler-1013,Transit,2016,18.93054959,2.15,0.19181015,5.27,0.0166,766.0,422.246,4954.0,0.81,0.76,1,Cluster 1,0.9915729855468314,1,False,Normal
Kepler-1233 b,Kepler-1233,Transit,2016,45.1263042,2.6,0.23195646,7.27,0.0229,604.0,1178.7,6198.0,1.16,1.25,1,Cluster 1,0.9856399587758853,1,False,Normal
Kepler-1234 b,Kepler-1234,Transit,2016,11.94014029,2.81,0.25069141,8.3,0.0261,625.0,916.749,4967.0,0.8,0.76,1,Cluster 1,1.0443749759649341,1,False,Normal
Kepler-523 b,Kepler-523,Transit,2016,5.835983111,1.96,0.17485949,4.5,0.0142,884.0,253.295,5515.0,0.93,0.86,1,Cluster 1,1.0251431646547906,1,False,Normal
Kepler-1180 b,Kepler-1180,Transit,2016,16.8601286,1.99,0.17753591,4.62,0.0145,765.0,1596.8,6077.0,1.09,1.14,1,Cluster 1,0.9869516296525804,1,False,Normal
Kepler-1181 b,Kepler-1181,Transit,2016,4.89337519,1.57,0.14006602,3.09,0.00972,1374.0,938.417,6176.0,1.17,1.3,1,Cluster 1,1.02523931964533,1,False,Normal
Kepler-1189 b,Kepler-1189,Transit,2016,3.78858982,1.77,0.15790882,3.78,0.0119,1158.0,782.852,6012.0,1.11,1.16,1,Cluster 1,1.0032071468476926,1,False,Normal
Kepler-1236 b,Kepler-1236,Transit,2016,31.0571618,2.14,0.19091801,5.22,0.0164,480.0,999.64,5337.0,0.86,0.82,1,Cluster 1,0.9825683252177739,1,False,Normal
Kepler-1235 b,Kepler-1235,Transit,2016,4.16055856,0.79,0.07047908,0.418,0.00131,985.0,540.604,5541.0,0.93,0.9,1,Cluster 1,1.00640260713142,1,False,Normal
Kepler-518 b,Kepler-518,Transit,2016,8.512035877,2.11,0.18824159,5.1,0.016,839.0,337.901,5842.0,0.96,0.88,1,Cluster 1,0.9797102257872424,1,False,Normal
Kepler-1276 b,Kepler-1276,Transit,2016,12.5720095,1.19,0.10616469,1.81,0.0057,886.0,538.481,6188.0,1.14,1.21,1,Cluster 1,1.028221578297327,1,False,Normal
Kepler-1277 b,Kepler-1277,Transit,2016,40.8365012,1.6,0.14274244,3.19,0.01,496.0,557.193,5578.0,0.94,0.92,1,Cluster 1,1.1014692076322132,1,False,Normal
Kepler-1182 b,Kepler-1182,Transit,2016,11.17394617,2.41,0.2150058,6.39,0.0201,796.0,1545.39,5924.0,1.04,1.05,1,Cluster 1,0.9836527566771197,1,False,Normal
Kepler-549 b,Kepler-549,Transit,2016,42.9495649,2.57,0.22928004,11.0,0.0346097,487.0,635.145,5360.0,0.88,0.84,1,Cluster 1,1.1244690127295784,1,False,Normal
Kepler-1237 b,Kepler-1237,Transit,2016,84.5733226,2.86,0.25515211,8.55,0.0269,366.0,1064.31,5472.0,0.94,0.9,1,Cluster 1,0.9976597530966889,1,False,Normal
Kepler-1279 b,Kepler-1279,Transit,2016,23.4774101,1.75,0.15612454,3.71,0.0117,738.0,1494.22,6221.0,1.21,1.33,1,Cluster 1,1.0248576328752577,1,False,Normal
Kepler-1280 b,Kepler-1280,Transit,2016,66.5579057,1.87,0.16683023,4.16,0.0131,757.0,1486.7,6227.0,1.2,1.32,1,Cluster 1,1.0116508106399429,1,False,Normal
Kepler-1076 b,Kepler-1076,Transit,2016,6.14727918,0.8,0.07137122,0.437,0.00137,770.0,199.0,4868.0,0.79,0.74,1,Cluster 1,1.0114923754141694,1,False,Normal
Kepler-1077 b,Kepler-1077,Transit,2016,34.3511874,2.77,0.24712285,8.1,0.0255,576.0,1101.42,5816.0,1.02,1.02,1,Cluster 1,0.973723175907325,1,False,Normal
Kepler-1193 b,Kepler-1193,Transit,2016,2.832652134,1.32,0.11776251,2.3,0.00724,1453.0,802.116,5908.0,1.08,1.21,1,Cluster 1,1.0033466852467907,1,False,Normal
Kepler-1194 b,Kepler-1194,Transit,2016,16.22371307,1.51,0.13471318,2.89,0.00909,676.0,757.382,5590.0,0.94,0.92,1,Cluster 1,1.0565793028595862,1,False,Normal
Kepler-1238 b,Kepler-1238,Transit,2016,4.14787559,1.93,0.17218307,4.38,0.0138,1389.0,1632.13,6386.0,1.3,1.48,1,Cluster 1,1.0845092099769233,1,False,Normal
Kepler-1282 b,Kepler-1282,Transit,2016,2.131946513,1.55,0.13828174,3.02,0.00951,1418.0,1103.29,5504.0,0.92,0.89,1,Cluster 1,1.0339450031787558,1,False,Normal
Kepler-1078 b,Kepler-1078,Transit,2016,3.00725242,1.9,0.16950665,4.27,0.0134,1122.0,2481.71,5612.0,0.94,0.92,1,Cluster 1,0.9943783581968256,1,False,Normal
Kepler-1079 b,Kepler-1079,Transit,2016,13.24503188,1.63,0.14541886,3.29,0.0104,887.0,591.098,5758.0,1.08,1.36,1,Cluster 1,1.1012626846095104,1,False,Normal
Kepler-1242 b,Kepler-1242,Transit,2016,13.62798432,2.26,0.2016237,5.73,0.018,639.0,687.615,4895.0,0.77,0.74,1,Cluster 1,0.993697422275648,1,False,Normal
Kepler-1243 b,Kepler-1243,Transit,2016,16.8320729,1.75,0.15612454,3.71,0.0117,690.0,758.17,5667.0,0.96,0.94,1,Cluster 1,1.0291940351985356,1,False,Normal
Kepler-1081 b,Kepler-1081,Transit,2016,3.856918547,1.01,0.09010616,1.01,0.00317,972.0,420.215,5345.0,0.88,0.84,1,Cluster 1,0.9876096904546025,1,False,Normal
Kepler-1199 b,Kepler-1199,Transit,2016,15.0447198,1.15,0.10259613,1.6,0.00505,931.0,563.493,5889.0,0.94,1.17,1,Cluster 1,1.1046205319335813,1,False,Normal
Kepler-1202 b,Kepler-1202,Transit,2016,28.6851324,2.94,0.26228923,8.96,0.0282,547.0,1175.38,5834.0,1.03,1.04,1,Cluster 1,0.9776539569164363,1,False,Normal
Kepler-519 b,Kepler-519,Transit,2016,24.3078946,2.1,0.18734945,5.06,0.0159,532.0,246.61,5260.0,0.89,0.8,1,Cluster 1,0.988673823455478,1,False,Normal
Kepler-1284 b,Kepler-1284,Transit,2016,0.664073806,1.21,0.10794897,1.92,0.00606,1703.0,882.324,5123.0,0.84,0.79,1,Cluster 1,0.9893550252723857,1,False,Normal
Kepler-1083 b,Kepler-1083,Transit,2016,33.4177993,3.36,0.29975912,11.2,0.0354,448.0,902.633,5049.0,0.81,0.77,1,Cluster 1,1.0243162988245493,1,False,Normal
Kepler-1203 b,Kepler-1203,Transit,2016,0.588000765,1.06,0.09456687,1.2,0.00377,1188.0,317.022,4105.0,0.64,0.61,1,Cluster 1,1.1013206184433737,1,False,Normal
Kepler-1204 b,Kepler-1204,Transit,2016,85.7350285,3.05,0.27210277,9.53,0.03,448.0,1175.22,5825.0,1.03,1.03,1,Cluster 1,1.0325305456827465,1,False,Normal
Kepler-1246 b,Kepler-1246,Transit,2016,11.32271513,1.36,0.12133107,2.42,0.00761,554.0,436.505,4611.0,0.73,0.69,1,Cluster 1,1.0465851559313784,1,False,Normal
Kepler-1289 b,Kepler-1289,Transit,2016,7.99019627,1.52,0.13560532,2.92,0.0092,1113.0,1053.57,6080.0,1.1,1.17,1,Cluster 1,1.0190864608513008,1,False,Normal
Kepler-1087 b,Kepler-1087,Transit,2016,0.693842855,0.61,0.05442055,0.165,0.00052,2161.0,362.623,5589.0,0.96,0.94,1,Cluster 1,1.0220228140206038,1,False,Normal
Kepler-1086 b,Kepler-1086,Transit,2016,18.78425728,2.44,0.21768222,6.53,0.0205,433.0,466.084,4350.0,0.7,0.66,1,Cluster 1,0.9827452814531246,1,False,Normal
Kepler-1088 b,Kepler-1088,Transit,2016,23.12748644,1.42,0.12668391,2.6,0.00819,667.0,280.629,5975.0,1.08,1.08,1,Cluster 1,1.077375133796711,1,False,Normal
Kepler-1206 b,Kepler-1206,Transit,2016,1.216997663,1.64,0.146311,3.33,0.0105,1314.0,762.019,4877.0,0.8,0.75,1,Cluster 1,1.0311497631535813,1,False,Normal
Kepler-1205 b,Kepler-1205,Transit,2016,1.078390352,1.41,0.12579177,2.57,0.00809,1667.0,698.485,5226.0,0.84,0.81,1,Cluster 1,1.0121056286267198,1,False,Normal
Kepler-1249 b,Kepler-1249,Transit,2016,24.3347127,2.38,0.21232938,6.26,0.0197,647.0,1904.54,6202.0,1.19,1.28,1,Cluster 1,0.9889782195837892,1,False,Normal
Kepler-1250 b,Kepler-1250,Transit,2016,2.607543834,1.92,0.17129093,4.35,0.0137,1431.0,2126.85,5717.0,0.99,0.98,1,Cluster 1,1.00004928563347,1,False,Normal
Kepler-1293 b,Kepler-1293,Transit,2016,5.57654784,0.97,0.0865376,0.871,0.00274,1183.0,1028.16,6241.0,1.18,1.28,1,Cluster 1,1.0104166128812602,1,False,Normal
Kepler-513 b,Kepler-513,Transit,2016,28.86235584,2.2,0.19627085,5.48,0.0172,623.0,468.258,5849.0,1.02,1.06,1,Cluster 1,0.989990445738243,1,False,Normal
Kepler-1092 b,Kepler-1092,Transit,2016,58.6017925,2.07,0.18467303,4.94,0.0155,508.0,981.233,5862.0,0.99,1.0,1,Cluster 1,1.0308855590420385,1,False,Normal
Kepler-1209 b,Kepler-1209,Transit,2016,25.369116,1.51,0.13471318,2.89,0.00909,755.0,505.531,6210.0,1.23,1.38,1,Cluster 1,1.100407206843172,1,False,Normal
Kepler-1252 b,Kepler-1252,Transit,2016,15.0540329,1.67,0.14898742,3.43,0.0108,665.0,648.979,5949.0,1.06,1.09,1,Cluster 1,1.0362199586768406,1,False,Normal
Kepler-1253 b,Kepler-1253,Transit,2016,68.8861915,1.33,0.11865465,2.33,0.00733,501.0,514.524,5850.0,0.97,1.1,1,Cluster 1,1.1508565734582352,1,False,Normal
Kepler-1156 b,Kepler-1156,Transit,2016,11.89520511,1.32,0.11776251,2.3,0.00724,787.0,691.331,5778.0,1.0,1.0,1,Cluster 1,1.026150253423916,1,False,Normal
Kepler-1155 b,Kepler-1155,Transit,2016,33.469743,2.03,0.18110447,4.78,0.015,609.0,1128.72,5842.0,1.03,1.03,1,Cluster 1,0.9880853975535799,1,False,Normal
Kepler-1093 b,Kepler-1093,Transit,2016,25.0824626,1.95,0.17396735,4.46,0.014,776.0,1072.88,6166.0,1.13,1.2,1,Cluster 1,0.9673401462097546,1,False,Normal
Kepler-1094 b,Kepler-1094,Transit,2016,78.1000231,3.18,0.2837006,10.2,0.0322,480.0,1291.01,6112.0,1.14,1.21,1,Cluster 1,1.0319504977329381,1,False,Normal
Kepler-1213 b,Kepler-1213,Transit,2016,5.34982412,1.19,0.10616469,1.81,0.0057,1156.0,807.812,6050.0,1.14,1.21,1,Cluster 1,1.0155260914458784,1,False,Normal
Kepler-1255 b,Kepler-1255,Transit,2016,36.2919336,2.32,0.20697654,5.99,0.0189,694.0,1617.07,6018.0,1.08,1.12,1,Cluster 1,1.0050056239764122,1,False,Normal
Kepler-1256 b,Kepler-1256,Transit,2016,12.4127754,1.49,0.1329289,2.83,0.00889,933.0,891.192,6129.0,1.17,1.36,1,Cluster 1,0.9988800048146758,1,False,Normal
Kepler-1160 b,Kepler-1160,Transit,2016,7.97034958,2.14,0.19091801,5.22,0.0164,839.0,1077.63,5519.0,0.92,0.89,1,Cluster 1,1.0017295444395269,1,False,Normal
Kepler-1158 b,Kepler-1158,Transit,2016,13.5396293,2.34,0.20876082,6.08,0.0191,1079.0,1484.25,6203.0,1.41,1.95,1,Cluster 1,1.2283608778269985,1,False,Normal
Kepler-1097 b,Kepler-1097,Transit,2016,187.747029,3.26,0.29083772,10.7,0.0336,267.0,719.802,5211.0,0.82,0.79,1,Cluster 1,1.0122852732217429,1,False,Normal
Kepler-1095 b,Kepler-1095,Transit,2016,4.27103091,1.21,0.10794897,1.92,0.00606,1108.0,792.522,5658.0,0.94,0.92,1,Cluster 1,0.9979355722509456,1,False,Normal
Kepler-1217 b,Kepler-1217,Transit,2016,2.032325072,1.99,0.17753591,4.62,0.0145,1542.0,1347.71,5905.0,1.06,1.08,1,Cluster 1,0.9837793859151329,1,False,Normal
Kepler-1216 b,Kepler-1216,Transit,2016,4.37034536,1.39,0.12400749,2.51,0.0079,1191.0,1258.36,5743.0,0.99,0.98,1,Cluster 1,0.9773971287870111,1,False,Normal
Kepler-1257 b,Kepler-1257,Transit,2016,2.668313762,1.52,0.13560532,2.92,0.0092,1252.0,1105.95,5502.0,0.9,0.87,1,Cluster 1,1.0083885134797756,1,False,Normal
Kepler-1260 b,Kepler-1260,Transit,2016,19.1187753,1.77,0.15790882,3.78,0.0119,823.0,1734.43,5961.0,1.06,1.08,1,Cluster 1,0.987358384640363,1,False,Normal
Kepler-1163 b,Kepler-1163,Transit,2016,6.11786898,1.03,0.09189045,1.08,0.0034,1211.0,478.647,6302.0,1.22,1.35,1,Cluster 1,1.0285619578284022,1,False,Normal
Kepler-1100 b,Kepler-1100,Transit,2016,6.42200058,1.75,0.15612454,3.71,0.0117,1000.0,693.618,6247.0,1.21,1.34,1,Cluster 1,0.9882844548110535,1,False,Normal
Kepler-1098 b,Kepler-1098,Transit,2016,2.543072855,1.3,0.11597823,2.24,0.00705,1319.0,1049.19,5794.0,0.99,0.99,1,Cluster 1,1.001824428434531,1,False,Normal
Kepler-1261 b,Kepler-1261,Transit,2016,48.4308991,2.26,0.2016237,5.73,0.018,396.0,744.294,5006.0,0.82,0.77,1,Cluster 1,0.9936887730301374,1,False,Normal
Kepler-1166 b,Kepler-1166,Transit,2016,33.2406882,1.69,0.1507717,3.5,0.011,486.0,634.906,5446.0,0.9,0.86,1,Cluster 1,1.0569420218109349,1,False,Normal
Kepler-1167 b,Kepler-1167,Transit,2016,1.003933739,1.71,0.15255598,3.57,0.0112,1419.0,820.905,4971.0,0.79,0.75,1,Cluster 1,1.018384146329774,1,False,Normal
Kepler-1103 b,Kepler-1103,Transit,2016,19.79191978,2.27,0.20251584,5.77,0.0182,736.0,1331.92,6092.0,1.11,1.15,1,Cluster 1,0.9887206307002755,1,False,Normal
Kepler-1221 b,Kepler-1221,Transit,2016,12.00096042,1.88,0.16772237,4.19,0.0132,632.0,913.65,5194.0,0.87,0.82,1,Cluster 1,1.0056906906704897,1,False,Normal
Kepler-522 b,Kepler-522,Transit,2016,38.58422849,6.91,0.61646891,38.2,0.12,761.0,639.239,6392.0,1.54,1.98,1,Cluster 1,1.3981448662754539,1,False,Normal
Kepler-1264 b,Kepler-1264,Transit,2016,0.968526023,1.18,0.10527255,1.76,0.00553,1677.0,801.993,5791.0,0.99,0.98,1,Cluster 1,0.9917139562070034,1,False,Normal
Kepler-1169 b,Kepler-1169,Transit,2016,6.11009134,0.94,0.08386118,0.779,0.00245,1125.0,522.823,6191.0,1.24,1.23,1,Cluster 1,1.0226114238093,1,False,Normal
Kepler-1168 b,Kepler-1168,Transit,2016,55.8226539,2.5,0.22303506,6.8,0.0214,379.0,752.666,5157.0,0.87,0.82,1,Cluster 1,1.0234537930089438,1,False,Normal
Kepler-1106 b,Kepler-1106,Transit,2016,1.252752174,1.65,0.14720314,3.36,0.0106,2199.0,1090.7,6104.0,1.11,1.17,1,Cluster 1,1.0662726504431985,1,False,Normal
Kepler-1226 b,Kepler-1226,Transit,2016,17.2923453,1.45,0.12936034,2.7,0.00849,809.0,1125.72,5923.0,1.02,1.02,1,Cluster 1,1.040106669764942,1,False,Normal
Kepler-1266 b,Kepler-1266,Transit,2016,28.474748,2.58,0.23017218,7.18,0.0226,489.0,849.312,5044.0,0.8,0.76,1,Cluster 1,0.9803662172172556,1,False,Normal
Kepler-1268 b,Kepler-1268,Transit,2016,40.9903986,2.03,0.18110447,4.78,0.015,627.0,1840.77,5904.0,1.06,1.09,1,Cluster 1,0.9973682162532562,1,False,Normal
Kepler-1171 b,Kepler-1171,Transit,2016,1.44259224,2.56,0.2283879,7.08,0.0223,2700.0,573.0,7044.0,1.58,1.95,1,Cluster 1,2.3220749718587452,-1,True,Potential Outlier
Kepler-1172 b,Kepler-1172,Transit,2016,26.0204423,3.2,0.28548488,10.3,0.0325,675.0,1306.53,5558.0,0.92,0.89,1,Cluster 1,1.0205460178299284,1,False,Normal
Kepler-1109 b,Kepler-1109,Transit,2016,37.6467384,2.19,0.19537871,5.43,0.0171,787.0,685.087,5893.0,1.05,1.06,1,Cluster 1,0.9634042753013338,1,False,Normal
Kepler-1110 b,Kepler-1110,Transit,2016,9.69312032,2.66,0.23730931,7.56,0.0238,609.0,726.828,4781.0,0.73,0.7,1,Cluster 1,1.0114664456264526,1,False,Normal
Kepler-1229 b,Kepler-1229,Transit,2016,86.828989,1.4,0.12489963,2.54,0.008,212.0,265.482,3784.0,0.54,0.51,1,Cluster 1,1.172369699366632,1,False,Normal
Kepler-436 c,Kepler-436,Transit,2016,16.79713874,2.33,0.20786868,6.04,0.019,503.0,588.867,4685.0,0.75,0.71,1,Cluster 1,1.0209027693540162,1,False,Normal
Kepler-1270 b,Kepler-1270,Transit,2016,6.03356196,3.32,0.29619056,11.0,0.0346,1598.0,1095.05,5047.0,1.28,3.38,1,Cluster 1,1.851706429291078,-1,True,Potential Outlier
Kepler-804 c,Kepler-804,Transit,2016,9.65185017,1.14,0.10170399,1.55,0.00489,890.0,649.65,5817.0,1.01,1.05,1,Cluster 1,1.028791749000457,1,False,Normal
Kepler-1230 b,Kepler-1230,Transit,2016,9.95661537,2.71,0.24177001,7.8,0.0245,946.0,1364.22,5961.0,1.06,1.08,1,Cluster 1,0.9992820984999302,1,False,Normal
Kepler-1271 b,Kepler-1271,Transit,2016,3.0255955,1.48,0.13203676,2.79,0.00879,1484.0,831.991,6143.0,1.13,1.23,1,Cluster 1,1.0245795962534876,1,False,Normal
Kepler-1273 b,Kepler-1273,Transit,2016,28.625653,2.49,0.22214292,6.76,0.0213,573.0,1114.24,5566.0,0.94,0.91,1,Cluster 1,0.9774817561679845,1,False,Normal
Kepler-1177 b,Kepler-1177,Transit,2016,106.247547,1.9,0.16950665,4.27,0.0134,377.0,1299.97,5712.0,0.98,0.97,1,Cluster 1,1.0945808657084566,1,False,Normal
Kepler-1179 b,Kepler-1179,Transit,2016,2.685057492,1.32,0.11776251,2.3,0.00724,1137.0,415.205,5212.0,0.84,0.81,1,Cluster 1,1.000248955691453,1,False,Normal
Kepler-1152 b,Kepler-1152,Transit,2016,1.646801908,0.87,0.0776162,0.59,0.00186,806.0,215.233,3964.0,0.55,0.53,1,Cluster 1,1.0059380879940376,1,False,Normal
Kepler-1186 b,Kepler-1186,Transit,2016,16.07677615,2.23,0.19894727,5.6,0.0176,724.0,1337.25,5635.0,0.95,0.93,1,Cluster 1,0.9777645308258276,1,False,Normal
Kepler-535 b,Kepler-535,Transit,2016,4.903321551,2.36,0.2105451,6.17,0.0194,1247.0,685.599,6123.0,1.18,1.27,1,Cluster 1,1.0137044021346506,1,False,Normal
Kepler-1411 b,Kepler-1411,Transit,2016,86.1150888,2.82,0.25158355,8.35,0.0263,441.0,1660.48,5664.0,0.95,0.92,1,Cluster 1,0.9854576886857549,1,False,Normal
Kepler-1413 b,Kepler-1413,Transit,2016,13.1829642,1.82,0.16236952,3.97,0.0125,661.0,1167.49,5196.0,0.84,0.8,1,Cluster 1,1.0184077672515213,1,False,Normal
Kepler-1317 b,Kepler-1317,Transit,2016,0.568874427,1.56,0.13917388,3.05,0.00961,1796.0,728.303,5144.0,0.83,0.79,1,Cluster 1,0.9936061455687071,1,False,Normal
Kepler-1318 b,Kepler-1318,Transit,2016,213.257663,3.11,0.27745562,9.85,0.031,202.0,475.248,4598.0,0.73,0.7,1,Cluster 1,1.160188630508751,1,False,Normal
Kepler-1362 b,Kepler-1362,Transit,2016,136.205626,2.6,0.23195646,7.27,0.0229,248.0,731.298,4857.0,0.8,0.74,1,Cluster 1,1.0583652579278904,1,False,Normal
Kepler-536 b,Kepler-536,Transit,2016,1.827082299,3.1,0.27656348,9.8,0.0308,1877.0,462.322,5524.0,0.92,0.89,1,Cluster 1,1.222663035578969,1,False,Normal
Kepler-1415 b,Kepler-1415,Transit,2016,0.63642408,1.29,0.11508609,2.21,0.00696,1846.0,1043.56,5267.0,0.89,0.84,1,Cluster 1,0.9870209712364113,1,False,Normal
Kepler-1320 b,Kepler-1320,Transit,2016,0.868386528,1.7,0.15166384,3.53,0.0111,1389.0,647.424,4817.0,0.8,0.74,1,Cluster 1,1.0111758278612357,1,False,Normal
Kepler-1321 b,Kepler-1321,Transit,2016,11.12830484,4.92,0.438933,21.5,0.0676,408.0,769.146,4094.0,0.54,0.53,1,Cluster 1,1.35471593268142,1,False,Normal
Kepler-1366 b,Kepler-1366,Transit,2016,2.164570968,1.43,0.12757605,2.63,0.00829,783.0,465.826,4070.0,0.62,0.6,1,Cluster 1,0.9943467821536236,1,False,Normal
Kepler-903 c,Kepler-903,Transit,2016,62.9228557,2.53,0.22571148,6.94,0.0218,462.0,1369.24,5682.0,0.98,0.97,1,Cluster 1,0.9742990873540233,1,False,Normal
Kepler-758 e,Kepler-758,Transit,2016,8.1934719,1.53,0.13649746,2.96,0.0093,1144.0,1502.32,6228.0,1.16,1.42,1,Cluster 1,1.001530311539703,1,False,Normal
Kepler-1417 b,Kepler-1417,Transit,2016,20.3505213,1.0,0.08921402,0.972,0.00306,695.0,991.845,5839.0,1.02,1.02,1,Cluster 1,1.0998663383426297,1,False,Normal
Kepler-1322 b,Kepler-1322,Transit,2016,0.962867382,1.61,0.14363458,3.22,0.0101,1666.0,1350.32,5488.0,0.9,0.87,1,Cluster 1,0.9931312274088888,1,False,Normal
Kepler-525 b,Kepler-525,Transit,2016,18.68404933,2.63,0.23463288,7.41,0.0233,832.0,992.852,5573.0,0.95,1.15,1,Cluster 1,1.0281681140218661,1,False,Normal
Kepler-722 c,Kepler-722,Transit,2016,105.144749,2.82,0.25158355,8.35,0.0263,401.0,1239.5,5863.0,1.03,1.05,1,Cluster 1,1.03250829255279,1,False,Normal
Kepler-1422 b,Kepler-1422,Transit,2016,18.6051942,2.02,0.18021233,4.74,0.0149,833.0,2465.84,6194.0,1.15,1.23,1,Cluster 1,0.9758766834820015,1,False,Normal
Kepler-1327 b,Kepler-1327,Transit,2016,14.88801098,1.8,0.16058524,3.89,0.0123,831.0,678.069,5885.0,1.02,1.03,1,Cluster 1,1.004169762899809,1,False,Normal
Kepler-1368 b,Kepler-1368,Transit,2016,0.675649486,1.65,0.14720314,3.36,0.0106,2085.0,1635.82,5906.0,1.07,1.08,1,Cluster 1,1.0444946430600228,1,False,Normal
Kepler-769 c,Kepler-769,Transit,2016,15.9870174,1.79,0.1596931,3.86,0.0121,803.0,1169.57,6186.0,1.19,1.28,1,Cluster 1,1.0022665982105918,1,False,Normal
Kepler-770 c,Kepler-770,Transit,2016,1.475322314,1.2,0.10705683,1.87,0.00588,2740.0,930.457,5598.0,0.94,0.92,1,Cluster 1,1.6829267876319076,-1,True,Potential Outlier
Kepler-1430 b,Kepler-1430,Transit,2016,2.46050993,1.18,0.10527255,1.76,0.00553,969.0,875.523,4796.0,0.77,0.72,1,Cluster 1,1.0229327789702984,1,False,Normal
Kepler-1431 b,Kepler-1431,Transit,2016,5.86601526,1.47,0.13114462,2.76,0.00869,1064.0,1623.24,5806.0,1.03,1.03,1,Cluster 1,0.9859517197109462,1,False,Normal
Kepler-1328 b,Kepler-1328,Transit,2016,4.52158888,0.98,0.08742974,0.904,0.00284,1214.0,813.543,5780.0,1.0,0.99,1,Cluster 1,1.0049297591634663,1,False,Normal
Kepler-1329 b,Kepler-1329,Transit,2016,9.33646594,2.17,0.19359443,5.35,0.0168,577.0,588.037,4500.0,0.72,0.69,1,Cluster 1,0.987409421199055,1,False,Normal
Kepler-527 b,Kepler-527,Transit,2016,13.28535633,2.84,0.25336783,8.45,0.0266,1157.0,750.04,6388.0,1.28,1.45,1,Cluster 1,1.065782041209705,1,False,Normal
Kepler-1371 b,Kepler-1371,Transit,2016,3.4462039,0.73,0.06512624,0.315,0.00099,1015.0,515.334,5361.0,0.87,0.83,1,Cluster 1,1.0276563755101402,1,False,Normal
Kepler-770 d,Kepler-770,Transit,2016,4.15244722,1.4,0.12489963,2.54,0.008,1941.0,930.457,5598.0,0.94,0.92,1,Cluster 1,1.05549639685629,1,False,Normal
Kepler-896 b,Kepler-896,Transit,2016,144.547396,2.53,0.22571148,6.94,0.0218,303.0,2334.93,5262.0,0.84,0.81,1,Cluster 1,0.991883158465528,1,False,Normal
Kepler-1427 b,Kepler-1427,Transit,2016,0.968972376,1.1,0.09813543,1.37,0.0043,1844.0,1220.0,5793.0,1.01,1.01,1,Cluster 1,1.0459255731802428,1,False,Normal
Kepler-1332 b,Kepler-1332,Transit,2016,11.87456832,1.37,0.12222321,2.45,0.00771,728.0,528.685,5581.0,0.95,0.9,1,Cluster 1,0.9826812538110733,1,False,Normal
Kepler-1330 b,Kepler-1330,Transit,2016,10.10769068,1.65,0.14720314,3.36,0.0106,879.0,1720.48,5608.0,0.97,0.94,1,Cluster 1,0.9960076032824926,1,False,Normal
Kepler-1373 b,Kepler-1373,Transit,2016,1.29123275,1.16,0.10348827,1.65,0.00521,1887.0,1699.46,6299.0,1.22,1.33,1,Cluster 1,1.1061623470685114,1,False,Normal
Kepler-1374 b,Kepler-1374,Transit,2016,10.65276707,2.29,0.20430012,5.86,0.0184,737.0,1078.46,5323.0,0.85,0.81,1,Cluster 1,1.0215352421125399,1,False,Normal
Kepler-1311 c,Kepler-1311,Transit,2016,2.53573424,1.22,0.10884111,1.98,0.00624,1671.0,866.331,5748.0,1.05,1.4,1,Cluster 1,0.9778413086295392,1,False,Normal
Kepler-1428 b,Kepler-1428,Transit,2016,10.67607169,1.64,0.146311,3.33,0.0105,1049.0,1530.32,6184.0,1.28,1.36,1,Cluster 1,1.0292115774622208,1,False,Normal
Kepler-1429 b,Kepler-1429,Transit,2016,4.48487493,1.29,0.11508609,2.21,0.00696,1199.0,1214.09,5902.0,1.05,1.07,1,Cluster 1,0.9934304832466949,1,False,Normal
Kepler-1335 b,Kepler-1335,Transit,2016,6.26406846,1.45,0.12936034,2.7,0.00849,809.0,621.853,4903.0,0.77,0.74,1,Cluster 1,0.9911483401354081,1,False,Normal
Kepler-528 b,Kepler-528,Transit,2016,19.78297415,2.08,0.18556517,4.98,0.0157,708.0,784.23,5807.0,1.01,1.06,1,Cluster 1,1.003328349816203,1,False,Normal
Kepler-1321 c,Kepler-1321,Transit,2016,2.226491086,2.4,0.21411366,6.35,0.02,697.0,769.146,4094.0,0.54,0.53,1,Cluster 1,1.0383708493874175,1,False,Normal
Kepler-1433 b,Kepler-1433,Transit,2016,4.13592271,1.56,0.13917388,3.05,0.00961,1226.0,1328.0,6097.0,1.14,1.19,1,Cluster 1,0.9781691592002779,1,False,Normal
Kepler-1337 b,Kepler-1337,Transit,2016,24.4002549,2.41,0.2150058,6.39,0.0201,437.0,601.629,4523.0,0.7,0.67,1,Cluster 1,1.0050558556627274,1,False,Normal
Kepler-1339 b,Kepler-1339,Transit,2016,1.341555127,0.71,0.06334196,0.285,0.000896,1642.0,371.049,5586.0,0.94,0.93,1,Cluster 1,1.0124653979817293,1,False,Normal
Kepler-1377 b,Kepler-1377,Transit,2016,0.740928422,1.25,0.11151753,2.1,0.0066,1873.0,1146.1,5218.0,0.86,0.82,1,Cluster 1,0.9897669725723486,1,False,Normal
Kepler-1378 b,Kepler-1378,Transit,2016,11.95398936,2.2,0.19627085,5.48,0.0172,525.0,506.434,4407.0,0.7,0.67,1,Cluster 1,0.9670328024364625,1,False,Normal
Kepler-1370 c,Kepler-1370,Transit,2016,7.44142113,1.27,0.11330181,2.15,0.00678,1075.0,1004.1,6202.0,1.19,1.29,1,Cluster 1,1.0038563946073633,1,False,Normal
Kepler-1295 b,Kepler-1295,Transit,2016,3.81371974,1.55,0.13828174,3.02,0.00951,1029.0,1174.46,5486.0,0.92,0.89,1,Cluster 1,0.9817443415416646,1,False,Normal
Kepler-1296 b,Kepler-1296,Transit,2016,8.3839865,0.91,0.08118476,0.693,0.00218,1285.0,1551.54,5359.0,0.87,0.83,1,Cluster 1,1.0326262047726111,1,False,Normal
Kepler-1341 b,Kepler-1341,Transit,2016,132.9968322,2.99,0.26674993,9.22,0.029,241.0,476.957,4662.0,0.79,0.72,1,Cluster 1,1.1108489024012766,1,False,Normal
Kepler-529 b,Kepler-529,Transit,2016,1.980357663,1.86,0.16593809,4.12,0.013,1662.0,799.008,6087.0,1.07,1.14,1,Cluster 1,0.9920945068379844,1,False,Normal
Kepler-1380 b,Kepler-1380,Transit,2016,10.3108245,1.43,0.12757605,2.63,0.00829,786.0,2462.94,5570.0,0.96,0.94,1,Cluster 1,0.9785256533908637,1,False,Normal
Kepler-1391 b,Kepler-1391,Transit,2016,54.4092333,1.68,0.14987956,3.46,0.0109,513.0,1038.35,5840.0,1.03,1.1,1,Cluster 1,1.0958900692697024,1,False,Normal
Kepler-1392 b,Kepler-1392,Transit,2016,15.1410397,1.96,0.17485949,4.5,0.0142,714.0,1117.0,5479.0,0.88,0.85,1,Cluster 1,1.009099013230641,1,False,Normal
Kepler-1297 b,Kepler-1297,Transit,2016,1.68189002,0.97,0.0865376,0.871,0.00274,1790.0,1439.47,5818.0,0.99,0.99,1,Cluster 1,1.0118956947741473,1,False,Normal
Kepler-1343 b,Kepler-1343,Transit,2016,3.35183158,1.93,0.17218307,4.38,0.0138,1294.0,1756.71,5759.0,0.95,0.93,1,Cluster 1,1.0056686239455894,1,False,Normal
Kepler-1344 b,Kepler-1344,Transit,2016,4.7683049,1.84,0.1641538,4.04,0.0127,1219.0,853.959,5981.0,1.09,1.13,1,Cluster 1,0.9735008817938351,1,False,Normal
Kepler-1383 b,Kepler-1383,Transit,2016,13.9093583,1.41,0.12579177,2.57,0.00809,928.0,1027.21,6370.0,1.26,1.44,1,Cluster 1,1.1355259819163346,1,False,Normal
Kepler-1381 b,Kepler-1381,Transit,2016,25.3842686,2.25,0.20073156,5.69,0.0179,649.0,1197.04,5747.0,0.96,0.94,1,Cluster 1,0.9931019108422309,1,False,Normal
Kepler-1393 b,Kepler-1393,Transit,2016,2.44357812,0.8,0.07137122,0.437,0.00137,1249.0,544.456,5697.0,0.95,0.92,1,Cluster 1,1.0091063180819515,1,False,Normal
Kepler-1300 b,Kepler-1300,Transit,2016,22.2419092,1.37,0.12222321,2.45,0.00771,954.0,777.025,6130.0,1.29,1.79,1,Cluster 1,1.17037190337252,1,False,Normal
Kepler-616 c,Kepler-616,Transit,2016,90.4113556,3.41,0.30421982,11.5,0.0363,413.0,945.775,5753.0,0.98,0.97,1,Cluster 1,1.0096077280085614,1,False,Normal
Kepler-1347 b,Kepler-1347,Transit,2016,14.00947528,1.03,0.09189045,1.08,0.0034,617.0,321.0,5193.0,0.82,0.79,1,Cluster 1,1.042597564597834,1,False,Normal
Kepler-1345 b,Kepler-1345,Transit,2016,44.6169557,2.36,0.2105451,6.17,0.0194,693.0,1355.02,6449.0,1.32,1.55,1,Cluster 1,1.2942149761429873,1,False,Normal
Kepler-1385 b,Kepler-1385,Transit,2016,2.88879862,0.85,0.07583192,0.543,0.00171,1423.0,688.795,5732.0,1.15,1.29,1,Cluster 1,1.1602727213869,1,False,Normal
Kepler-1384 b,Kepler-1384,Transit,2016,15.36262753,1.94,0.17307521,4.42,0.0139,608.0,618.0,4919.0,0.78,0.74,1,Cluster 1,0.9841810289192854,1,False,Normal
Kepler-1397 b,Kepler-1397,Transit,2016,47.449955,1.72,0.15344812,3.61,0.0113,551.0,1198.25,6026.0,1.09,1.12,1,Cluster 1,1.097999306580606,1,False,Normal
Kepler-1398 b,Kepler-1398,Transit,2016,2.78815679,0.9,0.08029262,0.666,0.0021,1510.0,852.204,6126.0,1.13,1.18,1,Cluster 1,1.0350877021645863,1,False,Normal
Kepler-1396 b,Kepler-1396,Transit,2016,18.2206421,2.07,0.18467303,4.94,0.0155,786.0,1066.46,6195.0,1.18,1.27,1,Cluster 1,0.9865762310907991,1,False,Normal
Kepler-1302 b,Kepler-1302,Transit,2016,8.83922659,1.43,0.12757605,2.63,0.00829,778.0,634.58,5236.0,0.86,0.82,1,Cluster 1,0.9988242579281555,1,False,Normal
Kepler-1304 b,Kepler-1304,Transit,2016,16.1288853,2.29,0.20430012,5.86,0.0184,715.0,2176.08,5259.0,0.85,0.81,1,Cluster 1,1.001546450884977,1,False,Normal
Kepler-1350 b,Kepler-1350,Transit,2016,4.4968604,2.52,0.22481934,6.9,0.0217,535.0,340.691,3827.0,0.55,0.53,1,Cluster 1,0.996162990354866,1,False,Normal
Kepler-1348 b,Kepler-1348,Transit,2016,27.5722742,1.94,0.17307521,4.42,0.0139,636.0,1213.82,5911.0,1.04,1.04,1,Cluster 1,1.0018741910028628,1,False,Normal
Kepler-1387 b,Kepler-1387,Transit,2016,2.279526656,0.93,0.08296904,0.749,0.00236,1123.0,455.358,5046.0,0.82,0.77,1,Cluster 1,1.0433280042119066,1,False,Normal
Kepler-1398 c,Kepler-1398,Transit,2016,4.13827595,1.03,0.09189045,1.08,0.0034,1324.0,852.204,6126.0,1.13,1.18,1,Cluster 1,1.0122253237510983,1,False,Normal
Kepler-1400 b,Kepler-1400,Transit,2016,9.06689421,1.62,0.14452672,3.26,0.0102,725.0,752.237,5044.0,0.83,0.78,1,Cluster 1,0.9799562509763347,1,False,Normal
Kepler-1307 b,Kepler-1307,Transit,2016,18.01621096,2.47,0.22035864,6.66,0.021,768.0,1014.62,5884.0,1.06,1.08,1,Cluster 1,0.9788911670579636,1,False,Normal
Kepler-1351 b,Kepler-1351,Transit,2016,0.916140768,0.65,0.05798912,0.208,0.000653,1212.0,202.782,4439.0,0.7,0.67,1,Cluster 1,1.1781819659688655,1,False,Normal
Kepler-521 b,Kepler-521,Transit,2016,22.20813214,3.18,0.2837006,10.2,0.0322,803.0,830.638,6406.0,1.34,1.46,1,Cluster 1,1.171836161965172,1,False,Normal
Kepler-1390 b,Kepler-1390,Transit,2016,6.48021673,1.18,0.10527255,1.76,0.00553,934.0,723.431,5753.0,0.98,0.98,1,Cluster 1,1.0093955206355907,1,False,Normal
Kepler-531 b,Kepler-531,Transit,2016,29.88485741,2.78,0.24801499,8.15,0.0256,453.0,252.762,4893.0,0.78,0.75,1,Cluster 1,0.9992125451787285,1,False,Normal
Kepler-1389 b,Kepler-1389,Transit,2016,99.2530951,1.77,0.15790882,3.78,0.0119,300.0,497.093,5078.0,0.81,0.74,1,Cluster 1,1.0298020453004775,1,False,Normal
Kepler-1401 b,Kepler-1401,Transit,2016,11.20066445,1.68,0.14987956,3.46,0.0109,808.0,1425.43,5964.0,1.07,1.1,1,Cluster 1,0.9814677166661061,1,False,Normal
Kepler-1402 b,Kepler-1402,Transit,2016,2.03387914,0.76,0.06780266,0.363,0.00114,1789.0,1493.64,5416.0,0.9,0.87,1,Cluster 1,0.9966668758157178,1,False,Normal
Kepler-1308 b,Kepler-1308,Transit,2016,2.104338119,0.52,0.04639129,0.0933,0.000293,662.0,112.705,3468.0,0.35,0.34,1,Cluster 1,1.013535231641601,1,False,Normal
Kepler-1309 b,Kepler-1309,Transit,2016,28.8432647,2.37,0.21143724,6.21,0.0195,491.0,845.0,5235.0,0.85,0.8,1,Cluster 1,0.9715393127901967,1,False,Normal
Kepler-1352 b,Kepler-1352,Transit,2016,1.877882748,0.89,0.07940048,0.64,0.00201,1701.0,670.829,6118.0,1.11,1.16,1,Cluster 1,0.9966522287120416,1,False,Normal
Kepler-1353 b,Kepler-1353,Transit,2016,24.7543966,1.8,0.16058524,3.89,0.0123,491.0,593.384,4776.0,0.76,0.72,1,Cluster 1,1.0393151900812296,1,False,Normal
Kepler-532 b,Kepler-532,Transit,2016,12.92491623,2.57,0.22928004,7.13,0.0224,620.0,312.798,5192.0,0.87,0.79,1,Cluster 1,0.9738957675609404,1,False,Normal
Kepler-1403 b,Kepler-1403,Transit,2016,5.19492202,2.14,0.19091801,5.22,0.0164,1238.0,2163.9,6060.0,1.11,1.15,1,Cluster 1,0.9861514000944507,1,False,Normal
Kepler-1405 b,Kepler-1405,Transit,2016,28.2274184,3.96,0.35328754,14.9,0.0467,565.0,1530.3,5925.0,1.05,1.07,1,Cluster 1,1.1256661517978765,1,False,Normal
Kepler-1310 b,Kepler-1310,Transit,2016,0.679336272,1.44,0.1284682,2.67,0.00839,1883.0,569.185,5549.0,0.91,0.88,1,Cluster 1,1.0316148142720174,1,False,Normal
Kepler-1312 b,Kepler-1312,Transit,2016,5.448325286,2.1,0.18734945,5.06,0.0159,978.0,299.104,5719.0,0.99,0.92,1,Cluster 1,0.9932296701967012,1,False,Normal
Kepler-517 b,Kepler-517,Transit,2016,60.92832271,2.67,0.23820145,7.61,0.0239,467.0,289.907,5690.0,0.95,0.98,1,Cluster 1,0.9772051457525824,1,False,Normal
Kepler-1356 b,Kepler-1356,Transit,2016,0.634002937,1.53,0.13649746,2.96,0.0093,1714.0,845.228,5106.0,0.82,0.78,1,Cluster 1,0.9869358219348008,1,False,Normal
Kepler-1354 b,Kepler-1354,Transit,2016,76.613377,2.97,0.26496565,9.11,0.0287,466.0,1119.45,6168.0,1.16,1.24,1,Cluster 1,1.0165088830321012,1,False,Normal
Kepler-1050 c,Kepler-1050,Transit,2016,21.1284569,1.48,0.13203676,2.79,0.00879,935.0,490.488,6010.0,1.09,1.13,1,Cluster 1,0.9926282720332624,1,False,Normal
Kepler-1407 b,Kepler-1407,Transit,2016,20.0711504,2.25,0.20073156,5.69,0.0179,826.0,1396.41,6010.0,1.1,1.15,1,Cluster 1,1.0119336707672177,1,False,Normal
Kepler-1313 b,Kepler-1313,Transit,2016,3.833091178,1.76,0.15701668,3.75,0.0118,1012.0,174.234,5453.0,0.92,0.85,1,Cluster 1,0.9852676038436371,1,False,Normal
Kepler-1359 b,Kepler-1359,Transit,2016,59.4970952,2.83,0.25247569,8.4,0.0264,369.0,614.859,4709.0,0.78,0.72,1,Cluster 1,0.9902109164647962,1,False,Normal
Kepler-1360 b,Kepler-1360,Transit,2016,40.5286413,3.4,0.30332768,11.5,0.0361,933.0,1516.27,6778.0,1.51,1.83,1,Cluster 1,1.2777253173884586,1,False,Normal
Kepler-1611 b,Kepler-1611,Transit,2016,5.1762429,0.81,0.07226336,0.457,0.00144,1243.0,908.444,5605.0,0.94,0.93,1,Cluster 1,0.9945195234633214,1,False,Normal
Kepler-1463 b,Kepler-1463,Transit,2016,25.15864,1.86,0.16593809,4.12,0.013,619.0,1687.47,5679.0,0.96,0.95,1,Cluster 1,1.0205413714870375,1,False,Normal
Kepler-1543 b,Kepler-1543,Transit,2016,6.96710269,2.71,0.24177001,7.8,0.0245,1774.0,921.784,6561.0,1.39,1.65,1,Cluster 1,1.1270136399514075,1,False,Normal
Kepler-1578 b,Kepler-1578,Transit,2016,1.450886907,1.04,0.09278259,1.12,0.00352,1700.0,1064.05,5545.0,0.9,0.86,1,Cluster 1,0.9884554730152363,1,False,Normal
Kepler-626 b,Kepler-626,Transit,2016,14.48585199,2.29,0.20430012,5.86,0.0184,784.0,635.643,5813.0,1.01,1.05,1,Cluster 1,0.9773983591264466,1,False,Normal
Kepler-1465 b,Kepler-1465,Transit,2016,31.8277111,1.77,0.15790882,3.78,0.0119,668.0,359.497,4726.0,0.75,0.71,1,Cluster 1,0.9957954013428603,1,False,Normal
Kepler-1466 b,Kepler-1466,Transit,2016,31.1750448,1.55,0.13828174,3.02,0.00951,585.0,631.949,5884.0,1.01,1.02,1,Cluster 1,1.0666809880197619,1,False,Normal
Kepler-1546 b,Kepler-1546,Transit,2016,19.5974971,3.13,0.2792399,9.96,0.0313,671.0,931.956,5623.0,0.95,0.93,1,Cluster 1,1.0112653331209684,1,False,Normal
Kepler-1548 b,Kepler-1548,Transit,2016,124.828679,2.64,0.23552502,7.46,0.0235,350.0,872.279,5706.0,0.99,0.97,1,Cluster 1,1.0066441663424237,1,False,Normal
Kepler-1613 b,Kepler-1613,Transit,2016,1.5184299,2.08,0.18556517,4.98,0.0157,1926.0,1508.33,6005.0,1.08,1.12,1,Cluster 1,1.0948382302134363,1,False,Normal
Kepler-1468 c,Kepler-1468,Transit,2016,3.54553021,1.15,0.10259613,1.6,0.00505,1448.0,1899.24,5893.0,1.04,1.05,1,Cluster 1,0.9922882540169663,1,False,Normal
Kepler-1582 b,Kepler-1582,Transit,2016,4.83817712,1.49,0.1329289,2.83,0.00889,354.0,78.8906,3208.0,0.28,0.3,1,Cluster 1,0.9655997961719536,1,False,Normal
Kepler-1469 b,Kepler-1469,Transit,2016,21.8635301,2.8,0.24979927,8.25,0.0259,551.0,1159.3,5507.0,0.92,0.89,1,Cluster 1,0.9843359022330755,1,False,Normal
Kepler-633 b,Kepler-633,Transit,2016,8.50340718,1.63,0.14541886,3.29,0.0104,1021.0,680.54,5899.0,1.02,1.15,1,Cluster 1,0.9881107401038909,1,False,Normal
Kepler-1550 b,Kepler-1550,Transit,2016,225.582809,3.02,0.26942635,9.38,0.0295,348.0,1179.01,5991.0,1.07,1.11,1,Cluster 1,1.105689322501942,1,False,Normal
Kepler-1552 b,Kepler-1552,Transit,2016,184.771853,2.47,0.22035864,6.66,0.021,268.0,769.096,5202.0,0.85,0.78,1,Cluster 1,1.0074007508032852,1,False,Normal
Kepler-1584 b,Kepler-1584,Transit,2016,13.3997099,1.61,0.14363458,3.22,0.0101,886.0,1416.31,6069.0,1.1,1.13,1,Cluster 1,1.0037471705658318,1,False,Normal
Kepler-556 b,Kepler-556,Transit,2016,11.72292176,2.24,0.19983941,5.65,0.0178,766.0,674.598,5740.0,1.0,0.98,1,Cluster 1,0.973543131959454,1,False,Normal
Kepler-629 b,Kepler-629,Transit,2016,7.2385854,1.38,0.12311535,2.48,0.0078,816.0,372.05,5444.0,0.93,0.84,1,Cluster 1,1.013493589455147,1,False,Normal
Kepler-630 b,Kepler-630,Transit,2016,161.4743937,3.18,0.2837006,10.2,0.0322,343.0,839.784,5829.0,1.02,1.04,1,Cluster 1,1.0392403137464579,1,False,Normal
Kepler-1470 b,Kepler-1470,Transit,2016,16.2950903,1.07,0.09545901,1.24,0.0039,574.0,590.601,4961.0,0.8,0.76,1,Cluster 1,1.0930973315755799,1,False,Normal
Kepler-1475 b,Kepler-1475,Transit,2016,82.177374,2.92,0.26050495,8.85,0.0279,441.0,1568.38,6214.0,1.18,1.28,1,Cluster 1,1.0124857601219706,1,False,Normal
Kepler-1476 b,Kepler-1476,Transit,2016,10.35863224,1.67,0.14898742,3.43,0.0108,860.0,1002.74,5663.0,0.98,0.96,1,Cluster 1,0.982044651495011,1,False,Normal
Kepler-154 f,Kepler-154,Transit,2016,9.91935684,1.5,0.13382104,2.86,0.00899,838.0,915.212,5769.0,0.98,0.98,1,Cluster 1,1.0012314736932844,1,False,Normal
Kepler-1165 b,Kepler-1165,Transit,2016,9.478522,1.55,0.13828174,3.02,0.00951,946.0,1575.2,6080.0,1.13,1.18,1,Cluster 1,0.9870154735108517,1,False,Normal
Kepler-1587 b,Kepler-1587,Transit,2016,9.4060467,1.33,0.11865465,2.33,0.00733,981.0,1026.48,5933.0,1.08,1.22,1,Cluster 1,1.0015977287837425,1,False,Normal
Kepler-579 b,Kepler-579,Transit,2016,9.66857723,2.0,0.17842805,4.66,0.0147,730.0,530.765,5636.0,0.99,0.96,1,Cluster 1,0.9826248581545771,1,False,Normal
Kepler-1619 b,Kepler-1619,Transit,2016,23.6225913,0.76,0.06780266,0.363,0.00114,797.0,734.85,5852.0,1.0,1.0,1,Cluster 1,1.1573627498442565,1,False,Normal
Kepler-132 e,Kepler-132,Transit,2016,110.2869374,1.18,0.10527255,1.76,0.00553,414.0,349.549,6023.0,1.03,1.1,1,Cluster 1,1.4992013795989574,1,False,Normal
Kepler-1471 b,Kepler-1471,Transit,2016,3.63899398,1.41,0.12579177,2.57,0.00809,1238.0,978.678,5660.0,0.95,0.93,1,Cluster 1,0.9788537801100861,1,False,Normal
Kepler-1554 b,Kepler-1554,Transit,2016,198.088774,2.9,0.25872067,8.75,0.0275,288.0,946.847,5297.0,0.84,0.81,1,Cluster 1,0.9949796366728709,1,False,Normal
Kepler-541 b,Kepler-541,Transit,2016,5.08005848,3.36,0.29975912,11.2,0.0354,1673.0,1060.68,6166.0,1.41,2.06,1,Cluster 1,1.1644347527777246,1,False,Normal
Kepler-1589 b,Kepler-1589,Transit,2016,0.991665274,1.09,0.09724329,1.32,0.00416,2102.0,1513.14,6166.0,1.18,1.25,1,Cluster 1,1.0827043157323017,1,False,Normal
Kepler-686 b,Kepler-686,Transit,2016,1.594745463,12.15,1.0839504,,,1539.0,1490.94,5649.0,0.94,0.92,0,Cluster 0,1.131779870325344,1,False,Normal
Kepler-1473 b,Kepler-1473,Transit,2016,14.4273551,1.19,0.10616469,1.81,0.0057,783.0,652.253,6046.0,1.09,1.09,1,Cluster 1,1.0775037875123616,1,False,Normal
Kepler-1472 b,Kepler-1472,Transit,2016,38.1312831,1.9,0.16950665,4.27,0.0134,613.0,1479.14,6159.0,1.16,1.25,1,Cluster 1,1.0040766929651455,1,False,Normal
Kepler-1474 b,Kepler-1474,Transit,2016,36.4333452,2.16,0.19270229,5.31,0.0167,561.0,1180.9,5870.0,1.04,1.04,1,Cluster 1,0.9746626033561536,1,False,Normal
Kepler-1556 b,Kepler-1556,Transit,2016,8.82713457,1.96,0.17485949,4.5,0.0142,797.0,944.54,5608.0,0.97,0.95,1,Cluster 1,0.9660381196653294,1,False,Normal
Kepler-542 b,Kepler-542,Transit,2016,13.14497566,1.57,0.14006602,3.09,0.00972,698.0,436.016,5526.0,0.93,0.9,1,Cluster 1,1.0166848936695119,1,False,Normal
Kepler-1592 b,Kepler-1592,Transit,2016,3.05710069,1.54,0.1373896,2.99,0.0094,1202.0,1639.47,6213.0,1.18,1.28,1,Cluster 1,1.0079837293165463,1,False,Normal
Kepler-1623 b,Kepler-1623,Transit,2016,4.36128348,1.31,0.11687037,2.27,0.00714,1000.0,837.481,5772.0,1.0,1.0,1,Cluster 1,0.9776372792001442,1,False,Normal
Kepler-1622 b,Kepler-1622,Transit,2016,10.8118737,1.47,0.13114462,2.76,0.00869,922.0,796.477,6436.0,1.31,1.5,1,Cluster 1,1.1737641888996841,1,False,Normal
Kepler-631 b,Kepler-631,Transit,2016,17.97979059,2.9,0.25872067,8.75,0.0275,828.0,761.966,6185.0,1.24,1.33,1,Cluster 1,1.1180477036021998,1,False,Normal
Kepler-1477 b,Kepler-1477,Transit,2016,11.55530021,1.18,0.10527255,1.76,0.00553,674.0,680.828,5100.0,0.81,0.78,1,Cluster 1,1.0385358796636415,1,False,Normal
Kepler-1478 b,Kepler-1478,Transit,2016,26.0840594,1.73,0.15434026,3.64,0.0115,598.0,1845.58,5904.0,1.04,1.06,1,Cluster 1,1.0183600124512768,1,False,Normal
Kepler-1558 b,Kepler-1558,Transit,2016,3.50470358,0.68,0.06066554,0.244,0.000768,1019.0,325.737,5101.0,0.83,0.79,1,Cluster 1,1.0669438046531865,1,False,Normal
Kepler-1557 b,Kepler-1557,Transit,2016,3.74032496,1.53,0.13649746,2.96,0.0093,1287.0,1380.16,6099.0,1.11,1.17,1,Cluster 1,0.9815837168656755,1,False,Normal
Kepler-544 b,Kepler-544,Transit,2016,21.41616926,2.12,0.18913373,5.14,0.0162,748.0,963.18,6206.0,1.16,1.22,1,Cluster 1,0.9849356514239738,1,False,Normal
Kepler-1442 b,Kepler-1442,Transit,2016,81.4162941,3.93,0.35061112,14.7,0.0461,522.0,608.68,6394.0,1.34,1.44,1,Cluster 1,1.3863893551992656,1,False,Normal
Kepler-1435 b,Kepler-1435,Transit,2016,4.45343281,0.86,0.07672406,0.566,0.00178,1331.0,704.211,6356.0,1.21,1.32,1,Cluster 1,1.0679036884950577,1,False,Normal
Kepler-1559 b,Kepler-1559,Transit,2016,0.971915428,0.72,0.0642341,0.299,0.000942,1609.0,614.827,5316.0,0.86,0.82,1,Cluster 1,1.012497264795061,1,False,Normal
Kepler-1596 b,Kepler-1596,Transit,2016,66.373379,1.9,0.16950665,4.27,0.0134,471.0,2146.23,5706.0,0.95,0.92,1,Cluster 1,1.0448095021797834,1,False,Normal
Kepler-403 d,Kepler-403,Transit,2016,13.61159129,1.42,0.12668391,2.6,0.00819,958.0,840.269,6209.0,1.25,1.45,1,Cluster 1,1.0513513148725138,1,False,Normal
Kepler-1443 b,Kepler-1443,Transit,2016,2.41811321,0.97,0.0865376,0.871,0.00274,1602.0,593.646,6289.0,1.19,1.27,1,Cluster 1,1.0308230982237918,1,False,Normal
Kepler-1438 b,Kepler-1438,Transit,2016,2.31942009,0.94,0.08386118,0.779,0.00245,1490.0,1154.13,5530.0,0.97,0.96,1,Cluster 1,1.0248232683276854,1,False,Normal
Kepler-1562 b,Kepler-1562,Transit,2016,64.2737752,3.55,0.31670979,12.3,0.0388,554.0,2060.72,5760.0,1.02,1.05,1,Cluster 1,1.0461957040256697,1,False,Normal
Kepler-1561 b,Kepler-1561,Transit,2016,1.005207007,1.09,0.09724329,1.32,0.00416,1682.0,839.076,5957.0,1.07,1.11,1,Cluster 1,0.980870736462586,1,False,Normal
Kepler-1598 b,Kepler-1598,Transit,2016,4.34195123,0.95,0.08475332,0.809,0.00254,1236.0,619.862,5940.0,1.07,1.09,1,Cluster 1,1.002845054901791,1,False,Normal
Kepler-1445 b,Kepler-1445,Transit,2016,10.60052251,0.96,0.08564546,0.84,0.00264,987.0,506.357,6150.0,1.13,1.26,1,Cluster 1,1.0651142615208002,1,False,Normal
Kepler-511 b,Kepler-511,Transit,2016,296.637865,6.35,0.56650906,33.1,0.104,332.0,651.999,5770.0,1.0,1.2,0,Cluster 0,1.0211278109539932,1,False,Normal
Kepler-1564 b,Kepler-1564,Transit,2016,18.0540381,1.47,0.13114462,2.76,0.00869,635.0,908.805,5528.0,0.93,0.9,1,Cluster 1,1.0612949737412933,1,False,Normal
Kepler-1563 b,Kepler-1563,Transit,2016,3.43276598,0.75,0.06691052,0.347,0.00109,1134.0,616.697,5765.0,1.0,0.99,1,Cluster 1,1.0006736544473314,1,False,Normal
Kepler-1565 b,Kepler-1565,Transit,2016,1.538188437,1.19,0.10616469,1.81,0.0057,1234.0,629.93,4940.0,0.76,0.73,1,Cluster 1,1.0589016012130226,1,False,Normal
Kepler-1602 b,Kepler-1602,Transit,2016,11.17931605,1.34,0.11954679,2.36,0.00742,1159.0,629.804,6296.0,1.22,1.36,1,Cluster 1,1.0088722277098185,1,False,Normal
Kepler-1448 b,Kepler-1448,Transit,2016,12.27065865,1.61,0.14363458,3.22,0.0101,811.0,768.903,5774.0,0.95,0.93,1,Cluster 1,0.9974939720824517,1,False,Normal
Kepler-1449 b,Kepler-1449,Transit,2016,13.2274528,1.68,0.14987956,3.46,0.0109,867.0,2006.48,5979.0,1.08,1.1,1,Cluster 1,1.010556693614301,1,False,Normal
Kepler-1566 b,Kepler-1566,Transit,2016,0.539915238,0.79,0.07047908,0.418,0.00131,1871.0,466.586,5254.0,0.84,0.81,1,Cluster 1,0.9904852197026287,1,False,Normal
Kepler-1567 b,Kepler-1567,Transit,2016,153.979578,2.73,0.24355429,7.9,0.0249,330.0,1206.11,5655.0,0.95,0.93,1,Cluster 1,1.0102314278475215,1,False,Normal
Kepler-597 b,Kepler-597,Transit,2016,13.02365861,2.37,0.21143724,6.21,0.0195,743.0,663.418,5683.0,0.97,0.95,1,Cluster 1,0.9636547902435453,1,False,Normal
Kepler-1603 b,Kepler-1603,Transit,2016,2.27163926,1.29,0.11508609,2.21,0.00696,1522.0,2712.58,6241.0,1.21,1.31,1,Cluster 1,1.0433400844480705,1,False,Normal
Kepler-1450 b,Kepler-1450,Transit,2016,54.5094166,1.71,0.15255598,3.57,0.0112,308.0,505.829,4524.0,0.71,0.68,1,Cluster 1,1.0439989024519303,1,False,Normal
Kepler-1451 b,Kepler-1451,Transit,2016,35.622233,3.35,0.29886698,11.2,0.0352,523.0,1058.72,5782.0,1.0,0.99,1,Cluster 1,1.0092314395565414,1,False,Normal
Kepler-603 d,Kepler-603,Transit,2016,6.2171292,1.32,0.11776251,2.3,0.00724,1098.0,1539.63,5808.0,1.01,1.01,1,Cluster 1,0.9923505094456198,1,False,Normal
Kepler-605 c,Kepler-605,Transit,2016,2.358951515,0.86,0.07672406,0.566,0.00178,1278.0,556.58,5462.0,0.91,0.88,1,Cluster 1,1.019095057324529,1,False,Normal
Kepler-1568 b,Kepler-1568,Transit,2016,20.925392,1.3,0.11597823,2.24,0.00705,729.0,916.313,5956.0,1.09,1.19,1,Cluster 1,1.0806253539828552,1,False,Normal
Kepler-1606 b,Kepler-1606,Transit,2016,196.435224,2.07,0.18467303,4.94,0.0155,324.0,831.287,5422.0,0.9,0.86,1,Cluster 1,1.0378793292845911,1,False,Normal
Kepler-1452 b,Kepler-1452,Transit,2016,42.913751,2.7,0.24087787,7.75,0.0244,810.0,996.32,6101.0,1.41,2.06,1,Cluster 1,1.2057139535447319,1,False,Normal
Kepler-1571 b,Kepler-1571,Transit,2016,3.38555488,1.52,0.13560532,2.92,0.0092,1476.0,675.303,6297.0,1.23,1.39,1,Cluster 1,1.0440183195757071,1,False,Normal
Kepler-1570 b,Kepler-1570,Transit,2016,26.548955,1.07,0.09545901,1.24,0.0039,836.0,918.995,5550.0,0.92,0.89,1,Cluster 1,1.0629176846685215,1,False,Normal
Kepler-1572 b,Kepler-1572,Transit,2016,5.49548621,0.94,0.08386118,0.779,0.00245,1293.0,946.602,5618.0,0.97,0.95,1,Cluster 1,0.9976154521689102,1,False,Normal
Kepler-1607 b,Kepler-1607,Transit,2016,13.6473676,0.92,0.0820769,0.721,0.00227,913.0,1286.1,6116.0,1.14,1.21,1,Cluster 1,1.0473655779232296,1,False,Normal
Kepler-1609 b,Kepler-1609,Transit,2016,114.34219,2.22,0.19805513,5.56,0.0175,429.0,1826.04,6132.0,1.18,1.27,1,Cluster 1,1.0345232991112534,1,False,Normal
Kepler-1457 b,Kepler-1457,Transit,2016,51.1110243,1.99,0.17753591,4.62,0.0145,478.0,889.885,5866.0,1.01,1.01,1,Cluster 1,1.07692383847016,1,False,Normal
Kepler-1458 b,Kepler-1458,Transit,2016,47.9872764,2.76,0.24623071,8.05,0.0253,493.0,544.45,5653.0,0.96,0.94,1,Cluster 1,0.9622854679292665,1,False,Normal
Kepler-217 d,Kepler-217,Transit,2016,3.88689525,1.32,0.11776251,2.3,0.00724,1574.0,1104.64,6341.0,1.37,1.76,1,Cluster 1,1.134664899858374,1,False,Normal
Kepler-625 c,Kepler-625,Transit,2016,4.1653651,1.05,0.09367473,1.16,0.00364,1048.0,760.708,5789.0,1.04,0.96,1,Cluster 1,0.9959075656753488,1,False,Normal
Kepler-653 c,Kepler-653,Transit,2016,0.900376476,0.78,0.06958694,0.399,0.00126,2078.0,595.634,5665.0,1.02,1.19,1,Cluster 1,1.0328013579970734,1,False,Normal
Kepler-1575 b,Kepler-1575,Transit,2016,2.55314213,1.31,0.11687037,2.27,0.00714,1312.0,1246.92,5667.0,0.95,0.92,1,Cluster 1,0.9943144215393522,1,False,Normal
Kepler-578 b,Kepler-578,Transit,2016,1.616883696,2.0,0.17842805,4.66,0.0147,1774.0,541.432,5334.0,0.87,0.83,1,Cluster 1,0.9568839773102079,1,False,Normal
Kepler-1461 b,Kepler-1461,Transit,2016,29.3494775,2.03,0.18110447,4.78,0.015,451.0,679.106,4919.0,0.79,0.74,1,Cluster 1,0.9896408584308416,1,False,Normal
Kepler-1541 b,Kepler-1541,Transit,2016,8.40691199,1.16,0.10348827,1.65,0.00521,1048.0,416.692,5282.0,0.86,0.81,1,Cluster 1,1.0156525682338498,1,False,Normal
Kepler-1576 b,Kepler-1576,Transit,2016,6.98471973,1.04,0.09278259,1.12,0.00352,1059.0,460.91,5876.0,1.05,1.06,1,Cluster 1,1.0223166038188976,1,False,Normal
Kepler-603 b,Kepler-603,Transit,2016,21.05358596,2.65,0.23641716,7.51,0.0236,731.0,1539.63,5808.0,1.01,1.01,1,Cluster 1,0.9899345613473824,1,False,Normal
Kepler-640 b,Kepler-640,Transit,2016,22.24813967,2.56,0.2283879,7.08,0.0223,609.0,557.787,5653.0,1.01,0.94,1,Cluster 1,0.9997544233511781,1,False,Normal
Kepler-722 b,Kepler-722,Transit,2016,4.093573252,2.63,0.23463288,7.41,0.0233,1182.0,1239.5,5863.0,1.03,1.05,1,Cluster 1,1.0303799097803708,1,False,Normal
Kepler-634 b,Kepler-634,Transit,2016,5.16950177,1.89,0.16861451,4.23,0.0133,1309.0,888.027,6075.0,1.03,1.24,1,Cluster 1,1.0137754267826122,1,False,Normal
Kepler-701 b,Kepler-701,Transit,2016,10.35533177,2.84,0.25336783,8.45,0.0266,777.0,774.152,5343.0,0.88,0.84,1,Cluster 1,0.9846538483284342,1,False,Normal
Kepler-709 b,Kepler-709,Transit,2016,16.08524954,2.92,0.26050495,8.85,0.0279,613.0,664.843,5071.0,0.8,0.77,1,Cluster 1,1.0670297630875805,1,False,Normal
Kepler-1625 b,Kepler-1625,Transit,2016,287.378949,6.06,0.54063699,30.6,0.0962,350.0,2310.11,5677.0,0.96,0.94,0,Cluster 0,1.0178246578516565,1,False,Normal
Kepler-1501 b,Kepler-1501,Transit,2016,14.5564533,1.56,0.13917388,3.05,0.00961,787.0,749.06,6229.0,1.2,1.3,1,Cluster 1,1.0132826274758482,1,False,Normal
Kepler-1500 b,Kepler-1500,Transit,2016,15.0330105,1.2,0.10705683,1.87,0.00588,928.0,1217.82,5845.0,1.0,1.0,1,Cluster 1,1.003916766482798,1,False,Normal
Kepler-1522 b,Kepler-1522,Transit,2016,1.847889171,1.73,0.15434026,3.64,0.0115,1374.0,814.125,5706.0,0.96,0.93,1,Cluster 1,0.9943891906767366,1,False,Normal
Kepler-702 b,Kepler-702,Transit,2016,10.526294063,9.17,0.8180926,61.8,0.194,713.0,992.071,5419.0,0.9,0.86,0,Cluster 0,1.0084861279499782,1,False,Normal
Kepler-641 b,Kepler-641,Transit,2016,9.48961571,1.85,0.16504595,4.08,0.0128,926.0,969.918,5713.0,1.02,1.13,1,Cluster 1,0.9938150990882019,1,False,Normal
Kepler-1626 b,Kepler-1626,Transit,2016,4.13962966,2.02,0.18021233,4.74,0.0149,1352.0,1368.83,6826.0,1.51,1.85,1,Cluster 1,1.320301737882901,1,False,Normal
Kepler-609 b,Kepler-609,Transit,2016,6.521210666,3.35,0.29886698,11.2,0.0352,932.0,1065.82,5971.0,1.09,1.14,1,Cluster 1,1.0440296300989054,1,False,Normal
Kepler-724 b,Kepler-724,Transit,2016,3.314946338,3.29,0.29351414,10.8,0.0341,1155.0,853.119,5437.0,0.9,0.86,1,Cluster 1,1.087953782787216,1,False,Normal
Kepler-1504 b,Kepler-1504,Transit,2016,82.304003,2.13,0.19002587,5.18,0.0163,485.0,2435.94,5393.0,0.85,0.81,1,Cluster 1,0.984662124059796,1,False,Normal
Kepler-1505 b,Kepler-1505,Transit,2016,30.8609366,0.93,0.08296904,0.749,0.00236,525.0,495.148,5686.0,0.93,0.86,1,Cluster 1,1.259322682136942,1,False,Normal
Kepler-1524 b,Kepler-1524,Transit,2016,70.9674603,3.54,0.31581765,12.3,0.0386,438.0,381.773,6179.0,1.17,1.25,1,Cluster 1,1.0587899387828572,1,False,Normal
Kepler-495 b,Kepler-495,Transit,2016,3.413036221,5.23,0.46658935,23.8,0.0749,1200.0,658.924,5346.0,0.86,0.83,1,Cluster 1,1.1408570017745432,1,False,Normal
Kepler-710 b,Kepler-710,Transit,2016,4.347285527,1.88,0.16772237,4.19,0.0132,1174.0,1448.34,5611.0,0.94,0.91,1,Cluster 1,1.0041994475172022,1,False,Normal
Kepler-540 b,Kepler-540,Transit,2016,172.7049784,2.71,0.24177001,7.8,0.0245,355.0,390.374,5946.0,1.02,1.08,1,Cluster 1,1.0606238666085412,1,False,Normal
Kepler-1644 b,Kepler-1644,Transit,2016,21.0907758,1.88,0.16772237,4.19,0.0132,606.0,629.27,5499.0,0.89,0.86,1,Cluster 1,1.0237174612175701,1,False,Normal
Kepler-1507 b,Kepler-1507,Transit,2016,16.0506213,0.84,0.07493978,0.52,0.00164,630.0,320.478,5410.0,0.89,0.85,1,Cluster 1,1.1620836693588492,1,False,Normal
Kepler-1506 b,Kepler-1506,Transit,2016,14.0329154,1.32,0.11776251,2.3,0.00724,783.0,2366.02,5676.0,0.95,0.93,1,Cluster 1,0.9919433977551491,1,False,Normal
Kepler-1086 c,Kepler-1086,Transit,2016,161.5163345,2.94,0.26228923,8.96,0.0282,211.0,466.084,4350.0,0.7,0.66,1,Cluster 1,1.1486088869923683,1,False,Normal
Kepler-604 b,Kepler-604,Transit,2016,25.85501786,2.59,0.23106432,7.22,0.0227,637.0,1026.49,5890.0,1.02,1.03,1,Cluster 1,0.9884906379620162,1,False,Normal
Kepler-1627 b,Kepler-1627,Transit,2016,7.20283653,3.69,0.32919975,13.2,0.0415,794.0,317.437,5445.0,0.87,0.84,1,Cluster 1,1.0977773957111105,1,False,Normal
Kepler-1510 b,Kepler-1510,Transit,2016,84.703921,3.36,0.29975912,11.2,0.0354,537.0,1696.25,6200.0,1.19,1.28,1,Cluster 1,1.0187768917126494,1,False,Normal
Kepler-1511 b,Kepler-1511,Transit,2016,23.2382792,1.68,0.14987956,3.46,0.0109,903.0,1475.6,6064.0,1.17,1.29,1,Cluster 1,1.0012088802959447,1,False,Normal
Kepler-1526 b,Kepler-1526,Transit,2016,3.908632005,2.43,0.21679008,6.48,0.0204,787.0,555.574,4601.0,0.73,0.69,1,Cluster 1,0.9743516897317294,1,False,Normal
Kepler-643 b,Kepler-643,Transit,2016,16.33889626,10.16,0.90641449,321.0083,1.01,963.0,1063.58,4908.0,1.0,2.52,0,Cluster 0,1.4607339576284015,1,False,Normal
Kepler-642 b,Kepler-642,Transit,2016,4.41745855,2.9,0.25872067,8.75,0.0275,1810.0,781.582,6570.0,1.4,1.66,1,Cluster 1,1.161228009431063,1,False,Normal
Kepler-711 b,Kepler-711,Transit,2016,23.58914398,3.41,0.30421982,11.5,0.0363,487.0,624.575,5222.0,0.84,0.8,1,Cluster 1,1.0368336642825597,1,False,Normal
Kepler-726 b,Kepler-726,Transit,2016,21.80451088,3.26,0.29083772,10.7,0.0336,543.0,762.081,5452.0,0.88,0.85,1,Cluster 1,1.0646733991105575,1,False,Normal
Kepler-401 d,Kepler-401,Transit,2016,184.256405,2.27,0.20251584,5.77,0.0182,380.0,965.56,6184.0,1.17,1.29,1,Cluster 1,1.0619224124657014,1,False,Normal
Kepler-1512 b,Kepler-1512,Transit,2016,20.35972599,1.18,0.10527255,1.76,0.00553,322.0,162.0,4372.0,0.73,0.67,1,Cluster 1,1.186832442837314,1,False,Normal
Kepler-1528 b,Kepler-1528,Transit,2016,1.791110205,1.46,0.13025248,2.73,0.00859,1549.0,817.534,5857.0,1.03,1.03,1,Cluster 1,0.9624432333456123,1,False,Normal
Kepler-1529 b,Kepler-1529,Transit,2016,5.33905686,2.1,0.18734945,5.06,0.0159,817.0,661.014,5048.0,0.81,0.77,1,Cluster 1,0.9907949844457813,1,False,Normal
Kepler-1388 d,Kepler-1388,Transit,2016,20.9568158,2.86,0.25515211,8.55,0.0269,363.0,453.795,4098.0,0.63,0.61,1,Cluster 1,0.9969611657906541,1,False,Normal
Kepler-622 b,Kepler-622,Transit,2016,14.28226676,2.13,0.19002587,5.18,0.0163,446.0,284.761,4201.0,0.64,0.61,1,Cluster 1,0.9866699204492825,1,False,Normal
Kepler-1530 b,Kepler-1530,Transit,2016,2.5904434,1.64,0.146311,3.33,0.0105,1484.0,489.876,5477.0,0.92,0.88,1,Cluster 1,1.0566962585633168,1,False,Normal
Kepler-1530 c,Kepler-1530,Transit,2016,5.3227406,1.65,0.14720314,3.36,0.0106,1167.0,489.876,5477.0,0.92,0.88,1,Cluster 1,0.9908415441881633,1,False,Normal
Kepler-1632 b,Kepler-1632,Transit,2016,448.303558,2.47,0.22035864,6.66,0.021,369.0,716.76,6137.0,1.12,1.19,1,Cluster 1,1.0477079553037005,1,False,Normal
Kepler-1631 b,Kepler-1631,Transit,2016,4.09513932,1.35,0.12043893,2.39,0.00752,1122.0,1305.99,5679.0,0.97,0.95,1,Cluster 1,0.9861068768220586,1,False,Normal
Kepler-1534 b,Kepler-1534,Transit,2016,5.71668872,1.89,0.16861451,4.23,0.0133,955.0,1107.0,5442.0,0.9,0.86,1,Cluster 1,0.9914602978716465,1,False,Normal
Kepler-1531 b,Kepler-1531,Transit,2016,1.138543376,1.11,0.09902757,1.41,0.00444,2537.0,666.334,6260.0,1.16,1.27,1,Cluster 1,1.4440440470811606,1,False,Normal
Kepler-1093 c,Kepler-1093,Transit,2016,89.722292,1.96,0.17485949,4.5,0.0142,508.0,1072.88,6166.0,1.13,1.2,1,Cluster 1,1.090180939448001,1,False,Normal
Kepler-714 b,Kepler-714,Transit,2016,8.098887986,9.67,0.86269962,67.6,0.213,986.0,2083.37,5995.0,1.09,1.12,0,Cluster 0,1.0161163961690587,1,False,Normal
Kepler-1633 b,Kepler-1633,Transit,2016,186.404271,1.58,0.14095816,3.12,0.00982,925.0,1114.91,6256.0,1.2,1.32,1,Cluster 1,1.0059501591487834,1,False,Normal
Kepler-713 b,Kepler-713,Transit,2016,7.411141,2.48,0.22125078,6.71,0.0211,905.0,1089.87,5785.0,0.98,0.99,1,Cluster 1,1.0031262477665943,1,False,Normal
Kepler-1480 b,Kepler-1480,Transit,2016,22.12679948,1.67,0.14898742,3.43,0.0108,721.0,500.892,5156.0,0.85,0.81,1,Cluster 1,0.994715397383376,1,False,Normal
Kepler-1479 b,Kepler-1479,Transit,2016,14.53261362,1.83,0.16326166,4.01,0.0126,746.0,728.668,5796.0,0.99,0.98,1,Cluster 1,0.989692980202066,1,False,Normal
Kepler-1481 b,Kepler-1481,Transit,2016,5.94220998,1.23,0.10973325,2.04,0.00642,797.0,459.076,4908.0,0.8,0.75,1,Cluster 1,0.9808480512042476,1,False,Normal
Kepler-990 c,Kepler-990,Transit,2016,0.538354308,1.53,0.13649746,2.96,0.0093,2386.0,802.163,5948.0,1.05,1.08,1,Cluster 1,1.1621640566269866,1,False,Normal
Kepler-969 c,Kepler-969,Transit,2016,1.682934604,0.99,0.08832188,0.937,0.00295,1270.0,390.354,5214.0,0.92,0.82,1,Cluster 1,1.0699367194252387,1,False,Normal
Kepler-489 b,Kepler-489,Transit,2016,17.276296119,7.72,0.68873227,46.1,0.145,538.0,369.645,5014.0,0.82,0.76,0,Cluster 0,1.088698714336906,1,False,Normal
Kepler-1532 b,Kepler-1532,Transit,2016,1.093663559,1.35,0.12043893,2.39,0.00752,1681.0,798.246,5559.0,0.91,0.88,1,Cluster 1,0.9951958882896438,1,False,Normal
Kepler-605 b,Kepler-605,Transit,2016,3.383538066,1.44,0.1284682,2.67,0.00839,1133.0,556.58,5462.0,0.91,0.88,1,Cluster 1,0.980735175192442,1,False,Normal
Kepler-1635 b,Kepler-1635,Transit,2016,469.63111,3.64,0.32473905,12.9,0.0405,200.0,1069.45,5347.0,0.89,0.85,1,Cluster 1,1.1367168013630917,1,False,Normal
Kepler-1483 b,Kepler-1483,Transit,2016,9.5085156,1.52,0.13560532,2.92,0.0092,1131.0,1273.78,6337.0,1.25,1.4,1,Cluster 1,1.0088726069331995,1,False,Normal
Kepler-545 b,Kepler-545,Transit,2016,13.24934059,2.69,0.23998573,7.7,0.0242,806.0,818.001,5882.0,1.04,1.07,1,Cluster 1,1.001239125638778,1,False,Normal
Kepler-636 b,Kepler-636,Transit,2016,16.080661147,4.45,0.39700241,18.1,0.057,614.0,310.301,5203.0,0.85,0.8,1,Cluster 1,1.1089144642381876,1,False,Normal
Kepler-1016 c,Kepler-1016,Transit,2016,105.6551369,3.68,0.32830761,13.1,0.0413,407.0,1402.82,5821.0,0.99,1.0,1,Cluster 1,1.0387185309317253,1,False,Normal
Kepler-1535 b,Kepler-1535,Transit,2016,138.9442,2.55,0.22749576,7.04,0.0221,384.0,897.733,6021.0,1.08,1.11,1,Cluster 1,1.0943260190585298,1,False,Normal
Kepler-600 b,Kepler-600,Transit,2016,23.67517607,2.9,0.25872067,8.75,0.0275,528.0,619.723,5279.0,0.84,0.81,1,Cluster 1,0.9976588139577688,1,False,Normal
Kepler-717 b,Kepler-717,Transit,2016,4.40840023,2.42,0.21589794,6.44,0.0203,1139.0,2805.48,5485.0,0.88,0.85,1,Cluster 1,1.0123693370214046,1,False,Normal
Kepler-1485 b,Kepler-1485,Transit,2016,19.9157725,1.47,0.13114462,2.76,0.00869,728.0,615.66,6087.0,1.11,1.12,1,Cluster 1,1.0382334303569394,1,False,Normal
Kepler-1484 b,Kepler-1484,Transit,2016,30.4549136,2.11,0.18824159,5.1,0.016,624.0,2879.83,5730.0,0.94,0.92,1,Cluster 1,0.9912837924505243,1,False,Normal
Kepler-1486 b,Kepler-1486,Transit,2016,54.6495759,2.32,0.20697654,5.99,0.0189,538.0,1769.14,5965.0,1.08,1.12,1,Cluster 1,1.01604007016314,1,False,Normal
Kepler-342 e,Kepler-342,Transit,2016,1.644224613,0.88,0.07850834,0.615,0.00193,1897.0,781.611,6366.0,1.26,1.34,1,Cluster 1,1.1509578732252859,1,False,Normal
Kepler-582 b,Kepler-582,Transit,2016,18.49235668,3.68,0.32830761,13.1,0.0413,603.0,613.179,5564.0,0.93,0.91,1,Cluster 1,1.1624538214947917,1,False,Normal
Kepler-1129 c,Kepler-1129,Transit,2016,76.5369586,2.73,0.24355429,7.9,0.0249,503.0,1183.88,5831.0,1.0,1.0,1,Cluster 1,0.9706494993293757,1,False,Normal
Kepler-1538 b,Kepler-1538,Transit,2016,175.138819,2.82,0.25158355,8.35,0.0263,346.0,1125.3,5837.0,1.03,1.03,1,Cluster 1,1.052388445629468,1,False,Normal
Kepler-644 b,Kepler-644,Transit,2016,3.173917103,3.15,0.28102418,10.1,0.0317,1655.0,1318.05,6747.0,1.49,1.81,1,Cluster 1,1.2304235519683517,1,False,Normal
Kepler-1487 b,Kepler-1487,Transit,2016,7.31946363,2.13,0.19002587,5.18,0.0163,1682.0,1014.62,6541.0,1.38,1.63,1,Cluster 1,1.1444010389520534,1,False,Normal
Kepler-581 b,Kepler-581,Transit,2016,40.6069821,2.63,0.23463288,7.41,0.0233,521.0,703.758,5772.0,1.0,1.0,1,Cluster 1,0.9608616282325795,1,False,Normal
Kepler-1516 b,Kepler-1516,Transit,2016,7.25931979,1.75,0.15612454,3.71,0.0117,967.0,1358.95,5904.0,1.04,1.07,1,Cluster 1,0.979129231668348,1,False,Normal
Kepler-1047 c,Kepler-1047,Transit,2016,3.18897601,0.99,0.08832188,0.937,0.00295,1309.0,817.647,5754.0,1.08,1.13,1,Cluster 1,1.072809031214499,1,False,Normal
Kepler-1409 b,Kepler-1409,Transit,2016,0.764864926,1.04,0.09278259,1.12,0.00352,1733.0,694.89,5160.0,0.83,0.79,1,Cluster 1,0.9831652471252976,1,False,Normal
Kepler-585 b,Kepler-585,Transit,2016,2.752359753,2.83,0.25247569,8.4,0.0264,1178.0,585.187,5593.0,0.96,0.93,1,Cluster 1,1.0427032015132747,1,False,Normal
Kepler-1488 b,Kepler-1488,Transit,2016,39.8189932,1.86,0.16593809,4.12,0.013,650.0,905.825,5820.0,1.05,1.31,1,Cluster 1,1.0354482738694077,1,False,Normal
Kepler-697 b,Kepler-697,Transit,2016,3.709870645,4.13,0.36845392,16.0,0.0502,1151.0,1277.33,5513.0,0.92,0.88,1,Cluster 1,1.166602181977097,1,False,Normal
Kepler-1425 b,Kepler-1425,Transit,2016,14.4541302,0.94,0.08386118,0.779,0.00245,676.0,863.873,5718.0,0.97,0.95,1,Cluster 1,1.178392611530135,1,False,Normal
Kepler-1350 c,Kepler-1350,Transit,2016,1.766789062,1.73,0.15434026,3.64,0.0115,730.0,340.691,3827.0,0.55,0.53,1,Cluster 1,0.9876223546488502,1,False,Normal
Kepler-719 b,Kepler-719,Transit,2016,5.007317779,8.52,0.76010349,54.5,0.172,998.0,2497.51,5777.0,0.99,0.98,0,Cluster 0,1.005824871059136,1,False,Normal
Kepler-1491 b,Kepler-1491,Transit,2016,16.5861762,1.51,0.13471318,2.89,0.00909,821.0,2065.59,5728.0,1.0,0.99,1,Cluster 1,1.0055327782018901,1,False,Normal
Kepler-1492 b,Kepler-1492,Transit,2016,16.75255007,1.49,0.1329289,2.83,0.00889,801.0,331.553,4712.0,0.77,0.72,1,Cluster 1,0.9858011416904704,1,False,Normal
Kepler-698 b,Kepler-698,Transit,2016,16.32976218,3.68,0.32830761,13.1,0.0413,727.0,1995.57,5612.0,0.94,0.91,1,Cluster 1,1.0568494606951089,1,False,Normal
Kepler-1454 b,Kepler-1454,Transit,2016,47.0319479,1.88,0.16772237,4.19,0.0132,492.0,780.566,5448.0,0.9,0.86,1,Cluster 1,1.0174882153522855,1,False,Normal
Kepler-460 c,KIC 5437945,Transit,2016,220.1303357,5.52,0.49246141,26.1,0.0821,389.0,1274.01,6146.0,1.17,1.26,1,Cluster 1,1.1857524187945638,1,False,Normal
Kepler-720 b,Kepler-720,Transit,2016,4.708326542,8.41,0.75028995,53.4,0.168,1162.0,1065.37,5618.0,0.95,0.92,0,Cluster 0,1.0303533632430655,1,False,Normal
Kepler-547 b,Kepler-547,Transit,2016,6.010384289,4.0,0.3568561,15.1,0.0475,768.0,378.972,4828.0,0.78,0.73,1,Cluster 1,1.1729736340018886,1,False,Normal
Kepler-1494 b,Kepler-1494,Transit,2016,91.080482,3.07,0.27388706,9.64,0.0303,415.0,1285.48,5659.0,0.96,0.94,1,Cluster 1,1.0030043457144893,1,False,Normal
Kepler-1520 b,Kepler-1520,Transit,2016,0.653553572,5.77,0.51476492,28.1,0.0885,1437.0,607.917,4677.0,0.76,0.71,1,Cluster 1,1.7570567162381583,-1,True,Potential Outlier
Kepler-1065 c,Kepler-1065,Transit,2016,2.37030743,1.6,0.14274244,3.19,0.01,1256.0,1122.48,5635.0,0.94,0.93,1,Cluster 1,0.9823028226483501,1,False,Normal
Kepler-707 b,Kepler-707,Transit,2016,2.237492751,1.33,0.11865465,2.33,0.00733,1160.0,591.776,5099.0,0.8,0.76,1,Cluster 1,1.04240874778931,1,False,Normal
Kepler-602 b,Kepler-602,Transit,2016,15.28469497,2.09,0.18645731,5.02,0.0158,852.0,1159.31,6062.0,1.08,1.13,1,Cluster 1,0.9938964332648295,1,False,Normal
Kepler-606 b,Kepler-606,Transit,2016,24.31575992,3.31,0.29529842,11.0,0.0345,683.0,1215.11,6161.0,1.13,1.22,1,Cluster 1,1.0426492416286413,1,False,Normal
Kepler-721 b,Kepler-721,Transit,2016,5.392025388,2.64,0.23552502,7.46,0.0235,850.0,926.598,5075.0,0.82,0.78,1,Cluster 1,1.0330130487117057,1,False,Normal
Kepler-937 c,Kepler-937,Transit,2016,153.343364,2.67,0.23820145,7.61,0.0239,377.0,1571.46,6095.0,1.15,1.22,1,Cluster 1,1.0341177682501193,1,False,Normal
Kepler-638 b,Kepler-638,Transit,2016,6.07972888,1.83,0.16326166,4.01,0.0126,1111.0,991.214,5382.0,0.88,0.93,1,Cluster 1,0.9772286452014851,1,False,Normal
Kepler-1073 c,Kepler-1073,Transit,2016,4.02582254,1.64,0.146311,3.33,0.0105,1169.0,809.897,5792.0,1.0,1.0,1,Cluster 1,0.9667697513099209,1,False,Normal
MOA-2010-BLG-353L b,MOA-2010-BLG-353L,Microlensing,2015,,11.1,0.994,86.0,0.27,,6430.0,,0.18,,5,Cluster 5,1.2070674665507473,1,False,Normal
HATS-30 b,HATS-30,Transit,2016,3.1743516,13.170575,1.175,224.38798,0.706,1414.0,342.14,5943.0,1.093,1.061,0,Cluster 0,0.9777287328187532,1,False,Normal
K2-84 c,K2-84,Transit,2016,27.86,2.03,0.18110447,4.78,0.015,625.08,284.876,5652.0,0.95,0.93,1,Cluster 1,0.9892631295120029,1,False,Normal
K2-88 b,K2-88,Transit,2016,4.6122,1.23,0.10973325,2.04,0.00642,464.6,110.561,3537.0,0.258,0.256,1,Cluster 1,1.0389441923536789,1,False,Normal
Kepler-615 b,Kepler-615,Transit,2016,10.35584657,1.74,0.1552324,3.68,0.0116,620.0,330.0,4655.0,0.73,0.69,1,Cluster 1,1.0135973358030919,1,False,Normal
Kepler-506 b,Kepler-506,Transit,2016,6.8834055,2.73,0.24355429,7.9,0.0249,1080.0,228.439,6236.0,1.19,1.19,1,Cluster 1,1.0259014791610508,1,False,Normal
Kepler-668 b,Kepler-668,Transit,2016,8.35390639,2.7,0.24087787,7.75,0.0244,790.0,784.618,5352.0,0.87,0.82,1,Cluster 1,0.9821004292270373,1,False,Normal
Kepler-669 b,Kepler-669,Transit,2016,4.125546869,4.83,0.43090374,20.8,0.0655,1243.0,2063.41,6038.0,1.15,1.2,1,Cluster 1,1.1714192080117838,1,False,Normal
HATS-15 b,HATS-15,Transit,2016,1.74748753,12.385945,1.105,689.6911,2.17,1505.0,1139.55,5311.0,0.871,0.922,0,Cluster 0,1.0945085981530747,1,False,Normal
HATS-16 b,HATS-16,Transit,2016,2.686502,14.5717,1.3,1039.3041,3.27,1592.0,757.044,5738.0,0.97,1.238,0,Cluster 0,1.1455487774121111,1,False,Normal
K2-89 b,K2-89,Transit,2016,1.096026,0.615,0.05486663,0.17,0.000535,830.07,86.0386,3691.0,0.347,0.318,1,Cluster 1,1.0263992105517374,1,False,Normal
K2-91 b,K2-91,Transit,2016,1.419549,1.1,0.09813543,1.37,0.0043,726.81,62.5785,3622.0,0.292,0.284,1,Cluster 1,1.023349150821294,1,False,Normal
Kepler-737 b,Kepler-737,Transit,2016,28.59915399,1.96,0.17485949,4.5,0.0142,298.0,205.118,3813.0,0.51,0.48,1,Cluster 1,1.010647669160393,1,False,Normal
Kepler-670 b,Kepler-670,Transit,2016,2.816504852,13.18,1.17584084,,,1219.0,939.744,5709.0,0.99,0.99,0,Cluster 0,0.9613896216234752,1,False,Normal
Kepler-671 b,Kepler-671,Transit,2016,4.280958588,2.69,0.23998573,7.7,0.0242,1012.0,1168.26,5624.0,0.97,0.95,1,Cluster 1,0.9891225263053464,1,False,Normal
K2-5 c,K2-5,Transit,2015,10.93241,2.26,0.2016237,5.73,0.018,456.0,202.943,3930.0,0.61,0.57,1,Cluster 1,0.9970925462954447,1,False,Normal
K2-5 b,K2-5,Transit,2015,5.73594,1.91,0.17039879,4.31,0.0136,565.0,202.943,3930.0,0.61,0.57,1,Cluster 1,1.0013909861626245,1,False,Normal
Kepler-223 c,Kepler-223,Transit,2014,9.84564,3.44,0.30689624,5.1,0.01604631,947.0,1859.71,5803.0,1.125,1.72,1,Cluster 1,1.1771334757077534,1,False,Normal
WASP-98 b,WASP-98,Transit,2014,2.96264036,12.823096,1.144,293.03926,0.922,1171.0,281.742,5473.0,0.809,0.741,0,Cluster 0,1.0724453498889048,1,False,Normal
Kepler-223 b,Kepler-223,Transit,2014,7.38449,2.99,0.26674993,7.4,0.02328289,1042.0,1859.71,5803.0,1.125,1.72,1,Cluster 1,1.2557441862691396,1,False,Normal
Kepler-672 b,Kepler-672,Transit,2016,38.3774623,2.5,0.22303506,6.8,0.0214,529.0,1033.93,5627.0,0.95,0.92,1,Cluster 1,0.9685820572304463,1,False,Normal
Kepler-571 b,Kepler-571,Transit,2016,4.798599388,2.64,0.23552502,7.46,0.0235,978.0,723.875,5527.0,0.93,0.9,1,Cluster 1,1.0188587405128915,1,False,Normal
K2-16 b,K2-16,Transit,2015,7.6188,2.02,0.18021233,4.74,0.0149,658.0,334.967,4742.0,0.68,0.66,1,Cluster 1,1.0369060816730211,1,False,Normal
K2-16 c,K2-16,Transit,2015,19.07863,2.54,0.22660362,6.99,0.022,485.0,334.967,4742.0,0.68,0.66,1,Cluster 1,1.023969068597181,1,False,Normal
K2-8 c,K2-8,Transit,2016,5.06416,2.41,0.2150058,6.39,0.0201,801.0,403.513,4870.0,0.78,0.74,1,Cluster 1,1.0147508484044125,1,False,Normal
Kepler-223 d,Kepler-223,Transit,2014,14.78869,5.24,0.46748149,8.0,0.02517069,827.0,1859.71,5803.0,1.125,1.72,1,Cluster 1,1.138400871899824,1,False,Normal
Kepler-653 b,Kepler-653,Transit,2016,14.70748976,1.95,0.17396735,4.46,0.014,819.0,595.634,5665.0,1.02,1.19,1,Cluster 1,1.04512130826386,1,False,Normal
Kepler-742 b,Kepler-742,Transit,2016,8.360868238,3.24,0.28905344,10.6,0.0332,690.0,489.253,4642.0,0.76,0.71,1,Cluster 1,1.078736942561517,1,False,Normal
Kepler-673 b,Kepler-673,Transit,2016,3.728731093,6.54,0.58345972,34.8,0.11,1023.0,918.21,5355.0,0.88,0.84,1,Cluster 1,1.0531560231393924,1,False,Normal
Kepler-154 d,Kepler-154,Transit,2016,20.54981883,3.84,0.34258185,14.1,0.0444,657.0,915.212,5769.0,0.98,0.98,1,Cluster 1,1.097004217150115,1,False,Normal
HD 87646 b,HD 87646,Radial Velocity,2016,13.481,12.4,1.1,3941.092,12.4,1012.7,73.58352,5770.0,1.12,1.55,0,Cluster 0,1.1930499685822664,1,False,Normal
Kepler-80 e,Kepler-80,Transit,2014,4.64489,1.6,0.14274244,4.13,0.01299437,629.0,369.451,4540.0,0.73,0.678,1,Cluster 1,1.0744147296318869,1,False,Normal
Kepler-654 b,Kepler-654,Transit,2016,13.72465129,2.07,0.18467303,4.94,0.0155,831.0,974.124,5865.0,1.04,1.11,1,Cluster 1,0.9946562260605095,1,False,Normal
Kepler-148 d,Kepler-148,Transit,2016,51.84688575,8.68,0.77437773,56.3,0.177,413.0,791.163,5172.0,0.86,0.81,0,Cluster 0,1.0066594347193498,1,False,Normal
Kepler-676 b,Kepler-676,Transit,2016,11.59822172,3.04,0.27121063,9.48,0.0298,396.0,295.196,3701.0,0.51,0.49,1,Cluster 1,1.0155927581321411,1,False,Normal
OGLE-2012-BLG-0026L b,OGLE-2012-BLG-0026L,Microlensing,2012,,7.72,0.688,46.1,0.145,,4019.0,,1.06,,1,Cluster 1,1.0094302046578014,1,False,Normal
WASP-85 A b,WASP-85 A,Transit,2016,2.6556777,13.89916,1.24,402.05495,1.265,1452.0,141.887,6112.0,1.09,0.935,0,Cluster 0,1.010036518004134,1,False,Normal
Kepler-80 f,Kepler-80,Transit,2016,0.9867873,1.21,0.10794897,4459.73,14.03187979,1054.0,369.451,4540.0,0.73,0.678,2,Cluster 2,5.510111894383688,-1,True,Potential Outlier
Kepler-656 b,Kepler-656,Transit,2016,1.260259094,3.12,0.27834776,9.91,0.0312,1569.0,890.352,5281.0,0.86,0.82,1,Cluster 1,1.2645659681783943,1,False,Normal
Kepler-655 b,Kepler-655,Transit,2016,46.4063358,2.71,0.24177001,7.8,0.0245,588.0,752.562,6170.0,1.15,1.24,1,Cluster 1,0.9933265488731425,1,False,Normal
Kepler-678 b,Kepler-678,Transit,2016,7.27503724,5.14,0.45856009,23.1,0.0728,833.0,1826.15,5520.0,0.94,0.91,1,Cluster 1,1.100041234812464,1,False,Normal
Kepler-572 b,Kepler-572,Transit,2016,17.20523483,2.58,0.23017218,7.18,0.0226,553.0,504.667,5212.0,0.83,0.79,1,Cluster 1,0.9952947536884608,1,False,Normal
WASP-114 b,WASP-114,Transit,2016,1.5487743,15.008851,1.339,562.24127,1.769,2043.0,523.337,5940.0,1.289,1.43,0,Cluster 0,1.100427294023786,1,False,Normal
WASP-113 b,WASP-113,Transit,2016,4.54216874538,15.793481,1.409,150.96925,0.475,1496.0,435.156,5890.0,1.318,1.608,0,Cluster 0,1.0139422833441951,1,False,Normal
HD 59686 A b,HD 59686 A,Radial Velocity,2016,299.36,12.7,1.13,2199.3836,6.92,783.08,89.2721,4658.0,1.9,13.2,3,Cluster 3,1.0179589003307288,1,False,Normal
Kepler-679 b,Kepler-679,Transit,2016,12.39358604,3.01,0.26853421,9.32,0.0293,677.0,922.244,5403.0,0.87,0.84,1,Cluster 1,1.0389747941437162,1,False,Normal
Kepler-680 b,Kepler-680,Transit,2016,3.689926291,2.42,0.21589794,6.44,0.0203,1147.0,1492.48,5890.0,1.08,1.11,1,Cluster 1,1.0410915198182973,1,False,Normal
K2-47 b,K2-47,Transit,2016,31.6372,1.89,0.16861451,4.23,0.0133,503.72,349.881,5054.0,0.75,0.76,1,Cluster 1,1.0505113356726814,1,False,Normal
K2-48 b,K2-48,Transit,2016,20.5065,2.24,0.19983941,5.65,0.0178,550.56,313.764,4899.0,0.77,0.73,1,Cluster 1,0.9690507243379971,1,False,Normal
Kepler-617 b,Kepler-617,Transit,2016,1.682696148,1.32,0.11776251,2.3,0.00724,750.0,173.354,3712.0,0.51,0.48,1,Cluster 1,0.9847227645778218,1,False,Normal
Kepler-588 b,Kepler-588,Transit,2016,4.221625357,2.63,0.23463288,7.41,0.0233,1176.0,1209.4,5835.0,1.01,1.0,1,Cluster 1,1.0246907525275903,1,False,Normal
Kepler-573 b,Kepler-573,Transit,2016,22.18329658,2.79,0.24890713,8.2,0.0258,646.0,771.471,5746.0,0.99,1.02,1,Cluster 1,0.994164067599268,1,False,Normal
Kepler-681 b,Kepler-681,Transit,2016,26.39435646,3.08,0.2747792,9.69,0.0305,489.0,686.923,5021.0,0.8,0.76,1,Cluster 1,1.0171153182497867,1,False,Normal
K2-49 b,K2-49,Transit,2016,2.77065,1.93,0.17218307,4.38,0.0138,768.28,457.125,4175.0,0.51,0.45,1,Cluster 1,1.0540228139985341,1,False,Normal
K2-58 b,K2-58,Transit,2016,7.05254,2.68,0.23909359,7.65,0.0241,920.17,181.746,5413.0,0.89,0.86,1,Cluster 1,1.009273652740435,1,False,Normal
Kepler-1600 b,Kepler-1600,Transit,2016,386.370548,3.13,0.2792399,9.96,0.0313,209.0,1030.81,5214.0,0.86,0.82,1,Cluster 1,1.0627345454656862,1,False,Normal
Kepler-727 b,Kepler-727,Transit,2016,5.154484417,2.53,0.22571148,6.94,0.0218,964.0,831.842,5441.0,0.89,0.86,1,Cluster 1,1.0229958776852834,1,False,Normal
Kepler-589 b,Kepler-589,Transit,2016,16.54964934,2.27,0.20251584,5.77,0.0182,656.0,612.803,5296.0,0.88,0.83,1,Cluster 1,0.9769065341718178,1,False,Normal
Kepler-660 b,Kepler-660,Transit,2016,9.27358194,2.57,0.22928004,7.13,0.0224,649.0,568.431,4779.0,0.75,0.71,1,Cluster 1,1.0095946783803427,1,False,Normal
K2-58 c,K2-58,Transit,2016,2.53726,1.62,0.14452672,3.26,0.0102,1293.86,181.746,5413.0,0.89,0.86,1,Cluster 1,1.012948714593787,1,False,Normal
K2-58 d,K2-58,Transit,2016,22.8827,1.71,0.15255598,3.57,0.0112,621.48,181.746,5413.0,0.89,0.86,1,Cluster 1,1.0658619099282995,1,False,Normal
Kepler-560 b,Kepler-560,Transit,2016,18.47764449,1.72,0.15344812,3.61,0.0113,298.0,109.308,3556.0,0.34,0.33,1,Cluster 1,0.9880449461451499,1,False,Normal
Kepler-550 b,Kepler-550,Transit,2016,8.600104109,4.42,0.39432599,17.9,0.0563,760.0,531.944,5322.0,0.87,0.83,1,Cluster 1,1.1662428470842188,1,False,Normal
Kepler-496 b,Kepler-496,Transit,2016,8.30864937,2.32,0.20697654,5.99,0.0189,747.0,605.274,5293.0,0.86,0.82,1,Cluster 1,0.9934182243487772,1,False,Normal
KELT-10 b,KELT-10,Transit,2016,4.1662739,15.681391,1.399,215.80657,0.679,1377.0,188.404,5948.0,1.112,1.209,0,Cluster 0,1.048678119814274,1,False,Normal
Kepler-712 c,Kepler-712,Transit,2016,226.89047,4.85,0.43268802,21.0,0.0659,236.0,872.493,5148.0,0.84,0.78,1,Cluster 1,1.2235178086075973,1,False,Normal
K2-59 c,K2-59,Transit,2016,11.2954,2.3,0.20519226,5.9,0.0186,692.77,311.313,5055.0,0.774,0.731,1,Cluster 1,1.044638888071765,1,False,Normal
K2-59 b,K2-59,Transit,2016,20.6921,2.41,0.2150058,6.39,0.0201,566.37,311.313,5055.0,0.774,0.731,1,Cluster 1,0.9938327990988232,1,False,Normal
Kepler-650 b,Kepler-650,Transit,2016,3.032145588,2.96,0.26407351,9.06,0.0285,1507.0,884.378,5849.0,1.08,1.35,1,Cluster 1,1.1005861068494107,1,False,Normal
Kepler-728 b,Kepler-728,Transit,2016,5.743477265,3.34,0.29797484,11.1,0.035,982.0,1765.23,5660.0,0.95,0.93,1,Cluster 1,1.0455269670020235,1,False,Normal
Kepler-663 b,Kepler-663,Transit,2016,4.99678284,2.6,0.23195646,7.27,0.0229,917.0,1063.09,5264.0,0.86,0.82,1,Cluster 1,1.0062606967026266,1,False,Normal
Kepler-1629 b,Kepler-1629,Transit,2016,3.87595807,0.77,0.0686948,0.381,0.0012,1081.0,336.09,5776.0,1.01,1.01,1,Cluster 1,1.0194994110224969,1,False,Normal
K2-64 b,K2-64,Transit,2016,6.53044,2.07,0.18467303,4.94,0.0155,877.23,499.891,5312.0,0.741,0.726,1,Cluster 1,1.2855324962289763,1,False,Normal
K2-63 b,K2-63,Transit,2016,20.257,3.22,0.28726916,10.5,0.0329,1033.44,517.534,6771.0,1.4,1.63,1,Cluster 1,1.2014114030699428,1,False,Normal
Kepler-729 b,Kepler-729,Transit,2016,3.166353714,3.58,0.31938621,12.5,0.0394,1273.0,1921.15,5633.0,0.94,0.91,1,Cluster 1,1.2109623796294973,1,False,Normal
Kepler-487 b,Kepler-487,Transit,2016,15.358768403,11.42,1.01882416,,,662.0,872.343,5444.0,0.91,0.88,0,Cluster 0,1.0084954320447133,1,False,Normal
Kepler-618 b,Kepler-618,Transit,2016,3.595769645,2.6,0.23195646,7.27,0.0229,1296.0,1221.96,5860.0,1.05,1.08,1,Cluster 1,1.0403140722723387,1,False,Normal
WASP-129 b,WASP-129,Transit,2016,5.748145,10.42437,0.93,317.83,1.0,1100.0,301.462,5900.0,1.0,0.9,0,Cluster 0,1.048889456052606,1,False,Normal
WASP-133 b,WASP-133,Transit,2016,2.176423,13.56289,1.21,368.6828,1.16,1790.0,559.084,5700.0,1.16,1.44,0,Cluster 0,1.0555054215451452,1,False,Normal
K2-69 b,K2-69,Transit,2016,7.06599,2.32,0.20697654,5.99,0.0189,573.61,180.697,4127.0,0.551,0.491,1,Cluster 1,1.041447034123858,1,False,Normal
K2-68 b,K2-68,Transit,2016,8.05428,1.58,0.14095816,3.12,0.00982,706.64,168.652,4746.0,0.73,0.675,1,Cluster 1,0.9860306537640199,1,False,Normal
Kepler-590 b,Kepler-590,Transit,2016,5.85296257,4.02,0.35864038,15.2,0.0479,1056.0,1421.81,6000.0,1.1,1.15,1,Cluster 1,1.122809854331865,1,False,Normal
Kepler-664 b,Kepler-664,Transit,2016,2.525593315,2.66,0.23730931,7.56,0.0238,1406.0,1210.12,5754.0,1.01,1.02,1,Cluster 1,1.050134942330732,1,False,Normal
MOA-2013-BLG-605L b,MOA-2013-BLG-605L,Microlensing,2016,,1.62,0.144,3.24,0.0102,,850.0,,0.024,,5,Cluster 5,1.182674963842045,1,False,Normal
K2-75 b,K2-75,Transit,2016,7.8142,2.67,0.23820145,7.61,0.0239,1268.65,561.93,5995.0,1.16,1.56,1,Cluster 1,1.0957030326217503,1,False,Normal
K2-71 b,K2-71,Transit,2016,6.98541,2.15,0.19181015,5.27,0.0166,533.27,153.192,4006.0,0.477,0.426,1,Cluster 1,1.1088395864025826,1,False,Normal
Kepler-591 b,Kepler-591,Transit,2016,81.1694299,3.39,0.30243554,11.4,0.0359,436.0,785.137,5677.0,0.97,0.94,1,Cluster 1,1.006653717051289,1,False,Normal
HATS-25 b,HATS-25,Transit,2016,4.2986432,14.12334,1.26,194.82979,0.613,1277.0,471.158,5715.0,0.994,1.107,0,Cluster 0,0.986327193426504,1,False,Normal
HATS-26 b,HATS-26,Transit,2016,3.3023881,19.61575,1.75,206.5895,0.65,1918.0,861.843,6071.0,1.299,2.04,0,Cluster 0,1.0979699227314808,1,False,Normal
K2-80 b,K2-80,Transit,2016,19.0918,2.01,0.17932019,4.7,0.0148,666.05,200.802,5441.0,0.9,0.87,1,Cluster 1,0.9993619915812983,1,False,Normal
K2-75 c,K2-75,Transit,2016,18.311,2.77,0.24712285,8.1,0.0255,955.14,561.93,5995.0,1.16,1.56,1,Cluster 1,1.0375744148345416,1,False,Normal
Kepler-736 b,Kepler-736,Transit,2016,3.60147201,2.93,0.26139709,8.91,0.028,996.0,1005.43,5217.0,0.86,0.81,1,Cluster 1,1.0539603936707367,1,False,Normal
Kepler-735 b,Kepler-735,Transit,2016,11.51516988,2.95,0.26318137,9.01,0.0283,657.0,695.059,5107.0,0.85,0.8,1,Cluster 1,1.0372352281608666,1,False,Normal
Kepler-569 b,Kepler-569,Transit,2016,34.18890521,3.16,0.28191632,10.1,0.0319,526.0,638.301,5616.0,0.95,0.93,1,Cluster 1,0.9760284430006587,1,False,Normal
Kepler-592 b,Kepler-592,Transit,2016,2.820192408,2.39,0.21322152,6.3,0.0198,1367.0,1153.13,5913.0,1.04,1.04,1,Cluster 1,1.0358330537858085,1,False,Normal
HATS-27 b,HATS-27,Transit,2016,4.637038,16.8135,1.5,168.4499,0.53,1659.0,816.988,6438.0,1.415,1.74,0,Cluster 0,1.0287426926665435,1,False,Normal
K2-83 c,K2-83,Transit,2016,9.99767,1.483,0.1323044,2.8,0.00882,459.75,125.529,3910.0,0.484,0.424,1,Cluster 1,1.081555475253458,1,False,Normal
K2-84 b,K2-84,Transit,2016,6.4215,2.41,0.2150058,6.39,0.0201,1019.22,284.876,5652.0,0.95,0.93,1,Cluster 1,0.988544806252529,1,False,Normal
Kepler-562 b,Kepler-562,Transit,2016,18.009314436,5.21,0.46480507,23.7,0.0745,658.0,992.769,5575.0,0.93,0.9,1,Cluster 1,1.1644265587179135,1,False,Normal
Kepler-651 b,Kepler-651,Transit,2016,21.38521506,2.37,0.21143724,6.21,0.0195,574.0,509.408,5522.0,0.92,0.87,1,Cluster 1,0.9756270973590515,1,False,Normal
Kepler-593 b,Kepler-593,Transit,2016,21.21708973,2.87,0.25604425,8.6,0.0271,706.0,973.76,5967.0,1.08,1.1,1,Cluster 1,1.0135357282369664,1,False,Normal
Kepler-570 b,Kepler-570,Transit,2016,4.301662003,2.45,0.21857436,6.57,0.0207,1009.0,568.148,5496.0,0.93,0.9,1,Cluster 1,1.0131420056626572,1,False,Normal
MOA-2016-BLG-227L b,MOA-2016-BLG-227L,Microlensing,2017,,13.2,1.18,890.0,2.8,,6500.0,,0.29,,0,Cluster 0,1.1190222665632041,1,False,Normal
Kepler-1650 b,Kepler-1650,Transit,2017,1.53818001,0.96,0.08564546,0.84,0.00264,602.0,134.397,3410.0,0.326,0.334,1,Cluster 1,1.0140550389670844,1,False,Normal
K2-178 b,K2-178,Transit,2018,8.747818,3.55790985,0.31741546,12.4,0.039,840.29,214.753,5525.0,0.95109,0.887267,1,Cluster 1,1.114404284524477,1,False,Normal
K2-72 c,K2-72,Transit,2016,15.189034,1.16,0.10348827,1.65,0.00521,333.81,66.4321,3360.47,0.271365,0.330989,1,Cluster 1,0.9711336402344314,1,False,Normal
WASP-53 b,WASP-53,Transit,2017,3.3098443,12.038466,1.074,677.61356,2.132,1053.0,201.338,4953.0,0.839,0.798,0,Cluster 0,1.2284898679428289,1,False,Normal
K2-60 b,K2-60,Transit,2016,3.00265,7.655747,0.683,135.39558,0.426,1400.0,491.87,5500.0,0.97,1.12,1,Cluster 1,1.1681984388422981,1,False,Normal
Kepler-1651 b,Kepler-1651,Transit,2017,9.87863917,1.84,0.1641538,4.04,0.0127,393.0,66.4074,3713.0,0.522,0.503,1,Cluster 1,0.9642972120845762,1,False,Normal
BD+03 2562 b,BD+03 2562,Radial Velocity,2017,481.9,12.7,1.13,2034.112,6.4,985.04,1070.63,4095.0,1.14,32.35,3,Cluster 3,1.0956529915574234,1,False,Normal
K2-72 e,K2-72,Transit,2016,24.158868,1.29,0.11508609,2.21,0.00696,286.34,66.4321,3360.47,0.271365,0.330989,1,Cluster 1,0.9959390120469267,1,False,Normal
K2-72 d,K2-72,Transit,2016,7.760178,1.01,0.09010616,1.01,0.00317,416.92,66.4321,3360.47,0.271365,0.330989,1,Cluster 1,1.0069934339259192,1,False,Normal
K2-81 b,K2-81,Transit,2016,6.102325,1.97,0.17575163,4.54,0.0143,739.23,252.318,4674.13,0.745273,0.634663,1,Cluster 1,0.9688282855275695,1,False,Normal
WASP-81 b,WASP-81,Transit,2017,2.7164762,16.017661,1.429,231.69807,0.729,1623.0,398.505,5870.0,1.08,1.283,0,Cluster 0,1.064388902702516,1,False,Normal
HD 177565 b,HD 177565,Radial Velocity,2017,44.505,4.0,0.357,15.1,0.04750967,539.21,16.9179,5627.0,1.0,0.971489,1,Cluster 1,1.1298768456270933,1,False,Normal
MOA-2012-BLG-505L b,MOA-2012-BLG-505L,Microlensing,2017,,2.48,0.221,6.7,0.0211,,7210.0,,0.1,,5,Cluster 5,1.0222420063419626,1,False,Normal
K2-201 c,K2-201,Transit,2018,22.779878,3.28568401,0.29312909,10.8,0.034,,197.932,5507.0,0.956055,0.878161,1,Cluster 1,1.0462183439595345,1,False,Normal
K2-201 b,K2-201,Transit,2018,1.05979,1.40006712,0.12490562,2.54,0.008,,197.932,5507.0,0.956055,0.878161,1,Cluster 1,0.9934004374350774,1,False,Normal
GJ 1148 b,GJ 1148,Radial Velocity,2010,41.38,11.9,1.07,96.7,0.3042507,232.94,11.0143,3287.0,0.344045,0.358519,4,Cluster 4,1.0185463928515839,1,False,Normal
HD 17674 b,HD 17674,Radial Velocity,2017,623.8,13.9,1.24,276.5121,0.87,259.52,44.4264,5904.0,0.98,1.18,0,Cluster 0,1.018332098714104,1,False,Normal
HATS-22 b,HATS-22,Transit,2017,4.7228124,10.682177,0.953,870.8542,2.74,858.0,229.518,4803.0,0.759,0.689,0,Cluster 0,1.2067475964807184,1,False,Normal
TYC 4282-00605-1 b,TYC 4282-00605-1,Radial Velocity,2017,101.54,12.4,1.11,3426.2074,10.78,1285.1,464.128,4300.0,0.97,16.21,3,Cluster 3,1.4152773122511955,1,False,Normal
K2-206 b,K2-206,Transit,2018,18.294549,2.79522879,0.24937361,8.22,0.0259,,244.443,5043.0,0.789481,0.758046,1,Cluster 1,1.0122590598228838,1,False,Normal
K2-207 b,K2-207,Transit,2018,12.48749,2.60585269,0.23247861,7.3,0.023,,363.064,5522.0,0.941851,0.928158,1,Cluster 1,0.9822598051386576,1,False,Normal
K2-132 b,K2-132,Transit,2017,9.1751,14.5717,1.3,155.7367,0.49,1586.0,609.818,4840.0,1.08,3.85,0,Cluster 0,1.9819368153678354,-1,True,Potential Outlier
WASP-153 b,WASP-153,Transit,2017,3.332609,17.37395,1.55,123.9537,0.39,1700.0,610.176,5914.0,1.336,1.73,0,Cluster 0,1.0182958070951442,1,False,Normal
HATS-23 b,HATS-23,Transit,2017,2.1605156,20.84874,1.86,467.2101,1.47,1654.0,639.004,5780.0,1.121,1.199,0,Cluster 0,1.3344584130107224,1,False,Normal
HD 219134 b,HD 219134,Radial Velocity,2015,3.092926,1.602,0.14292087,4.74,0.01491363,1015.0,6.53127,4699.0,0.81,0.778,1,Cluster 1,1.2256217766984154,1,False,Normal
HD 40956 b,HD 40956,Radial Velocity,2017,578.6,13.2,1.18,858.141,2.7,580.56,116.593,4869.0,2.0,8.56,3,Cluster 3,1.0268305887960927,1,False,Normal
Ross 128 b,Ross 128,Radial Velocity,2017,9.8658,1.11,0.0988,1.4,0.00440487,301.0,3.37454,3192.0,0.168,0.1967,1,Cluster 1,0.9843473500699114,1,False,Normal
K2-219 b,K2-219,Transit,2018,3.901287,1.34762583,0.12022712,2.38,0.0075,,325.4,5753.0,1.021545,1.189232,1,Cluster 1,1.0534890337601368,1,False,Normal
OGLE-2013-BLG-1721L b,OGLE-2013-BLG-1721L,Microlensing,2017,,14.1,1.26,200.0,0.64,,6300.0,,0.46,,0,Cluster 0,0.9983862036113991,1,False,Normal
HD 34445 c,HD 34445,Radial Velocity,2017,214.67,8.42,0.752,53.5,0.168,390.12,46.0907,5836.0,1.07,1.38,0,Cluster 0,0.9900482557248926,1,False,Normal
HD 219134 d,HD 219134,Radial Velocity,2015,46.859,1.61,0.14363458,16.17,0.05087625,410.5,6.53127,4699.0,0.81,0.778,1,Cluster 1,1.2019142233664066,1,False,Normal
HD 219134 f,HD 219134,Radial Velocity,2015,22.717,1.31,0.11687037,7.3,0.02296825,522.6,6.53127,4699.0,0.81,0.778,1,Cluster 1,1.2258172593930161,1,False,Normal
OGLE-2016-BLG-1190L b,OGLE-2016-BLG-1190L,Microlensing,2017,1220.0,12.3,1.1,4253.0,13.38,,6770.0,,0.88,,0,Cluster 0,1.1416456046587973,1,False,Normal
HD 113996 b,HD 113996,Radial Velocity,2017,610.2,12.7,1.14,2002.329,6.3,798.69,116.334,4181.0,1.49,25.11,3,Cluster 3,1.0902940295248107,1,False,Normal
K2-213 b,K2-213,Transit,2018,8.13087,1.51398464,0.13506866,2.9,0.00913,,389.702,5794.0,1.069596,1.20424,1,Cluster 1,1.0641867845774096,1,False,Normal
K2-215 b,K2-215,Transit,2018,8.269648,2.12381238,0.18947385,5.16,0.0162,,403.964,5704.0,0.999987,0.974398,1,Cluster 1,0.9835457906352104,1,False,Normal
HD 34445 d,HD 34445,Radial Velocity,2017,117.87,6.07,0.542,30.7,0.097,476.32,46.0907,5836.0,1.07,1.38,0,Cluster 0,1.0542173113798499,1,False,Normal
HD 34445 g,HD 34445,Radial Velocity,2017,5700.0,13.6,1.21,120.6,0.38,131.09,46.0907,5836.0,1.07,1.38,0,Cluster 0,1.00815639414975,1,False,Normal
Kepler-20 g,Kepler-20,Radial Velocity,2016,34.94,4.71,0.42,19.96,0.06280087,524.0,282.563,5495.0,0.948,0.9639,1,Cluster 1,1.1065045586702358,1,False,Normal
NGC 2682 Sand 978 b,NGC 2682 Sand 978,Radial Velocity,2017,511.21,13.3,1.19,692.8694,2.18,,821.918,4200.0,1.37,21.017414,3,Cluster 3,1.1840381745515152,1,False,Normal
Kepler-80 g,Kepler-80,Transit,2017,14.64558,1.13,0.10081185,0.065,0.00020451,418.0,369.451,4540.0,0.83,0.678,1,Cluster 1,1.4472777089443314,1,False,Normal
K2-217 b,K2-217,Transit,2018,14.074524,3.57854073,0.31925602,12.5,0.0393,,381.878,5967.0,1.102661,1.333718,1,Cluster 1,1.0455268067827241,1,False,Normal
K2-218 b,K2-218,Transit,2018,8.679885,2.56948149,0.22923378,7.13,0.0224,,394.083,5757.0,1.047488,1.008231,1,Cluster 1,0.9704331169717584,1,False,Normal
GJ 3293 c,GJ 3293,Radial Velocity,2015,122.6196,4.87,0.434,21.09,0.06635623,176.62,20.1903,3466.0,0.42,0.404,1,Cluster 1,1.403792663630616,1,False,Normal
GJ 3293 b,GJ 3293,Radial Velocity,2015,30.5987,5.19,0.463,23.54,0.07406475,280.54,20.1903,3466.0,0.42,0.404,1,Cluster 1,1.3745829942344416,1,False,Normal
Wolf 1061 b,Wolf 1061,Radial Velocity,2015,4.8869,1.21,0.108,1.91,0.0060095,461.1,4.30592,3342.0,0.294,0.307,1,Cluster 1,0.9929832475533205,1,False,Normal
K2-80 d,K2-80,Transit,2018,28.867253,2.55211506,0.22768446,7.04,0.0222,,200.802,5377.0,0.913111,0.841458,1,Cluster 1,0.980958050875517,1,False,Normal
Kepler-1652 b,Kepler-1652,Transit,2017,38.09722,1.6,0.14274244,3.19,0.01,268.0,252.0,3638.0,0.404,0.382,1,Cluster 1,1.050957776661568,1,False,Normal
Wolf 1061 c,Wolf 1061,Radial Velocity,2015,17.8719,1.66,0.148,3.41,0.01072901,299.3,4.30592,3342.0,0.294,0.307,1,Cluster 1,0.9813788108563903,1,False,Normal
PSR J2322-2650 b,PSR J2322-2650,Pulsar Timing,2017,0.322963997,13.9,1.24,252.643067,0.7949,,230.0,,1.4,,0,Cluster 0,1.223194990210263,1,False,Normal
HATS-50 b,HATS-50,Transit,2017,3.8297015,12.66617,1.13,123.9537,0.39,1275.39,756.742,5990.0,1.168,1.117,0,Cluster 0,1.1243972048227915,1,False,Normal
tau Cet f,tau Cet,Radial Velocity,2017,636.13,1.81,0.161,3.93,0.0123651,201.97,3.60304,5310.0,0.783,0.83,1,Cluster 1,1.3856046706090113,1,False,Normal
WASP-91 b,WASP-91,Transit,2017,2.798581,11.54527,1.03,425.8922,1.34,1160.0,149.942,4920.0,0.84,0.86,0,Cluster 0,1.0644858004611435,1,False,Normal
HD 9174 b,HD 9174,Radial Velocity,2016,1179.0,13.7,1.23,352.7913,1.11,234.3,81.4893,5577.0,1.03,1.67,0,Cluster 0,0.9788003121487794,1,False,Normal
HD 68402 b,HD 68402,Radial Velocity,2016,1103.0,12.6,1.12,2510.8444153,7.9,196.26,78.4293,5950.0,1.12,1.02,0,Cluster 0,0.9918332855066898,1,False,Normal
GJ 3138 b,GJ 3138,Radial Velocity,2017,1.22003,1.18,0.106,1.78,0.00560048,902.98,28.4712,3717.0,0.681,0.5,1,Cluster 1,1.3404587266702,1,False,Normal
MOA-2012-BLG-006L b,MOA-2012-BLG-006L,Microlensing,2017,,12.6,1.12,2700.0,8.4,,5300.0,,0.49,,0,Cluster 0,1.1787573621298097,1,False,Normal
WASP-105 b,WASP-105,Transit,2017,7.87288,10.76064,0.96,572.094,1.8,900.0,169.272,5070.0,0.89,0.9,0,Cluster 0,1.1489392172245703,1,False,Normal
HD 147873 c,HD 147873,Radial Velocity,2016,491.54,13.3,1.19,731.009,2.3,373.68,109.055,5972.0,1.38,2.29,0,Cluster 0,1.1230794654941065,1,False,Normal
HD 128356 b,HD 128356,Radial Velocity,2016,298.2,13.9,1.24,282.8687,0.89,232.36,26.1548,4875.0,0.65,0.85,0,Cluster 0,1.1046894921311263,1,False,Normal
GJ 3138 d,GJ 3138,Radial Velocity,2017,257.8,3.23,0.288,10.5,0.03303653,151.7,28.4712,3717.0,0.681,0.5,1,Cluster 1,1.5364209533018114,-1,True,Potential Outlier
TYC 3318-01333-1 b,TYC 3318-01333-1,Radial Velocity,2018,562.0,13.1,1.17,1086.9786,3.42,470.43,490.61,4776.0,1.19,5.9,3,Cluster 3,1.3956270040434262,1,False,Normal
GJ 625 b,GJ 625,Radial Velocity,2017,14.628,1.49,0.133,2.82,0.00887267,335.59,6.47249,3499.0,0.3,0.31,1,Cluster 1,0.9630283963107293,1,False,Normal
GJ 3323 c,GJ 3323,Radial Velocity,2017,40.54,1.32,0.118,2.31,0.00726804,147.8,5.37484,3159.0,0.164,0.119,1,Cluster 1,1.1502218824880628,1,False,Normal
BD+48 740 b,BD+48 740,Radial Velocity,2018,733.0,13.5,1.2,540.311,1.7,538.94,666.589,4534.0,1.09,10.33,3,Cluster 3,1.0478557242332633,1,False,Normal
K2-21 b,K2-21,Transit,2015,9.325038,1.84,0.1641538,4.04,0.0127,500.0,83.6448,4222.06,0.676023,0.646783,1,Cluster 1,0.969339113519242,1,False,Normal
K2-4 b,K2-4,Transit,2015,10.003417,2.1,0.18734945,5.06,0.0159,563.0,231.828,4014.73,0.635026,0.569359,1,Cluster 1,0.984839819110906,1,False,Normal
K2-21 c,K2-21,Transit,2015,15.50192,2.49,0.22214292,6.76,0.0213,420.0,83.6448,4222.06,0.676023,0.646783,1,Cluster 1,0.9784727355587336,1,False,Normal
WASP-141 b,WASP-141,Transit,2016,3.310651,13.56289,1.21,854.9627,2.69,1540.0,516.543,5900.0,1.25,1.37,0,Cluster 0,1.095129228898815,1,False,Normal
K2-31 b,K2-31,Transit,2016,1.25785,11.88154,1.06,563.83042,1.774,1688.0,110.527,5280.0,0.91,0.78,0,Cluster 0,1.118126467633407,1,False,Normal
GJ 3293 e,GJ 3293,Radial Velocity,2017,13.2543,1.63,0.145,3.28,0.01031998,370.79,20.1903,3466.0,0.42,0.404,1,Cluster 1,1.0063110844642664,1,False,Normal
GJ 3293 d,GJ 3293,Radial Velocity,2017,48.1345,2.67,0.238,7.6,0.02391215,241.22,20.1903,3466.0,0.42,0.404,1,Cluster 1,1.0487835343689835,1,False,Normal
K2-149 b,K2-149,Transit,2018,11.332,1.64,0.146311,3.33,0.0105,472.41,123.676,3745.0,0.595,0.568,1,Cluster 1,1.0141311592982993,1,False,Normal
KELT-21 b,KELT-21,Transit,2018,3.6127647,17.777474,1.586,1242.7153,3.91,2051.0,470.878,7598.0,1.458,1.638,0,Cluster 0,1.2981736241606394,1,False,Normal
K2-125 b,K2-125,Transit,2017,21.750264,2.18,0.19448657,5.39,0.017,321.22,124.156,3654.47,0.494727,0.402049,1,Cluster 1,0.9781199709777375,1,False,Normal
V830 Tau b,V830 Tau,Radial Velocity,2016,4.927,14.0,1.25,222.481,0.7,1213.95,130.111,4250.0,1.0,2.0,0,Cluster 0,2.1183013633599863,-1,True,Potential Outlier
HATS-31 b,HATS-31,Transit,2016,3.37796,18.38276,1.64,279.6904,0.88,1823.0,773.974,6050.0,1.275,1.87,0,Cluster 0,1.0065468259476618,1,False,Normal
Kepler-150 f,Kepler-150,Transit,2017,637.2093,3.64,0.32473905,12.9,0.0405,227.77,891.092,5528.0,0.97,0.905339,1,Cluster 1,1.2874339901186993,1,False,Normal
Qatar-3 b,Qatar-3,Transit,2017,2.5079204,12.285064,1.096,1369.8473,4.31,1681.0,735.601,6007.0,1.145,1.272,0,Cluster 0,1.1358008062884228,1,False,Normal
K2-160 b,K2-160,Transit,2018,3.705871,3.17824034,0.28354361,10.2,0.0322,,315.363,5649.0,0.982829,0.913754,1,Cluster 1,1.0095727272190032,1,False,Normal
K2-128 b,K2-128,Transit,2017,5.675819,1.42,0.12668391,2.6,0.00819,803.1,114.637,4469.51,0.711248,0.777569,1,Cluster 1,1.0575657276068589,1,False,Normal
HATS-34 b,HATS-34,Transit,2016,2.1061607,16.02887,1.43,299.07803,0.941,1445.0,508.842,5380.0,0.955,0.98,0,Cluster 0,1.2203224579955247,1,False,Normal
KELT-18 b,KELT-18,Transit,2017,2.8717518,17.59813,1.57,375.0394,1.18,2085.0,321.376,6670.0,1.524,1.908,0,Cluster 0,1.0303555511700062,1,False,Normal
K2-163 b,K2-163,Transit,2018,6.673117,2.46610713,0.22001134,6.65,0.0209,,208.529,4937.0,0.826112,0.762201,1,Cluster 1,1.0093036283881378,1,False,Normal
K2-165 b,K2-165,Transit,2018,2.354992,1.27443657,0.11369762,2.17,0.00682,,134.591,5185.0,0.834847,0.803827,1,Cluster 1,0.9918624473097625,1,False,Normal
K2-35 c,K2-35,Transit,2016,5.608352,1.93,0.17218307,4.38,0.0138,766.0,252.596,4402.71,0.701968,0.619575,1,Cluster 1,0.9894565684649377,1,False,Normal
HATS-35 b,HATS-35,Transit,2016,1.8209993,16.409976,1.464,388.38826,1.222,2037.0,514.555,6300.0,1.317,1.433,0,Cluster 0,1.0411833875686767,1,False,Normal
OGLE-2016-BLG-1195L b,OGLE-2016-BLG-1195L,Microlensing,2017,,1.11,0.0994,1.43,0.0045,,3910.0,,0.078,,5,Cluster 5,1.1406589266630962,1,False,Normal
K2-175 b,K2-175,Transit,2018,9.525988,2.03803688,0.18182147,4.81,0.0151,,247.266,5909.0,1.094693,1.420038,1,Cluster 1,0.9985097988243696,1,False,Normal
K2-165 c,K2-165,Transit,2018,4.382745,1.55409035,0.13864665,3.03,0.00955,,134.591,5185.0,0.834847,0.803827,1,Cluster 1,0.9903190977034498,1,False,Normal
K2-116 b,K2-116,Transit,2017,4.655411,0.69,0.06155768,0.257,0.000809,783.03,49.3855,4348.35,0.694512,0.6694,1,Cluster 1,1.097373766720452,1,False,Normal
K2-102 b,K2-102,Transit,2016,9.915615,1.3,0.11597823,2.24,0.00705,,188.175,4695.0,0.77,0.71,1,Cluster 1,0.9967079251612143,1,False,Normal
XO-6 b,XO-6,Transit,2016,3.7650007,23.20263,2.07,1398.452,4.4,1577.0,235.479,6720.0,1.47,1.93,0,Cluster 0,1.8645745338691888,-1,True,Potential Outlier
HD 6434 b,HD 6434,Radial Velocity,2003,21.998,14.2,1.27,155.7367,0.49,786.83,42.358,5769.0,1.1,1.12,0,Cluster 0,1.0344876362524347,1,False,Normal
HD 68988 b,HD 68988,Radial Velocity,2001,6.27711,13.4,1.2,626.1251,1.97,1179.39,60.8447,5932.0,1.28,1.19,0,Cluster 0,1.1189524432761904,1,False,Normal
HD 220074 b,HD 220074,Radial Velocity,2012,672.09998,12.2,1.09,5288.6912,16.64,1069.88,324.54,3787.0,2.2,54.92,3,Cluster 3,1.270077917504042,1,False,Normal
WASP-58 b,WASP-58,Transit,2012,5.01718,16.02887,1.43,308.2951,0.97,1270.0,290.404,5800.0,1.06,1.22,0,Cluster 0,1.1457850759545236,1,False,Normal
K2-231 b,K2-231,Transit,2018,13.841901,2.5,0.22303506,6.8,0.0214,,321.215,5695.0,1.01,0.95,1,Cluster 1,0.9657383695053067,1,False,Normal
HATS-39 b,HATS-39,Transit,2018,4.5776348,17.59813,1.57,200.2329,0.63,1645.0,878.521,6572.0,1.379,1.621,0,Cluster 0,1.0509158892208657,1,False,Normal
HD 137388 b,HD 137388,Radial Velocity,2011,330.0,9.32,0.832,63.566,0.2,248.42,40.4841,5181.0,0.68,0.88,0,Cluster 0,1.1151474768655245,1,False,Normal
HD 13931 b,HD 13931,Radial Velocity,2009,4218.0,13.2,1.18,889.9195396,2.8,139.38,47.3963,5867.0,1.3,1.25,0,Cluster 0,1.1587717745532573,1,False,Normal
HD 7199 b,HD 7199,Radial Velocity,2011,615.0,,,3639.13526015,11.45,218.73,36.1531,5371.0,0.77,0.97,6,Cluster 6,1.5332737061083213,-1,True,Potential Outlier
HD 75289 b,HD 75289,Radial Velocity,1999,3.50927,14.2,1.27,155.7367,0.49,1260.0,29.1158,6117.0,1.29,1.23,0,Cluster 0,1.1321694522559287,1,False,Normal
WASP-72 b,WASP-72,Transit,2012,2.21673,14.45961,1.29,731.009,2.3,2210.0,434.754,6250.0,2.78,2.18,0,Cluster 0,1.9303169098017705,-1,True,Potential Outlier
HATS-40 b,HATS-40,Transit,2018,3.2642736,17.71022,1.58,505.3497,1.59,2101.0,1342.29,6460.0,1.561,2.26,0,Cluster 0,1.0334947623390336,1,False,Normal
HATS-41 b,HATS-41,Transit,2018,4.193649,14.90797,1.33,3082.951,9.7,1710.0,737.668,6424.0,1.496,1.71,0,Cluster 0,1.1812540619574232,1,False,Normal
HD 142022 A b,HD 142022 A,Radial Velocity,2005,1928.0,12.9,1.15,1433.40611557,4.51,155.74,34.2802,5421.0,0.9,1.04,0,Cluster 0,1.0075549577405531,1,False,Normal
HD 145377 b,HD 145377,Radial Velocity,2008,103.95,12.8,1.14,1913.3366,6.02,442.98,53.4884,6014.0,1.2,1.05,0,Cluster 0,1.0416061189064778,1,False,Normal
HD 76700 b,HD 76700,Radial Velocity,2002,3.97097,9.6,0.856,66.7443,0.21,1424.61,60.8831,5644.0,0.99,1.37,0,Cluster 0,1.089470402313451,1,False,Normal
HD 82886 b,HD 82886,Radial Velocity,2011,705.0,13.3,1.19,740.5439,2.33,435.78,127.061,4953.0,2.53,5.26,3,Cluster 3,1.5686996062336942,-1,True,Potential Outlier
HD 24040 b,HD 24040,Radial Velocity,2006,3668.0,12.9,1.15,1589.142035,5.0,143.81,46.6224,5802.0,1.11,1.3,0,Cluster 0,0.9908762516653826,1,False,Normal
HD 222155 b,HD 222155,Radial Velocity,2011,3999.0,13.4,1.2,581.62598481,1.83,164.93,50.6078,5701.0,1.21,1.85,0,Cluster 0,1.2710654812233453,1,False,Normal
HD 158996 b,HD 158996,Radial Velocity,2018,820.2,12.3,1.1,4449.62,14.0,960.27,283.659,4069.0,1.8,50.3,3,Cluster 3,1.1735666228796524,1,False,Normal
KPS-1 b,KPS-1,Transit,2018,1.706291,11.54527,1.03,346.4347,1.09,1459.0,262.706,5165.0,0.892,0.907,0,Cluster 0,1.0576004285351712,1,False,Normal
HD 154672 b,HD 154672,Radial Velocity,2008,163.94,12.8,1.14,1706.7471,5.37,410.76,63.0484,5743.0,1.18,1.32,0,Cluster 0,1.0490608333734364,1,False,Normal
KELT-6 b,KELT-6,Transit,2014,7.8457,14.5717,1.3,165.2716,0.52,1313.0,240.726,6102.0,1.42,1.73,0,Cluster 0,1.183705188372518,1,False,Normal
HAT-P-49 b,HAT-P-49,Transit,2014,2.69155,17.82231,1.59,699.226,2.2,2131.0,350.351,6820.0,2.22,2.06,0,Cluster 0,1.4166145908763714,1,False,Normal
K2-155 c,K2-155,Transit,2018,13.85,2.6,0.23195646,7.27,0.0229,583.0,72.7998,4258.0,0.65,0.58,1,Cluster 1,0.9950983090356772,1,False,Normal
HD 158038 b,HD 158038,Radial Velocity,2011,521.0,13.5,1.21,486.2799,1.53,405.91,94.8625,4860.0,1.3,4.5,3,Cluster 3,0.9748877336671923,1,False,Normal
HR 810 b,HR 810,Radial Velocity,1999,302.79999,12.7,1.14,1970.5361234,6.2,329.57,17.3181,6167.0,1.34,1.13,0,Cluster 0,1.0463753081055267,1,False,Normal
BD-13 2130 b,BD-13 2130,Radial Velocity,2007,714.29999,12.5,1.11,3108.3774,9.78,744.77,925.214,4545.0,2.12,19.17,3,Cluster 3,1.4508565645289084,1,False,Normal
HD 285507 b,HD 285507,Radial Velocity,2013,6.0881,13.8,1.23,311.4734,0.98,736.35,45.0293,4503.0,0.82,0.69,0,Cluster 0,1.2153436229439902,1,False,Normal
WASP-117 b,WASP-117,Transit,2014,10.02165,11.88154,1.06,95.349,0.3,1001.0,157.963,6040.0,1.29,1.22,0,Cluster 0,1.0283655207500364,1,False,Normal
K2-155 d,K2-155,Transit,2018,40.718,1.9,0.16950665,4.27,0.0134,381.0,72.7998,4258.0,0.65,0.58,1,Cluster 1,1.0023153819835176,1,False,Normal
HD 16175 b,HD 16175,Radial Velocity,2009,990.0,12.8,1.14,1875.1876013,5.9,259.78,59.859,5981.0,1.63,1.72,0,Cluster 0,1.3290851751990849,1,False,Normal
HD 16141 b,HD 16141,Radial Velocity,2000,75.523,10.9,0.971,82.6358,0.26,562.87,37.7861,5757.0,1.11,1.48,0,Cluster 0,1.0396570126282767,1,False,Normal
WASP-11 b,WASP-11,Transit,2008,3.72247,12.44199,1.11,251.0857,0.79,992.0,124.73,4800.0,1.42,0.89,0,Cluster 0,1.4628114315589067,1,False,Normal
WASP-13 b,WASP-13,Transit,2009,4.35301,13.67498,1.22,114.4188,0.36,1531.0,227.537,5950.0,0.72,1.37,0,Cluster 0,1.5720621865068327,-1,True,Potential Outlier
WASP-95 b,WASP-95,Transit,2014,2.18467,13.78707,1.23,457.6752,1.44,1570.0,137.544,5830.0,1.46,1.23,0,Cluster 0,1.149276170189312,1,False,Normal
WASP-97 b,WASP-97,Transit,2014,2.07276,12.77826,1.14,432.2488,1.36,1555.0,151.068,5640.0,1.18,1.08,0,Cluster 0,1.0887873185890595,1,False,Normal
11 UMi b,11 UMi,Radial Velocity,2009,516.21997,12.3,1.09,4684.8142,14.74,896.43,125.321,4213.0,2.78,29.79,3,Cluster 3,1.2580496147021651,1,False,Normal
BD-08 2823 b,BD-08 2823,Radial Velocity,2009,5.6,,,2948.49413174,9.277,798.86,41.3342,4816.0,0.5,0.71,6,Cluster 6,1.1797346705625509,1,False,Normal
HD 1690 b,HD 1690,Radial Velocity,2010,533.0,12.5,1.12,2793.7257,8.79,841.73,752.615,4374.0,1.86,21.66,3,Cluster 3,1.4066751170108212,1,False,Normal
WASP-14 b,WASP-14,Transit,2008,2.24375,15.46842,1.38,2809.6172,8.84,1872.0,161.997,6475.0,1.62,1.4,0,Cluster 0,1.1955290680232329,1,False,Normal
WASP-101 b,WASP-101,Transit,2014,3.58572,16.02887,1.43,162.0933,0.51,1560.0,201.224,6380.0,1.41,1.31,0,Cluster 0,1.033038195667559,1,False,Normal
BD-10 3166 b,BD-10 3166,Radial Velocity,2000,3.48777,14.1,1.26,187.5197,0.59,1240.38,84.4069,5393.0,1.47,0.91,0,Cluster 0,1.3827596555743855,1,False,Normal
GJ 86 b,GJ 86,Radial Velocity,1999,15.76491,12.9,1.15,1404.8086,4.42,661.12,10.7836,5182.0,0.93,0.77,0,Cluster 0,1.0053581720449014,1,False,Normal
WASP-22 b,WASP-22,Transit,2010,3.53269,13.78707,1.23,212.9461,0.67,1502.0,317.652,6000.0,1.46,1.24,0,Cluster 0,1.130399256006109,1,False,Normal
HD 95127 b,HD 95127,Radial Velocity,2015,482.0,12.4,1.11,3378.5329,10.63,1151.28,676.579,4218.0,3.7,41.01,3,Cluster 3,1.4548188228478334,1,False,Normal
WASP-82 b,WASP-82,Transit,2015,2.70579,18.15858,1.62,371.8611,1.17,2190.0,275.664,6480.0,1.48,2.1,0,Cluster 0,1.0665880890374817,1,False,Normal
HD 204941 b,HD 204941,Radial Velocity,2011,1733.0,10.1,0.903,73.1009,0.23,134.04,28.7165,5026.0,0.58,0.78,0,Cluster 0,1.29647627799047,1,False,Normal
WASP-29 b,WASP-29,Transit,2010,3.92273,8.63093,0.77,73.1009,0.23,970.0,87.5953,4800.0,0.77,0.79,0,Cluster 0,1.0782312112427366,1,False,Normal
WASP-26 b,WASP-26,Transit,2010,2.7566,13.56289,1.21,270.1555,0.85,1650.0,252.759,6034.0,0.86,1.22,0,Cluster 0,1.1770673615555987,1,False,Normal
K2-164 b,K2-164,Transit,2018,17.355066,3.24925008,0.28987868,10.6,0.0334,,375.67,5791.0,1.180894,2.196069,1,Cluster 1,1.3174031468573073,1,False,Normal
K2-169 b,K2-169,Transit,2018,6.380803,1.27328671,0.11359503,2.16,0.00681,,235.867,5548.0,0.986144,0.919053,1,Cluster 1,1.0707780677546115,1,False,Normal
HAT-P-22 b,HAT-P-22,Transit,2010,3.21222,12.89035,1.15,785.0401,2.47,1463.0,81.7647,5302.0,1.13,1.11,0,Cluster 0,1.249628890752658,1,False,Normal
HAT-P-24 b,HAT-P-24,Transit,2010,3.35524,14.5717,1.3,238.3725,0.75,1637.0,415.344,6373.0,1.37,1.38,0,Cluster 0,0.9940934810723234,1,False,Normal
HD 212301 b,HD 212301,Radial Velocity,2005,2.24571,14.2,1.27,162.0933,0.51,1870.75,54.2304,6239.0,1.55,1.16,0,Cluster 0,1.2676359219558218,1,False,Normal
WASP-38 b,WASP-38,Transit,2010,6.87188,13.78707,1.23,1093.3352,3.44,1250.0,136.24,6180.0,1.76,1.52,0,Cluster 0,1.674664242354119,-1,True,Potential Outlier
K2-170 b,K2-170,Transit,2018,7.576544,1.41817537,0.12652113,2.6,0.00817,,392.872,5748.0,0.963657,0.981614,1,Cluster 1,0.9906876102709521,1,False,Normal
K2-171 b,K2-171,Transit,2018,5.628466,2.68657205,0.2396799,7.69,0.0242,,606.128,5250.0,0.891587,1.717458,1,Cluster 1,1.6670730694019376,-1,True,Potential Outlier
HAT-P-29 b,HAT-P-29,Transit,2011,5.72319,13.11453,1.17,279.6904,0.88,1281.0,313.576,6087.0,1.45,1.3,0,Cluster 0,1.175986919179738,1,False,Normal
HD 213240 b,HD 213240,Radial Velocity,2001,882.70001,12.8,1.14,1655.88600047,5.21,257.7,40.8707,5979.0,1.57,1.51,0,Cluster 0,1.2510650252176136,1,False,Normal
HD 215497 b,HD 215497,Radial Velocity,2009,3.93404,,,1588.82420659,4.999,1015.96,40.5468,5110.0,0.67,0.85,6,Cluster 6,1.261256304097061,1,False,Normal
WASP-41 b,WASP-41,Transit,2011,3.0524,12.3299,1.1,270.1555,0.85,1244.0,163.371,5545.0,0.81,0.83,0,Cluster 0,1.0572300922281412,1,False,Normal
WASP-48 b,WASP-48,Transit,2011,2.14363,16.8135,1.5,254.264,0.8,2035.0,454.144,5920.0,0.88,1.58,0,Cluster 0,1.2794674856045831,1,False,Normal
K2-172 b,K2-172,Transit,2018,14.316941,1.66608079,0.14863777,3.42,0.0107,,249.742,5569.0,0.934356,0.868889,1,Cluster 1,0.9744562984047285,1,False,Normal
K2-172 c,K2-172,Transit,2018,29.62682,3.20569097,0.28599259,10.4,0.0326,,249.742,5569.0,0.934356,0.868889,1,Cluster 1,1.010760616351806,1,False,Normal
K2-190 b,K2-190,Transit,2018,10.098858,1.35673729,0.12103999,2.41,0.00758,,160.679,5631.0,0.904597,0.912206,1,Cluster 1,1.0026392706398315,1,False,Normal
HAT-P-5 b,HAT-P-5,Transit,2007,2.78849,13.56289,1.21,311.4734,0.98,1517.0,303.336,5960.0,1.04,1.12,0,Cluster 0,0.9956970233457423,1,False,Normal
HAT-P-6 b,HAT-P-6,Transit,2007,3.85298,16.58932,1.48,419.5356,1.32,1675.0,275.358,6570.0,1.79,1.62,0,Cluster 0,1.2619572570899176,1,False,Normal
HD 218566 b,HD 218566,Radial Velocity,2010,225.7,9.32,0.832,63.566,0.2,253.15,28.8274,4730.0,0.76,0.85,0,Cluster 0,1.0722675828433226,1,False,Normal
HD 240237 b,HD 240237,Radial Velocity,2011,745.70001,12.2,1.09,5050.3187,15.89,1153.09,933.377,3926.0,8.76,71.23,3,Cluster 3,2.9035699176596856,-1,True,Potential Outlier
XO-1 b,XO-1,Transit,2006,3.94153,12.77826,1.14,263.7989,0.83,1210.0,163.553,5750.0,0.88,0.88,0,Cluster 0,1.0180760878260304,1,False,Normal
XO-4 b,XO-4,Transit,2010,4.12508,14.01125,1.25,451.3186,1.42,1630.0,272.655,6397.0,1.1,1.45,0,Cluster 0,1.1150369485511418,1,False,Normal
K2-191 b,K2-191,Transit,2018,2.858646,1.57889322,0.14085942,3.12,0.00981,,287.188,5176.0,0.900994,0.839696,1,Cluster 1,1.0457565334518844,1,False,Normal
K2-200 b,K2-200,Transit,2018,2.849883,1.3643987,0.1217235,2.43,0.00766,,184.131,5233.0,0.860208,0.791736,1,Cluster 1,0.9908555639870176,1,False,Normal
HD 101930 b,HD 101930,Radial Velocity,2005,70.46,10.6,0.949,79.4575,0.25,417.04,30.0274,5108.0,0.57,0.86,0,Cluster 0,1.2953006833185827,1,False,Normal
HD 2638 b,HD 2638,Radial Velocity,2005,3.4442,14.3,1.28,133.4886,0.42,1212.27,54.9621,5186.0,0.77,0.94,0,Cluster 0,1.2711209309666587,1,False,Normal
HD 30562 b,HD 30562,Radial Velocity,2009,1157.0,13.6,1.21,467.20775829,1.47,235.27,26.1597,5882.0,1.12,1.61,0,Cluster 0,1.2980605044547961,1,False,Normal
KELT-2 A b,KELT-2 A,Transit,2012,4.11379,15.13215,1.35,540.311,1.7,2080.0,134.058,6327.0,1.54,1.93,0,Cluster 0,1.0843831176919807,1,False,Normal
Pr0201 b,Pr0201,Radial Velocity,2012,4.4264,14.2,1.27,171.6282,0.54,1303.39,180.64,6174.0,1.24,1.15,0,Cluster 0,1.1171957392555127,1,False,Normal
K2-173 b,K2-173,Transit,2018,5.868699,1.60826194,0.14347952,3.22,0.0101,,228.641,5580.0,0.881538,0.843154,1,Cluster 1,1.0207005411405192,1,False,Normal
HD 102195 b,HD 102195,Radial Velocity,2006,4.11377,14.2,1.27,130.3103,0.41,1035.17,29.3386,5301.0,0.76,0.82,0,Cluster 0,1.2423667458071646,1,False,Normal
HD 102117 b,HD 102117,Radial Velocity,2005,20.8133,8.47,0.756,54.0311,0.17,780.86,39.5792,5655.0,1.06,1.23,0,Cluster 0,0.9988433399999271,1,False,Normal
HD 330075 b,HD 330075,Radial Velocity,2004,3.38773,14.3,1.27,152.5584,0.48,990.0,45.2989,5000.0,0.47,0.84,0,Cluster 0,1.8125863785331062,-1,True,Potential Outlier
HD 34445 b,HD 34445,Radial Velocity,2009,1049.0,13.9,1.24,260.6206,0.82,231.47,46.0907,5879.0,1.14,1.38,0,Cluster 0,0.9850256986021673,1,False,Normal
HD 77338 b,HD 77338,Radial Velocity,2012,5.7361,4.12,0.368,15.9,0.05,1035.54,45.935,5341.0,1.37,0.97,1,Cluster 1,1.8289926967173398,-1,True,Potential Outlier
HAT-P-40 b,HAT-P-40,Transit,2012,4.45724,17.03768,1.52,152.5584,0.48,1770.0,464.469,6080.0,1.03,1.94,0,Cluster 0,1.086489194529433,1,False,Normal
HD 215152 c,HD 215152,Radial Velocity,2018,7.28243,,,468.79690033,1.475,783.2,21.5974,4935.0,0.77,0.73,1,Cluster 1,1.8778900374429388,-1,True,Potential Outlier
HD 215152 d,HD 215152,Radial Velocity,2018,10.86499,,,770.41605857,2.424,685.43,21.5974,4935.0,0.77,0.73,1,Cluster 1,2.9547966663068963,-1,True,Potential Outlier
HD 103197 b,HD 103197,Radial Velocity,2011,47.84,5.83,0.52,28.6047,0.09,474.97,57.1463,5250.0,0.8,0.88,1,Cluster 1,1.2197368805587194,1,False,Normal
HD 108874 b,HD 108874,Radial Velocity,2002,394.48123,13.6,1.21,451.3186,1.42,271.33,59.5175,5600.0,1.1,1.05,0,Cluster 0,0.9966142129937898,1,False,Normal
HD 40979 b,HD 40979,Radial Velocity,2002,264.14999,12.9,1.15,1484.2661,4.67,354.69,34.0883,6165.0,1.45,1.21,0,Cluster 0,1.2025279373442281,1,False,Normal
HD 4203 b,HD 4203,Radial Velocity,2001,431.88,13.3,1.19,708.7609,2.23,297.28,81.3795,5596.0,1.25,1.42,0,Cluster 0,1.0490570042496656,1,False,Normal
WASP-49 b,WASP-49,Transit,2012,2.78174,12.44199,1.11,117.5971,0.37,1400.0,194.553,5600.0,0.92,0.97,0,Cluster 0,1.0398629499772258,1,False,Normal
UKIRT-2017-BLG-001L b,UKIRT-2017-BLG-001L,Microlensing,2018,,13.7,1.22,407.0,1.28,,6300.0,,0.81,,0,Cluster 0,1.0193890740066203,1,False,Normal
HD 121504 b,HD 121504,Radial Velocity,2003,63.33,13.6,1.21,479.9233,1.51,523.32,41.6592,6027.0,1.62,1.07,0,Cluster 0,1.4224328635056127,1,False,Normal
HD 47186 b,HD 47186,Radial Velocity,2008,4.0845,5.02,0.448,22.2481,0.07,1267.79,37.4574,5657.0,0.96,1.08,1,Cluster 1,1.157939005541127,1,False,Normal
WASP-66 b,WASP-66,Transit,2012,4.08605,15.6926,1.4,746.9005,2.35,1569.7,500.258,6600.0,1.33,1.76,0,Cluster 0,1.1788169850690469,1,False,Normal
WASP-67 b,WASP-67,Transit,2012,4.61442,12.89035,1.15,136.6669,0.43,1003.0,189.469,5200.0,0.91,0.88,0,Cluster 0,0.99948976666718,1,False,Normal
K2-197 b,K2-197,Transit,2018,8.357881,2.56,0.2283879,7.08,0.0223,848.0,247.637,5667.0,1.0,0.93,1,Cluster 1,0.9947041147543436,1,False,Normal
HD 185269 b,HD 185269,Radial Velocity,2006,6.83776,13.8,1.23,321.0083,1.01,1455.61,51.9917,5923.0,1.3,2.0,0,Cluster 0,1.0180783395957813,1,False,Normal
HD 181342 b,HD 181342,Radial Velocity,2009,564.1,13.2,1.18,807.2882,2.54,410.15,120.391,4945.0,1.69,4.71,3,Cluster 3,1.0965800005934274,1,False,Normal
K2-240 b,K2-240,Transit,2018,6.034,2.0,0.17842805,4.66,0.0147,586.0,72.9105,3810.0,0.58,0.54,1,Cluster 1,0.9978311473915469,1,False,Normal
CoRoT-20 c,CoRoT-20,Radial Velocity,2018,1675.0,12.2,1.09,5403.11,17.0,168.16,844.061,5880.0,1.14,1.02,0,Cluster 0,1.6401896406299734,-1,True,Potential Outlier
HD 89345 b,HD 89345,Transit,2018,11.8143,7.39794,0.66,34.9613,0.11,1089.0,132.345,5576.0,1.157,1.747,0,Cluster 0,1.0739640812677205,1,False,Normal
WASP-158 b,WASP-158,Transit,2018,3.656333,11.99363,1.07,886.7457,2.79,1590.0,524.993,6350.0,1.38,1.39,0,Cluster 0,1.1231067085995703,1,False,Normal
HD 200964 b,HD 200964,Radial Velocity,2010,606.3,13.5,1.21,508.21017,1.599,425.95,72.5922,4982.0,1.39,4.92,3,Cluster 3,0.986472364986547,1,False,Normal
K2-238 b,K2-238,Transit,2018,3.20466,14.5717,1.3,273.3338,0.86,1587.0,537.963,5630.0,1.19,1.59,0,Cluster 0,1.002578029556683,1,False,Normal
WASP-162 b,WASP-162,Transit,2018,9.62468,11.209,1.0,1652.716,5.2,910.0,310.841,5300.0,0.95,1.11,0,Cluster 0,1.202970642836352,1,False,Normal
WASP-168 b,WASP-168,Transit,2018,4.153658,16.8135,1.5,133.4886,0.42,1340.0,303.941,6000.0,1.08,1.12,0,Cluster 0,1.1893758621480828,1,False,Normal
HD 28678 b,HD 28678,Radial Velocity,2011,380.2,13.5,1.21,490.09386,1.542,561.84,189.908,4972.0,1.53,6.48,3,Cluster 3,1.364115855263821,1,False,Normal
HD 30856 b,HD 30856,Radial Velocity,2011,847.0,13.5,1.21,491.68301,1.547,364.02,131.199,4895.0,1.17,4.4,3,Cluster 3,1.1314206044928867,1,False,Normal
OGLE-2014-BLG-1722L c,OGLE-2014-BLG-1722L,Microlensing,2018,,11.0,0.978,83.7,0.263,,6400.0,,0.4,,5,Cluster 5,1.2237638461556244,1,False,Normal
K2-244 b,K2-244,Transit,2018,21.06884,1.75,0.15612454,3.71,0.0117,638.0,212.902,5677.0,0.86,0.92,1,Cluster 1,1.0859905133877024,1,False,Normal
K2-266 b,K2-266,Transit,2018,0.658524,3.3,0.29440628,11.26782377,0.03545236,1515.0,77.5586,4285.0,0.686,0.703,1,Cluster 1,1.495084375880066,1,False,Normal
K2-266 c,K2-266,Transit,2018,7.814,0.705,0.06289589,0.29013072,0.00091285,664.5,77.5586,4285.0,0.686,0.703,1,Cluster 1,1.158686020702277,1,False,Normal
WASP-173 A b,WASP-173 A,Transit,2018,1.38665318,13.4508,1.2,1172.7927,3.69,1880.0,232.98,5800.0,1.05,1.11,0,Cluster 0,1.255921698394285,1,False,Normal
OGLE-2011-BLG-0173L b,OGLE-2011-BLG-0173L,Microlensing,2018,,9.01,0.804,60.0,0.19,,6100.0,,0.41,,5,Cluster 5,1.0478971952073144,1,False,Normal
HD 5319 b,HD 5319,Radial Velocity,2007,637.1,13.5,1.21,494.54348,1.556,377.72,121.405,4871.0,1.27,4.06,3,Cluster 3,1.0191824382723538,1,False,Normal
K2-159 b,K2-159,Transit,2018,12.42205,2.26,0.2016237,5.73,0.018,684.0,170.998,5425.0,0.9,0.83,1,Cluster 1,0.9933761635479138,1,False,Normal
K2-266 e,K2-266,Transit,2018,19.482,2.73,0.24355429,14.3,0.04499261,490.1,77.5586,4285.0,0.686,0.703,1,Cluster 1,1.0295466994982054,1,False,Normal
K2-266 d,K2-266,Transit,2018,14.697,2.93,0.26139709,8.9,0.02800239,538.3,77.5586,4285.0,0.686,0.703,1,Cluster 1,1.0480185264749136,1,False,Normal
WASP-147 b,WASP-147,Transit,2018,4.60273,12.498035,1.115,87.40325,0.275,1404.0,436.098,5702.0,1.044,1.429,0,Cluster 0,1.0026590934235644,1,False,Normal
WASP-160 B b,WASP-160 B,Transit,2018,3.7684952,12.21781,1.09,88.35674,0.278,1119.0,288.326,5298.0,0.87,0.868,0,Cluster 0,0.9748415582886449,1,False,Normal
HD 95089 c,HD 95089,Radial Velocity,2016,1785.0,13.1,1.17,1096.5135,3.45,292.91,136.957,4918.0,1.54,5.08,3,Cluster 3,1.115795708292984,1,False,Normal
K2-166 b,K2-166,Transit,2018,8.52695,2.19,0.19537871,5.43,0.0171,1140.0,476.882,5960.0,1.16,1.61,1,Cluster 1,1.086763746705362,1,False,Normal
HATS-36 b,HATS-36,Transit,2018,4.175186,12.92,1.1526452,1022.14128,3.216,1203.0,856.436,5950.0,1.1,1.1,0,Cluster 0,1.1605707073536826,1,False,Normal
WASP-165 b,WASP-165,Transit,2018,3.465509,14.12334,1.26,209.13214,0.658,1624.0,602.236,5599.0,1.248,1.75,0,Cluster 0,1.051895610222334,1,False,Normal
HD 96063 b,HD 96063,Radial Velocity,2011,362.5,13.7,1.22,403.6441,1.27,500.75,140.065,5020.0,1.37,4.75,3,Cluster 3,0.9873442117827832,1,False,Normal
K2-228 b,K2-228,Transit,2018,2.69828,1.21,0.10794897,1.92,0.00606,914.0,129.46,4715.0,0.71,0.65,1,Cluster 1,1.095042916428359,1,False,Normal
K2-283 b,K2-283,Transit,2018,1.921036,3.52,0.31403337,12.2,0.0383,1186.0,402.915,5060.0,0.89,0.82,1,Cluster 1,1.2448022114971153,1,False,Normal
K2-151 b,K2-151,Transit,2018,3.835476,1.49,0.1329289,2.83,0.00889,566.0,69.4798,3695.0,0.47,0.45,1,Cluster 1,0.9874025870119999,1,False,Normal
K2-281 b,K2-281,Transit,2018,8.687721,8.18,0.72977072,50.9,0.16,665.0,458.139,4812.0,0.82,0.76,0,Cluster 0,1.0426023425414805,1,False,Normal
K2-216 b,K2-216,Transit,2018,2.1748,1.75,0.15612454,8.0,0.02517069,1103.0,115.461,4503.0,0.7,0.72,1,Cluster 1,1.1578700345152908,1,False,Normal
HD 5319 c,HD 5319,Radial Velocity,2014,872.2,13.8,1.23,334.67499,1.053,340.67,121.405,4871.0,1.27,4.06,3,Cluster 3,1.0350249033092673,1,False,Normal
K2-230 b,K2-230,Transit,2018,2.86041,1.96,0.17485949,4.5,0.0142,1529.0,540.773,5945.0,1.11,1.39,1,Cluster 1,1.0100844034166407,1,False,Normal
K2-188 b,K2-188,Transit,2018,1.742169,1.35,0.12043893,2.39,0.00752,1692.0,446.821,5977.0,1.06,1.19,1,Cluster 1,0.9825439379535741,1,False,Normal
GJ 96 b,GJ 96,Radial Velocity,2018,73.94,4.67,0.417,19.66,0.06185697,257.81,11.9315,3785.0,0.6,0.580612,1,Cluster 1,1.3853863533908073,1,False,Normal
KMT-2016-BLG-1820L b,KMT-2016-BLG-1820L,Microlensing,2018,,12.9,1.15,1450.0,4.57,,6260.0,,0.039,,0,Cluster 0,1.8270719131455941,-1,True,Potential Outlier
HD 94834 b,HD 94834,Radial Velocity,2018,1576.0,13.7,1.22,400.4658,1.26,286.45,98.1609,4798.0,1.11,4.2,3,Cluster 3,1.3299955307252103,1,False,Normal
K2-153 b,K2-153,Transit,2018,7.51574,2.0,0.17842805,4.66,0.0147,497.0,143.125,3845.0,0.55,0.53,1,Cluster 1,0.9767066905671719,1,False,Normal
HATS-11 b,HATS-11,Transit,2016,3.619188,18.03,1.60852886,263.7989,0.83,1596.0,944.603,6563.0,1.33,1.54,0,Cluster 0,1.0883044440542413,1,False,Normal
KMT-2016-BLG-2142L b,KMT-2016-BLG-2142L,Microlensing,2018,,12.2,1.09,4923.0,15.49,,7010.0,,0.073,,0,Cluster 0,1.1369642469379588,1,False,Normal
MOA-2015-BLG-337L b,MOA-2015-BLG-337L,Microlensing,2018,,6.42,0.572,33.7,0.106,,7100.0,,0.0094,,5,Cluster 5,1.267415132282485,1,False,Normal
K2-241 b,K2-241,Transit,2018,26.8199,2.55,0.22749576,7.04,0.0221,507.0,149.464,5262.0,0.71,0.75,1,Cluster 1,1.2592636544904674,1,False,Normal
K2-117 c,K2-117,Transit,2017,5.444017,2.06,0.18378089,4.9,0.0154,537.0,101.632,3778.0,0.54,0.51,1,Cluster 1,0.9842267467175935,1,False,Normal
K2-284 b,K2-284,Transit,2018,4.795069,2.78,0.24801499,8.15,0.0256,653.0,107.272,4140.0,0.63,0.607,1,Cluster 1,1.03836229535783,1,False,Normal
MOA-2016-BLG-319L b,MOA-2016-BLG-319L,Microlensing,2018,,14.1,1.26,200.0,0.62,,6800.0,,0.15,,0,Cluster 0,1.047787286395578,1,False,Normal
HD 12648 b,HD 12648,Radial Velocity,2015,133.60001,13.4,1.2,622.9468,1.96,1053.23,182.192,4835.0,0.67,11.02,3,Cluster 3,1.2631787188089592,1,False,Normal
K2-243 b,K2-243,Transit,2018,11.54182,2.17,0.19359443,5.35,0.0168,1035.0,266.864,6570.0,1.29,1.39,1,Cluster 1,1.1455628082290037,1,False,Normal
K2-117 b,K2-117,Transit,2017,1.2916,2.03,0.18110447,4.78,0.015,868.0,101.632,3778.0,0.54,0.51,1,Cluster 1,1.062636591353671,1,False,Normal
K2-312 c,HD 80653,Radial Velocity,2023,871.32,12.8,1.14,1681.31227303,5.29,229.0,109.86,5959.0,1.15,1.199,0,Cluster 0,1.041524353376707,1,False,Normal
K2-245 b,K2-245,Transit,2018,11.89307,4.34,0.38718887,17.4,0.0546,923.0,456.064,5793.0,0.83,1.25,1,Cluster 1,1.4994714246762417,1,False,Normal
K2-270 c,K2-270,Transit,2018,4.400028,2.95,0.26318137,9.01,0.0283,848.0,280.518,4877.0,0.85,0.77,1,Cluster 1,1.1582245738978965,1,False,Normal
HATS-59 b,HATS-59,Transit,2018,5.416081,12.621334,1.126,256.17098,0.806,1128.0,642.884,5670.0,1.038,1.036,0,Cluster 0,1.004256038613373,1,False,Normal
KELT-15 b,KELT-15,Transit,2016,3.32944,19.50366,1.74,416.3573,1.31,1642.0,324.683,6003.0,2.06,1.78,0,Cluster 0,1.6141088079917645,-1,True,Potential Outlier
K2-247 b,K2-247,Transit,2018,2.25021,2.12,0.18913373,5.14,0.0162,979.0,258.113,4667.0,0.74,0.69,1,Cluster 1,1.0717627883479897,1,False,Normal
EPIC 211945201 b,EPIC 211945201,Transit,2018,19.49221,5.76,0.51387278,11.0,0.03460987,817.0,181.69,6069.0,1.17,1.39,1,Cluster 1,1.095315068127707,1,False,Normal
CoRoT-21 b,CoRoT-21,Transit,2012,2.72474,14.5717,1.3,718.2958,2.26,2044.44,1398.83419686,6200.0,1.29,1.95,0,Cluster 0,1.0842745706394759,1,False,Normal
70 Vir b,70 Vir,Radial Velocity,1996,116.688,12.6,1.13,2380.45,7.49,525.24,17.9011,5495.0,1.09,1.89,0,Cluster 0,1.3004634794754668,1,False,Normal
K2-39 b,K2-39,Transit,2016,4.60543,6.27704,0.56,28.6047,0.09,1670.0,307.47,4881.0,0.66,2.97,1,Cluster 1,2.251481226736266,-1,True,Potential Outlier
K2-248 b,K2-248,Transit,2018,7.17256,2.57,0.22928004,7.13,0.0224,886.0,406.254,5528.0,0.88,0.92,1,Cluster 1,1.0311733046389735,1,False,Normal
K2-276 b,K2-276,Transit,2018,18.718269,3.77,0.33633687,13.7,0.043,583.0,488.152,5139.0,0.82,0.85,1,Cluster 1,1.1292086087652424,1,False,Normal
HD 102956 b,HD 102956,Radial Velocity,2010,6.4947,13.8,1.23,305.1168,0.96,1804.96,121.89,4985.0,1.66,4.55,0,Cluster 0,1.9505587693423476,-1,True,Potential Outlier
HD 108863 b,HD 108863,Radial Velocity,2011,437.7,13.3,1.18,767.24162,2.414,490.51,164.742,4878.0,1.59,5.74,3,Cluster 3,1.1187365502670388,1,False,Normal
HATS-46 b,HATS-46,Transit,2018,4.7423729,10.121727,0.903,54.98459,0.173,1054.0,453.808,5495.0,0.917,0.853,0,Cluster 0,0.9961765952109305,1,False,Normal
HATS-7 b,HATS-7,Transit,2015,3.185315,6.310667,0.563,38.1396,0.12,1084.0,240.707,4985.0,0.849,0.815,1,Cluster 1,1.1410427803559733,1,False,Normal
K2-252 b,K2-252,Transit,2018,13.81513,1.74,0.1552324,3.68,0.0116,639.0,228.839,5152.0,0.79,0.82,1,Cluster 1,1.0530793339723865,1,False,Normal
K2-188 c,K2-188,Transit,2018,7.810253,2.83,0.25247569,8.4,0.0264,1026.0,446.821,5977.0,1.06,1.19,1,Cluster 1,0.9983544110796183,1,False,Normal
HD 131496 b,HD 131496,Radial Velocity,2011,896.0,13.4,1.2,572.094,1.8,347.3,131.849,4846.0,1.34,4.44,3,Cluster 3,0.960270503574149,1,False,Normal
HD 1502 b,HD 1502,Radial Velocity,2011,428.5,13.2,1.18,874.0325,2.75,458.89,190.953,4947.0,1.46,4.67,3,Cluster 3,1.0167510902771242,1,False,Normal
NGTS-3 A b,NGTS-3 A,Transit,2018,1.6753728,16.58932,1.48,756.4354,2.38,1434.44,743.972,5600.0,1.017,0.93,0,Cluster 0,1.3320372999039984,1,False,Normal
K2-254 b,K2-254,Transit,2018,4.09639,1.63,0.14541886,3.29,0.0104,791.0,227.775,4629.0,0.71,0.67,1,Cluster 1,1.0075665687862072,1,False,Normal
K2-192 b,K2-192,Transit,2018,4.162817,1.52,0.13560532,2.92,0.0092,939.0,221.753,5222.0,0.9,0.81,1,Cluster 1,1.0159120929517358,1,False,Normal
K2-239 c,K2-239,Transit,2018,7.775,1.0,0.08921402,0.972,0.00306,427.0,31.0849,3420.0,0.4,0.36,1,Cluster 1,1.0449269026591241,1,False,Normal
K2-258 b,K2-258,Transit,2018,19.0921,3.0,0.26764207,9.27,0.0292,831.0,661.873,6351.0,1.21,1.31,1,Cluster 1,1.1181338481848209,1,False,Normal
HD 70642 b,HD 70642,Radial Velocity,2003,2124.54,13.0,1.16,1239.5307873,3.9,150.52,29.276,5732.0,1.078,0.984,0,Cluster 0,0.9776143400650078,1,False,Normal
HATS-69 b,HATS-69,Transit,2018,2.2252577,10.592505,0.945,183.38791,0.577,1295.7,414.537,5137.0,0.892,0.8785,0,Cluster 0,1.0321947468155144,1,False,Normal
HD 202696 b,HD 202696,Radial Velocity,2019,517.8,,,634.38868,1.996,492.46,188.546,5040.0,1.91,6.43,1,Cluster 1,2.6030873202109897,-1,True,Potential Outlier
HD 202696 c,HD 202696,Radial Velocity,2019,946.6,,,592.43512,1.864,402.69,188.546,5040.0,1.91,6.43,1,Cluster 1,2.534568513748628,-1,True,Potential Outlier
KMT-2017-BLG-1038L b,KMT-2017-BLG-1038L,Microlensing,2019,,13.4,1.19,640.0,2.0,,6000.0,,0.37,,0,Cluster 0,1.0556385188353132,1,False,Normal
HD 117618 b,HD 117618,Radial Velocity,2004,25.8,8.59,0.766,55.30242,0.174,745.79,37.7781,5990.0,1.077,1.2,0,Cluster 0,1.0216358722471042,1,False,Normal
NGTS-4 b,NGTS-4,Transit,2019,1.3373508,3.18,0.2837006,20.6,0.06481452,1650.0,280.555,5143.0,0.75,0.84,1,Cluster 1,1.314390112477213,1,False,Normal
K2-295 b,K2-295,Transit,2018,4.024867,10.054473,0.897,106.47305,0.335,852.0,232.801,4444.0,0.74,0.7,0,Cluster 0,1.0348385144458072,1,False,Normal
HIP 79098 AB b,HIP 79098 AB,Imaging,2019,,12.1,1.08,6515.515,20.5,2450.0,145.798,9193.75,3.75,,0,Cluster 0,2.293116195536741,-1,True,Potential Outlier
Kepler-411 e,Kepler-411,Transit Timing Variations,2018,31.509728,3.28,0.293,10.8,0.03398043,503.0,153.676,4974.0,0.87,0.82,1,Cluster 1,1.157626449412506,1,False,Normal
Kepler-730 b,Kepler-730,Transit,2016,6.491682808,12.3299,1.1,,,1219.0,1935.04,5620.0,1.047,1.411,0,Cluster 0,1.0034563064592965,1,False,Normal
K2-133 c,K2-133,Transit,2017,4.86784,1.603,0.14301008,3.2,0.0101,570.6,75.1703,3655.0,0.461,0.455,1,Cluster 1,0.9967814529966562,1,False,Normal
K2-133 d,K2-133,Transit,2017,11.02454,2.003,0.17869569,4.67,0.0147,734.0,75.1703,3655.0,0.461,0.455,1,Cluster 1,0.9877418741593816,1,False,Normal
HAT-P-25 b,HAT-P-25,Transit,2012,3.65281514,12.722215,1.135,180.84527,0.569,1182.0,300.384,5519.0,1.012,0.919,0,Cluster 0,0.9795773812583036,1,False,Normal
HD 89744 b,HD 89744,Radial Velocity,1999,256.78,12.6,1.12,2653.8805,8.35,462.62,38.6364,6291.0,1.86,2.13257,0,Cluster 0,1.6188445516788061,-1,True,Potential Outlier
HD 65216 c,HD 65216,Radial Velocity,2013,5370.0,13.4,1.19,645.1949,2.03,105.87,35.1205,5612.0,0.874,0.88,0,Cluster 0,1.0118630677451377,1,False,Normal
K2-133 e,K2-133,Transit,2019,26.5841,1.73,0.15434026,3.64,0.0115,296.0,75.1703,3655.0,0.461,0.455,1,Cluster 1,0.9908753936498067,1,False,Normal
EPIC 201497682 b,EPIC 201497682,Transit,2019,2.13174,0.692,0.0617361,0.26,0.000817,,253.026,4991.0,0.78,0.554,1,Cluster 1,1.0626218527499498,1,False,Normal
OGLE-2015-BLG-1670L b,OGLE-2015-BLG-1670L,Microlensing,2019,,4.42,0.394,17.9,0.0563,,6700.0,,0.55,,5,Cluster 5,1.0141067389682195,1,False,Normal
K2-290 c,K2-290,Transit,2019,48.36685,11.276254,1.006,246.00042,0.774,676.0,272.909,6302.0,1.194,1.511,0,Cluster 0,1.0395452509165504,1,False,Normal
HAT-P-34 b,HAT-P-34,Transit,2011,5.452654,13.417173,1.197,1058.3739,3.33,1520.0,249.325,6442.0,1.392,1.53,0,Cluster 0,1.0364676540325457,1,False,Normal
EPIC 201754305 d,K2-16,Transit,2019,2.71578,1.03,0.09189045,1.08,0.0034,,334.967,4761.0,0.67,0.544,1,Cluster 1,1.0832285892288418,1,False,Normal
EPIC 201833600 c,K2-50,Transit,2019,3.96151,1.0,0.08921402,0.972,0.00306,,257.443,4326.0,0.611,0.634,1,Cluster 1,0.985225289834605,1,False,Normal
HAT-P-36 b,HAT-P-36,Transit,2011,1.32734683,14.313893,1.277,587.413406,1.8482,1780.97,294.419,5620.0,1.03,1.041,0,Cluster 0,1.0383194955701978,1,False,Normal
K2-52 b,K2-52,Transit,2016,3.535055,18.0,1.60585244,,,2004.0,1038.41,7147.0,1.691,2.192,0,Cluster 0,1.1137222942314438,1,False,Normal
K2-53 b,K2-53,Transit,2016,12.20772,2.6,0.23195646,7.27,0.0229,665.0,138.018,5263.0,0.851,0.807,1,Cluster 1,0.9676302394359235,1,False,Normal
K2-293 b,K2-293,Transit,2019,13.1225,2.45,0.21857436,6.57,0.0207,750.0,392.251,5532.0,0.958,0.947,1,Cluster 1,0.9823341477297408,1,False,Normal
TOI-172 b,TOI-172,Transit,2019,9.47725,10.816685,0.965,1722.6386,5.42,1198.0,342.831,5645.0,1.128,1.777,0,Cluster 0,1.12054377474518,1,False,Normal
EPIC 206024342 b,EPIC 206024342,Transit,2019,4.50756,1.7,0.15166384,3.53,0.0111,,369.888,5724.0,0.928,0.823,1,Cluster 1,0.9777174756121514,1,False,Normal
EPIC 206032309 b,EPIC 206032309,Transit,2019,2.87814,1.01,0.09010616,1.01,0.00317,,161.365,3489.0,0.221,0.37344,1,Cluster 1,1.1406713279685,1,False,Normal
HAT-P-9 b,HAT-P-9,Transit,2008,3.92281072,15.614137,1.393,238.05467,0.749,1540.0,455.203,6350.0,1.281,1.338,0,Cluster 0,0.9893199537657213,1,False,Normal
HATS-24 b,HATS-24,Transit,2017,1.3484978,15.636555,1.395,718.2958,2.26,2166.0,494.182,6125.0,1.07,1.12,0,Cluster 0,1.1587257082087337,1,False,Normal
K2-90 b,K2-90,Transit,2016,13.733314,2.6,0.23195646,7.27,0.0229,502.0,134.188,4484.0,0.629,0.619,1,Cluster 1,0.9848087088514502,1,False,Normal
K2-294 b,K2-294,Transit,2019,2.50387,1.66,0.14809528,3.39,0.0107,1425.0,373.078,5612.0,0.987,1.2,1,Cluster 1,1.010529495587818,1,False,Normal
GJ 685 b,GJ 685,Radial Velocity,2019,24.16,2.95,0.263,9.0,0.02831702,368.84,14.3155,3816.0,0.55,0.54,1,Cluster 1,1.035790685885334,1,False,Normal
EPIC 206317286 b,EPIC 206317286,Transit,2019,1.58252,0.96,0.08564546,0.84,0.00264,,314.35,4752.0,0.711,0.669,1,Cluster 1,1.0520604932603477,1,False,Normal
K2-308 b,K2-308,Transit,2019,3.38628,9.916,0.884,70.6,0.222,1213.76,1314.53,6100.0,1.09,1.24,0,Cluster 0,1.0584476864377517,1,False,Normal
Kepler-9 c,Kepler-9,Transit,2010,38.9853,8.08,0.72084932,29.9,0.09407545,523.0,628.257,5774.0,1.022,0.958,0,Cluster 0,1.0104427432773815,1,False,Normal
K2-124 b,K2-124,Transit,2017,6.413651,2.9,0.25872067,8.75,0.0275,442.0,140.385,3570.0,0.39,0.388,1,Cluster 1,1.013939729760925,1,False,Normal
HD 92788 b,HD 92788,Radial Velocity,2000,325.803,13.0,1.16,1195.0408,3.76,300.27,34.6538,5744.0,1.15,1.14,0,Cluster 0,1.0001658299240221,1,False,Normal
Kepler-25 c,Kepler-25,Transit,2011,12.7207,5.217,0.46542957,15.2,0.0479,934.0,243.249,6354.0,1.165,1.316,1,Cluster 1,1.2184118240077062,1,False,Normal
WASP-33 b,WASP-33,Transit,2010,1.21987,17.855937,1.593,665.21819,2.093,2781.7,121.944,7430.0,1.495,1.444,0,Cluster 0,1.4342643948795835,1,False,Normal
HD 134060 c,HD 134060,Radial Velocity,2019,1291.5646,5.91,0.527,29.29,0.0922,200.67,24.0125,5966.0,1.095,1.164285,0,Cluster 0,1.1907590172238698,1,False,Normal
WASP-177 b,WASP-177,Transit,2019,3.071722,17.71022,1.58,161.45764,0.508,1142.0,176.818,5017.0,0.876,0.885,0,Cluster 0,1.7034432705973501,-1,True,Potential Outlier
WASP-181 b,WASP-181,Transit,2019,4.5195064,13.271456,1.184,95.03117,0.299,1186.0,437.495,5839.0,1.04,0.965,0,Cluster 0,0.9788523024900172,1,False,Normal
Kepler-25 b,Kepler-25,Transit,2011,6.238297,2.748,0.24516014,8.7,0.0275,1185.0,243.249,6354.0,1.165,1.316,1,Cluster 1,1.0927923088263765,1,False,Normal
WASP-161 b,WASP-161,Transit,2018,5.4060425,12.811887,1.143,791.3967,2.49,1557.0,343.08,6400.0,1.39,1.712,0,Cluster 0,1.085829360354658,1,False,Normal
WASP-163 b,WASP-163,Transit,2018,1.6096884,13.473218,1.202,594.3421,1.87,1638.0,261.386,5500.0,0.97,1.015,0,Cluster 0,1.036610467689443,1,False,Normal
HD 20781 b,HD 20781,Radial Velocity,2019,5.3135,1.21,0.108,1.93,0.0061,1006.1,35.9715,5256.0,0.7,0.833609,1,Cluster 1,1.3833822511556408,1,False,Normal
HD 20003 b,HD 20003,Radial Velocity,2019,11.8482,3.43,0.306,11.66,0.0367,814.93,41.8316,5494.0,0.875,0.921637,1,Cluster 1,1.0669844579310457,1,False,Normal
Kepler-47 c,Kepler-47,Transit,2012,303.227,4.65,0.41484521,3.17,0.00997389,267.82,1025.02,5636.0,0.957,0.936,1,Cluster 1,1.3119155138762562,1,False,Normal
Gl 49 b,Gl 49,Radial Velocity,2019,13.8508,2.24,0.2,5.63,0.01771387,435.99,9.8528,3805.0,0.515,0.511,1,Cluster 1,0.9553480045222245,1,False,Normal
HD 21693 b,HD 21693,Radial Velocity,2019,22.6786,2.8,0.25,8.23,0.0259,656.39,33.255,5430.0,0.8,0.914378,1,Cluster 1,1.336659176959431,1,False,Normal
HD 20781 c,HD 20781,Radial Velocity,2019,13.8905,2.17,0.193,5.33,0.0168,730.3,35.9715,5256.0,0.7,0.833609,1,Cluster 1,1.2416424091402585,1,False,Normal
Kepler-47 d,Kepler-47,Transit,2019,187.366,7.04,0.62806673,19.02,0.05984331,314.44,1025.02,5636.0,0.957,0.936,0,Cluster 0,1.009433015228233,1,False,Normal
LSPM J2116+0234 b,LSPM J2116+0234,Radial Velocity,2019,14.4399,3.71,0.331,13.3,0.04184627,371.68,17.6297,3475.0,0.43,0.431,1,Cluster 1,1.1182537782677926,1,False,Normal
K2-285 e,K2-285,Transit,2018,14.76289,1.95,0.17396735,10.7,0.0336658,500.9,154.961,4975.0,0.83,0.787,1,Cluster 1,1.1637433918674716,1,False,Normal
K2-285 d,K2-285,Transit,2018,10.45582,2.48,0.22125078,6.5,0.02045118,619.9,154.961,4975.0,0.83,0.787,1,Cluster 1,1.191940260485378,1,False,Normal
HD 31527 b,HD 31527,Radial Velocity,2019,16.5535,3.22,0.288,10.47,0.0329,832.2,38.4473,5898.0,0.96,1.073694,1,Cluster 1,1.144362897673472,1,False,Normal
HD 31527 d,HD 31527,Radial Velocity,2019,271.6737,3.46,0.309,11.82,0.0372,327.48,38.4473,5898.0,0.96,1.073694,1,Cluster 1,1.0443058343711042,1,False,Normal
HD 21749 c,GJ 143,Transit,2019,7.78993,0.892,0.07957891,3.7,0.01164144,701.0,16.32,4640.0,0.73,0.695,1,Cluster 1,1.9420770596580954,-1,True,Potential Outlier
HD 114729 b,HD 114729,Radial Velocity,2002,1121.79,13.9,1.24,262.20975,0.825,237.89,37.8063,5844.0,0.936,1.473,0,Cluster 0,1.0600745934876519,1,False,Normal
K2-286 b,K2-286,Transit,2018,27.359,2.1,0.18734945,5.06,0.0159,347.0,76.1486,3926.0,0.64,0.62,1,Cluster 1,0.9985026255093903,1,False,Normal
Qatar-9 b,Qatar-9,Transit,2019,1.540731,11.309881,1.009,378.2177,1.19,1134.0,213.771,4309.0,0.719,0.696,0,Cluster 0,1.145922550686084,1,False,Normal
NGTS-5 b,NGTS-5,Transit,2019,3.3569866,12.733424,1.136,72.78307,0.229,952.0,306.779,4987.0,0.661,0.739,0,Cluster 0,1.1443746346043437,1,False,Normal
HD 126525 b,HD 126525,Radial Velocity,2018,960.41,10.3,0.919,75.32571,0.237,198.47,37.6506,5638.0,0.897,0.979,0,Cluster 0,1.2350499368256835,1,False,Normal
HD 117207 b,HD 117207,Radial Velocity,2004,2621.75,13.4,1.19,669.34662514,2.106,147.2,32.3547,5732.0,1.053,1.074,0,Cluster 0,1.031248396394213,1,False,Normal
HD 143361 b,HD 143361,Radial Velocity,2008,1039.15,12.9,1.15,1382.55357045,4.35,180.26,68.5146,5507.0,0.968,0.916,0,Cluster 0,0.9927711020736604,1,False,Normal
K2-288 B b,K2-288 B,Transit,2018,31.393463,1.9,0.16950665,4.27,0.0134,226.36,65.6138,3341.0,0.33,0.32,1,Cluster 1,1.0325586777871885,1,False,Normal
HATS-60 b,HATS-60,Transit,2018,3.560829,12.923977,1.153,210.40346,0.662,1528.0,486.474,5688.0,1.097,1.46,0,Cluster 0,1.0059377398703604,1,False,Normal
HD 20781 e,HD 20781,Radial Velocity,2019,85.5073,3.83,0.342,14.03,0.0442,398.38,35.9715,5256.0,0.7,0.833609,1,Cluster 1,1.5019280569078435,-1,True,Potential Outlier
HD 45184 c,HD 45184,Radial Velocity,2019,13.1354,2.91,0.26,8.81,0.0277,884.78,21.9532,5869.0,1.03,1.075139,1,Cluster 1,1.005579426338508,1,False,Normal
HD 152079 b,HD 152079,Radial Velocity,2009,2918.92,13.2,1.18,845.74563,2.661,147.84,87.8888,5907.0,1.147,1.128,0,Cluster 0,1.0386745347545483,1,False,Normal
HATS-62 b,HATS-62,Transit,2018,3.2768837,11.825495,1.055,56.89157,0.179,1237.0,523.067,5416.0,0.896,0.933,0,Cluster 0,0.9846880004076729,1,False,Normal
HATS-63 b,HATS-63,Transit,2018,3.0566527,13.529263,1.207,305.1168,0.96,1398.3,623.232,5627.0,0.931,1.07,0,Cluster 0,1.0413583900008274,1,False,Normal
HATS-70 b,HATS-70,Transit,2019,1.8882378,15.513256,1.384,4100.007,12.9,2730.0,1458.83,7930.0,1.78,1.881,0,Cluster 0,1.486327131562823,1,False,Normal
K2-264 b,K2-264,Transit,2018,5.840002,2.231,0.19903649,5.61,0.0176,496.0,185.605,3660.0,0.496,0.473,1,Cluster 1,0.9788765017521351,1,False,Normal
KMT-2016-BLG-1107L b,KMT-2016-BLG-1107L,Microlensing,2019,,13.1,1.17,1043.0,3.283,,6651.0,,0.087,,0,Cluster 0,1.5048909583202597,-1,True,Potential Outlier
HD 103949 b,HD 103949,Radial Velocity,2019,120.878,3.35,0.299,11.2,0.03523896,302.65,26.4997,4792.0,0.77,0.753113,1,Cluster 1,1.066070540760946,1,False,Normal
HIP 35173 b,HIP 35173,Radial Velocity,2019,41.516,3.61,0.322,12.7,0.03995847,444.34,33.1562,4881.0,0.79,0.773404,1,Cluster 1,1.0767358346206306,1,False,Normal
HD 23127 b,HD 23127,Radial Velocity,2006,1211.17,13.5,1.21,485.32641,1.527,223.4,93.8555,5843.0,1.208,1.49,0,Cluster 0,0.9978638662072494,1,False,Normal
HD 25171 b,HD 25171,Radial Velocity,2010,1802.29,13.9,1.24,290.81445,0.915,190.04,55.6146,6125.0,1.076,1.23,0,Cluster 0,1.0237166945247282,1,False,Normal
HATS-65 b,HATS-65,Transit,2018,3.105161,16.824709,1.501,260.93843,0.821,1634.0,493.32,6277.0,1.257,1.31,0,Cluster 0,0.986141986440944,1,False,Normal
HATS-66 b,HATS-66,Transit,2018,3.1414391,15.815899,1.411,1694.0339,5.33,1998.0,1477.98,6626.0,1.411,1.841,0,Cluster 0,1.3966147350830245,1,False,Normal
HD 1397 b,HD 1397,Transit,2018,11.53533,11.500434,1.026,131.89945,0.415,1228.3,79.5702,5521.0,1.324,2.336,0,Cluster 0,1.1962916300937525,1,False,Normal
HD 64114 b,HD 64114,Radial Velocity,2019,45.791,4.41,0.393,17.8,0.05600478,518.51,31.5262,5676.0,0.95,0.882858,1,Cluster 1,1.1143531716074748,1,False,Normal
HD 206255 b,HD 206255,Radial Velocity,2019,96.045,6.47,0.577,34.2,0.10760469,596.48,75.2363,5635.0,1.42,2.221489,1,Cluster 1,1.367993764920588,1,False,Normal
HD 38801 b,HD 38801,Radial Velocity,2009,685.25,12.5,1.11,3082.31534,9.698,287.8,91.4349,5338.0,1.207,2.029,0,Cluster 0,1.3106640762077653,1,False,Normal
HATS-67 b,HATS-67,Transit,2018,1.6091788,18.887165,1.685,460.8535,1.45,2193.0,960.109,6594.0,1.435,1.441,0,Cluster 0,1.1069084950729016,1,False,Normal
HATS-68 b,HATS-68,Transit,2018,3.5862202,13.809488,1.232,410.0007,1.29,1741.0,603.955,6147.0,1.351,1.748,0,Cluster 0,1.0208417269745258,1,False,Normal
Gl 378 b,Gl 378,Radial Velocity,2019,3.822,3.66,0.327,13.02,0.0409653,830.0,14.9545,3879.0,0.56,0.56,1,Cluster 1,1.1867080674590558,1,False,Normal
WASP-190 b,WASP-190,Transit,2019,5.367753,12.89035,1.15,317.83,1.0,1500.0,542.251,6400.0,1.35,1.6,0,Cluster 0,1.0493313533866153,1,False,Normal
Kepler-1610 c,Kepler-1610,Transit,2023,44.9851885,2.09,0.18645763,5.02,0.0158,433.0,864.331,5295.0,0.825,0.8,1,Cluster 1,1.0301493785549913,1,False,Normal
XO-7 b,XO-7,Transit,2019,2.8641424,15.389957,1.373,225.34147,0.709,1743.0,234.149,6250.0,1.405,1.48,0,Cluster 0,0.9929426842498573,1,False,Normal
WASP-126 c,WASP-126,Transit Timing Variations,2019,7.63,9.38,0.837,64.2,0.20199478,,216.526,5800.0,1.12,1.27,0,Cluster 0,1.024072286150156,1,False,Normal
HATS-55 b,HATS-55,Transit,2019,4.2042001,14.022459,1.251,292.72143,0.921,1367.0,609.838,6214.0,1.1955,1.126,0,Cluster 0,1.0460242018208032,1,False,Normal
Kepler-1996 c,Kepler-1996,Transit,2023,92.7297248,2.81,0.25069184,8.3,0.0261,276.0,440.561,4580.0,0.748,0.675,1,Cluster 1,1.0432716910622815,1,False,Normal
Kepler-1988 b,Kepler-1988,Transit,2023,11.49500229,1.53,0.13649769,2.96,0.0093,1105.0,513.426,6033.0,1.127,1.788,1,Cluster 1,1.058040292979483,1,False,Normal
TOI-813 b,TOI-813,Transit,2020,83.8911,6.71,0.5986261,36.4,0.114,610.0,263.145,5907.0,1.32,1.94,1,Cluster 1,1.2441192356443447,1,False,Normal
GJ 433 b,GJ 433,Radial Velocity,2013,7.3705,2.33,0.208,6.043,0.01901331,473.94,9.06456,3461.0,0.48,0.5,1,Cluster 1,1.0489010426476233,1,False,Normal
HATS-58 A b,HATS-58 A,Transit,2019,4.2180896,12.273855,1.095,327.3649,1.03,1721.0,403.591,7175.0,1.461,1.433,0,Cluster 0,1.4541893363760097,1,False,Normal
HR 5183 b,HR 5183,Radial Velocity,2019,27000.0,13.1,1.17,1052.01202717,3.31,171.0,31.4607,5794.0,1.07,1.53,0,Cluster 0,1.0031875946367212,1,False,Normal
Kepler-1991 b,Kepler-1991,Transit,2023,13.26079792,1.47,0.13114484,2.76,0.00869,760.0,855.82,5478.0,0.914,1.053,1,Cluster 1,0.9821316770632013,1,False,Normal
Kepler-1471 c,Kepler-1471,Transit,2023,11.6044881,1.88,0.16772265,4.19,0.0132,841.0,978.678,5533.0,0.934,1.166,1,Cluster 1,1.0379274048207652,1,False,Normal
GJ 180 b,GJ 180,Radial Velocity,2014,17.133,2.43,0.217,6.49,0.02041972,344.43,11.9407,3371.0,0.43,0.413049,1,Cluster 1,0.9807536776452512,1,False,Normal
WASP-169 b,WASP-169,Transit,2019,5.6114118,14.616536,1.304,178.30263,0.561,1604.0,627.066,6110.0,1.337,2.011,0,Cluster 0,0.9763917564405661,1,False,Normal
Kepler-1998 b,Kepler-1998,Transit,2023,3.03267135,0.6,0.05352851,0.156,0.00049,1187.0,340.965,5640.0,0.962,0.921,1,Cluster 1,1.077723777539814,1,False,Normal
Kepler-164 e,Kepler-164,Transit,2023,94.886902,4.24,0.37826811,16.7,0.0525,429.0,890.758,5888.0,0.966,1.097,1,Cluster 1,1.1576320732857046,1,False,Normal
Kepler-1994 b,Kepler-1994,Transit,2023,4.61225043,0.51,0.04549923,0.087,0.000274,1032.0,241.991,5495.0,0.932,0.961,1,Cluster 1,1.0948072176384713,1,False,Normal
Kepler-1984 b,Kepler-1984,Transit,2023,1.992812339,6.81,0.60754855,37.3,0.117,675.0,,3638.0,0.45,0.42,1,Cluster 1,1.2000104191129122,1,False,Normal
GJ 433 d,GJ 433,Radial Velocity,2020,36.059,2.14,0.191,5.223,0.01643331,279.71,9.06456,3461.0,0.48,0.5,1,Cluster 1,0.980438587592013,1,False,Normal
GJ 3082 b,GJ 3082,Radial Velocity,2020,11.949,2.79,0.249,8.2,0.02579996,457.53,16.6186,3910.0,0.47,0.465216,1,Cluster 1,1.170925668603148,1,False,Normal
WASP-175 b,WASP-175,Transit,2019,3.0652907,13.540472,1.208,314.6517,0.99,1571.0,539.36,6229.0,1.212,1.204,0,Cluster 0,0.9794185811151435,1,False,Normal
Kepler-619 d,Kepler-619,Transit,2023,11.67894236,4.17,0.37202312,16.2,0.051,830.0,900.678,6122.0,1.041,0.964,1,Cluster 1,1.1766390357755119,1,False,Normal
Kepler-1126 c,Kepler-1126,Transit,2023,199.66876,1.45,0.12936056,2.7,0.00849,305.0,635.736,5678.0,0.794,0.921,1,Cluster 1,1.3833875719250028,1,False,Normal
EPIC 249893012 b,EPIC 249893012,Transit,2020,3.5951,1.95,0.17396735,8.75,0.02753044,1616.0,321.296,5430.0,1.05,1.71,1,Cluster 1,1.2494771074904616,1,False,Normal
Kepler-1661 b,Kepler-1661,Transit,2020,175.06,3.87,0.34525827,17.0,0.05348771,243.0,410.607,5100.0,0.841,0.762,1,Cluster 1,1.1431913914781642,1,False,Normal
OGLE-2016-BLG-1067L b,OGLE-2016-BLG-1067L,Microlensing,2019,,14.3,1.28,140.0,0.43,,3730.0,,0.3,,0,Cluster 0,0.9686821296013722,1,False,Normal
Kepler-1987 c,Kepler-1987,Transit,2023,3.64830183,1.33,0.11865486,2.33,0.00733,860.0,595.683,4769.0,0.799,0.714,1,Cluster 1,1.0437508735080447,1,False,Normal
Kepler-1985 b,Kepler-1985,Transit,2023,3.42064689,2.27,0.20251618,5.77,0.0182,1129.0,,5370.0,0.877,0.966,1,Cluster 1,1.005705553636996,1,False,Normal
Kepler-1987 b,Kepler-1987,Transit,2023,2.345863002,1.23,0.10973344,2.04,0.00642,997.0,595.683,4769.0,0.799,0.714,1,Cluster 1,1.0441100842737403,1,False,Normal
Kepler-1801 c,Kepler-1801,Transit,2023,116.583183,2.91,0.25961326,8.8,0.0277,371.0,839.332,5738.0,0.936,0.981,1,Cluster 1,0.9787993664879557,1,False,Normal
EPIC 249893012 c,EPIC 249893012,Transit,2020,15.624,3.67,0.32741547,14.67,0.04615675,990.0,321.296,5430.0,1.05,1.71,1,Cluster 1,1.3665886699000664,1,False,Normal
EPIC 249893012 d,EPIC 249893012,Transit,2020,35.747,3.94,0.35150326,10.18,0.0320297,752.0,321.296,5430.0,1.05,1.71,1,Cluster 1,1.2922780403103362,1,False,Normal
WASP-180 A b,WASP-180 A,Transit,2019,3.409264,13.89916,1.24,286.047,0.9,1540.0,253.985,6600.0,1.3,1.19,0,Cluster 0,1.0123846323582517,1,False,Normal
WASP-2 b,WASP-2,Transit,2007,2.152175,12.116929,1.081,295.89973,0.931,1311.0,153.242,5180.0,0.895,0.866,0,Cluster 0,1.0167634787965232,1,False,Normal
Kepler-949 c,Kepler-949,Transit,2023,20.99757968,2.97,0.26496611,9.11,0.0287,582.0,486.105,5211.0,0.817,0.895,1,Cluster 1,1.0543214934718654,1,False,Normal
Kepler-311 d,Kepler-311,Transit,2023,232.040326,2.05,0.18288907,4.86,0.0153,327.0,778.654,5903.0,0.974,1.156,1,Cluster 1,1.1032352745249523,1,False,Normal
WASP-44 b,WASP-44,Transit,2011,2.423804,12.3299,1.1,276.5121,0.87,1337.0,364.512,5420.0,0.935,0.906,0,Cluster 0,0.9972942187840799,1,False,Normal
WASP-45 b,WASP-45,Transit,2011,3.126089,10.603714,0.946,306.38812,0.964,1153.0,211.196,5150.0,0.85,0.855,0,Cluster 0,0.9999673615217073,1,False,Normal
Kepler-416 d,Kepler-416,Transit,2023,3.07644709,1.61,0.14363483,3.22,0.0101,1253.0,690.819,5670.0,0.949,1.022,1,Cluster 1,0.9922204315699528,1,False,Normal
Kepler-1834 c,Kepler-1834,Transit,2023,0.766691517,1.22,0.1088413,1.98,0.00624,1541.0,500.395,4821.0,0.765,0.788,1,Cluster 1,1.0819650997858994,1,False,Normal
HATS-47 b,HATS-47,Transit,2020,3.9228038,12.520453,1.117,117.27927,0.369,852.9,300.67,4512.0,0.674,0.6564,0,Cluster 0,1.0193278924026903,1,False,Normal
GJ 15 A c,GJ 15 A,Radial Velocity,2018,7600.0,6.67,0.595,36.0,0.1132681,46.14,3.56228,3607.0,0.38,0.38,1,Cluster 1,1.5911979357379544,-1,True,Potential Outlier
Kepler-763 c,Kepler-763,Transit,2023,4.09667624,1.42,0.12668413,2.6,0.00819,938.0,962.459,4999.0,0.8,0.843,1,Cluster 1,0.9741182894009107,1,False,Normal
Kepler-347 d,Kepler-347,Transit,2023,85.517344,3.04,0.2712111,9.48,0.0298,482.0,1298.88,5592.0,1.0,1.451,1,Cluster 1,1.2059701221973897,1,False,Normal
EPIC 248847494 b,EPIC 248847494,Transit,2018,3650.0,12.44199,1.11,4131.79,13.0,183.0,551.886,4898.0,0.9,2.7,0,Cluster 0,1.1588885987493196,1,False,Normal
WASP-184 b,WASP-184,Transit,2019,5.1817,14.90797,1.33,181.1631,0.57,1480.0,663.231,6000.0,1.23,1.65,0,Cluster 0,0.9762848846544822,1,False,Normal
WASP-185 b,WASP-185,Transit,2019,9.38755,14.01125,1.25,311.4734,0.98,1160.0,279.35,5900.0,1.12,1.5,0,Cluster 0,1.1434294475126408,1,False,Normal
Kepler-290 d,Kepler-290,Transit,2023,0.764017553,0.86,0.07672419,0.566,0.00178,1589.0,694.627,5142.0,0.84,0.755,1,Cluster 1,1.0282597444141914,1,False,Normal
Kepler-549 d,Kepler-549,Transit,2023,24.61480613,4.2,0.37469955,16.4,0.0516,586.0,635.145,5312.0,0.859,0.986,1,Cluster 1,1.1045445166153738,1,False,Normal
KMT-2017-BLG-0165L b,KMT-2017-BLG-0165L,Microlensing,2018,,6.45,0.575,34.0,0.11,,4530.0,,0.76,,5,Cluster 5,1.1118721920071792,1,False,Normal
Kepler-865 c,Kepler-865,Transit,2023,6.20920207,0.89,0.07940062,0.64,0.00201,914.0,586.137,5440.0,0.782,0.885,1,Cluster 1,1.2705554387532356,1,False,Normal
TOI-150.01,TOI-150,Transit,2019,5.857487,14.067295,1.255,797.7533,2.51,1404.5,336.267,6255.0,1.351,1.526,0,Cluster 0,1.0932484564979157,1,False,Normal
GJ 682 c,GJ 682,Radial Velocity,2014,57.32,2.89,0.258,8.7,0.02737312,190.08,5.00671,3028.0,0.27,0.298255,1,Cluster 1,1.246415087682771,1,False,Normal
OGLE-2015-BLG-1649L b,OGLE-2015-BLG-1649L,Microlensing,2019,,13.2,1.18,807.0,2.54,,4230.0,,0.34,,0,Cluster 0,1.103378592395059,1,False,Normal
Kepler-2000 c,Kepler-2000,Transit,2023,20.6180348,1.57,0.14006626,3.09,0.00972,359.0,320.588,3757.0,0.581,0.576,1,Cluster 1,1.057264468289818,1,False,Normal
Kepler-448 c,KOI-12,Transit Timing Variations,2017,2500.0,12.0,1.07,6992.26,22.0,184.72,399.398,6635.0,1.5,1.4,0,Cluster 0,1.0695288980683777,1,False,Normal
MOA-bin-29 b,MOA-bin-29,Microlensing,2019,,14.1,1.26,190.0,0.6,,7120.0,,0.03,,0,Cluster 0,1.1921902245839613,1,False,Normal
Kepler-82 c,Kepler-82,Transit,2012,51.54,5.34,0.47640289,13.9,0.04373407,450.0,904.326,5401.0,0.91,0.898,1,Cluster 1,1.075481696716637,1,False,Normal
Kepler-82 b,Kepler-82,Transit,2012,26.44,4.07,0.36310108,12.15,0.03822798,562.0,904.326,5401.0,0.91,0.898,1,Cluster 1,1.0834252756701137,1,False,Normal
HD 97048 b,HD 97048,Disk Kinematics,2019,,13.3,1.18,794.575,2.5,63.44,183.857,10000.0,2.4,2.25,0,Cluster 0,3.341823394817655,-1,True,Potential Outlier
7 CMa b,7 CMa,Radial Velocity,2011,735.1,13.4,1.2,587.9855,1.85,387.33,19.8101,4826.0,1.34,4.87,3,Cluster 3,0.9612225061547802,1,False,Normal
Kepler-1983 b,Kepler-1983,Transit,2023,7.32851947,2.33,0.20786903,6.04,0.019,807.0,424.428,5135.0,0.812,0.874,1,Cluster 1,0.982126682453649,1,False,Normal
NGTS-8 b,NGTS-8,Transit,2019,2.4997,12.21781,1.09,295.5819,0.93,1345.0,428.976,5241.0,0.89,0.98,0,Cluster 0,1.0213049188462702,1,False,Normal
EPIC 205950854 c,K2-168,Transit,2019,8.050722,1.31,0.11687037,2.27,0.00714,960.6,243.935,5502.7,0.877,0.83,1,Cluster 1,0.9916111466982395,1,False,Normal
7 CMa c,7 CMa,Radial Velocity,2019,996.0,13.9,1.24,276.5121,0.87,350.0,19.8101,4826.0,1.34,4.87,3,Cluster 3,0.9521549661196659,1,False,Normal
Kepler-1990 c,Kepler-1990,Transit,2023,4.06844957,0.98,0.08742989,0.904,0.00284,1170.0,392.739,5751.0,1.028,1.071,1,Cluster 1,0.9839782176461579,1,False,Normal
HD 220197 b,HD 220197,Radial Velocity,2018,1728.0,9.32,0.832,63.566,0.2,164.22,64.411,5683.0,0.91,0.98,0,Cluster 0,1.1533103018820143,1,False,Normal
K2-43 c,K2-43,Transit,2019,2.198884,2.42,0.21589794,6.44,0.0203,1093.7,182.536,3840.6,0.571,0.542,1,Cluster 1,1.1002217892068749,1,False,Normal
Kepler-763 d,Kepler-763,Transit,2023,6.50327035,1.67,0.14898768,3.43,0.0108,804.0,962.459,4999.0,0.8,0.843,1,Cluster 1,0.9794426398584228,1,False,Normal
Kepler-1162 c,Kepler-1162,Transit,2023,59.284064,1.81,0.16147766,3.93,0.0124,401.0,940.211,5225.0,0.861,0.859,1,Cluster 1,1.0805071529319161,1,False,Normal
HD 213885 b,HD 213885,Transit,2019,1.008035,1.745,0.15567847,8.83,0.02778215,2128.0,48.0883,5978.0,1.068,1.1011,1,Cluster 1,1.0179058504886707,1,False,Normal
Kepler-896 c,Kepler-896,Transit,2023,29.5422566,3.15,0.28102466,10.1,0.0317,515.0,2334.93,5510.0,0.877,0.803,1,Cluster 1,1.071085199567207,1,False,Normal
Kepler-1982 b,Kepler-1982,Transit,2023,3.82315697,0.77,0.06869492,0.381,0.0012,1282.0,558.855,6202.0,1.213,1.122,1,Cluster 1,1.0599568296193413,1,False,Normal
HD 213885 c,HD 213885,Radial Velocity,2019,4.78503,4.71,0.42,19.95,0.06276941,1265.4,48.0883,5978.0,1.068,1.1011,1,Cluster 1,1.260902698177568,1,False,Normal
WASP-126 b,WASP-126,Transit,2016,3.28883,10.51358773,0.93796109,90.3,0.28411415,1480.0,216.526,5800.0,1.12,1.27,0,Cluster 0,1.029218580220995,1,False,Normal
HAT-P-69 b,HAT-P-69,Transit,2019,4.7869491,18.786284,1.676,1137.8314,3.58,1930.0,341.263,7394.0,1.648,1.926,0,Cluster 0,1.2433970242058454,1,False,Normal
Kepler-2000 b,Kepler-2000,Transit,2023,6.383159135,2.73,0.24355471,7.9,0.0249,530.0,320.588,3757.0,0.581,0.576,1,Cluster 1,1.0233799541384552,1,False,Normal
TOI-763 c,TOI-763,Transit,2020,12.2737,2.63,0.23463288,9.32,0.02932385,800.0,95.1274,5450.0,0.917,0.897,1,Cluster 1,1.0723982408139712,1,False,Normal
TOI-905 b,TOI-905,Transit,2020,3.739494,13.125739,1.171,211.99261,0.667,1192.0,158.649,5570.0,0.968,0.918,0,Cluster 0,0.9705020024428628,1,False,Normal
TOI-564 b,TOI-564,Transit,2020,1.651144,11.43318,1.02,464.98529,1.463,1714.0,199.581,5640.0,0.998,1.088,0,Cluster 0,1.1311462318996333,1,False,Normal
Kepler-29 b,Kepler-29,Transit,2011,10.33974,2.55,0.22749576,5.0,0.01573168,777.0,832.532,5378.0,0.761,0.732,1,Cluster 1,1.1328917995700336,1,False,Normal
Kepler-1674 b,Kepler-1674,Transit,2020,62.5611,3.2057749,0.28600008,10.4,0.0326,417.0,1012.48,5473.91,0.96,0.877273,1,Cluster 1,1.0362166819152887,1,False,Normal
Kepler-1675 b,Kepler-1675,Transit,2020,63.0382,3.12483349,0.27877897,9.93,0.0313,465.0,651.117,5853.19,1.06,1.12865,1,Cluster 1,1.0697409434407994,1,False,Normal
HD 108236 b,HD 108236,Transit,2020,3.795963,1.615,0.14408065,3.24,0.0102,1099.0,64.5978,5660.0,0.869,0.877,1,Cluster 1,1.0775452422501357,1,False,Normal
HD 164922 c,HD 164922,Radial Velocity,2016,75.74,3.66,0.327,13.0,0.04090237,400.5,22.0016,5390.0,0.926,0.946,1,Cluster 1,1.0298444777655513,1,False,Normal
KMT-2019-BLG-0842L b,KMT-2019-BLG-0842L,Microlensing,2020,,3.19,0.284,10.28,0.03234,,3320.0,,0.76,,1,Cluster 1,1.1997373569204042,1,False,Normal
HD 108236 e,HD 108236,Transit,2020,19.590025,3.083,0.27504684,9.71,0.0306,636.0,64.5978,5660.0,0.869,0.877,1,Cluster 1,1.13904352461868,1,False,Normal
WASP-150 b,WASP-150,Transit,2020,5.644207,11.99363,1.07,2688.8418,8.46,1460.0,527.995,6218.0,1.394,1.651,0,Cluster 0,1.1580886746579924,1,False,Normal
NGTS-13 b,NGTS-13,Transit,2021,4.119027,12.800678,1.142,1538.2972,4.84,1605.0,647.595,5819.0,1.3,1.788,0,Cluster 0,1.1068867802428837,1,False,Normal
MOA-2009-BLG-319L b,MOA-2009-BLG-319L,Microlensing,2010,,9.64,0.86,67.3,0.212,,7050.0,,0.524,,5,Cluster 5,1.040750236697356,1,False,Normal
Kepler-1685 b,Kepler-1685,Transit,2020,20.4905,2.57673985,0.22988133,7.16,0.0225,625.0,1141.89,5484.0,0.96,0.835451,1,Cluster 1,1.0049297304220384,1,False,Normal
Kepler-1686 b,Kepler-1686,Transit,2020,9.30987,1.42553017,0.12717728,2.62,0.00825,913.0,729.823,5714.96,1.02,1.19951,1,Cluster 1,1.0102836346639035,1,False,Normal
KMT-2016-BLG-2397L b,KMT-2016-BLG-2397L,Microlensing,2020,,13.2,1.18,836.0,2.63,,4880.0,,0.64,,0,Cluster 0,1.0063033210376267,1,False,Normal
OGLE-2017-BLG-0604L b,OGLE-2017-BLG-0604L,Microlensing,2020,,14.2,1.27,160.0,0.51,,3950.0,,0.7,,0,Cluster 0,1.0169035083730686,1,False,Normal
OGLE-2017-BLG-1375L b,OGLE-2017-BLG-1375L,Microlensing,2020,,12.4,1.11,3585.0,11.28,,3930.0,,0.81,,0,Cluster 0,1.1673557978857674,1,False,Normal
NGTS-14 A b,NGTS-14 A,Transit,2021,3.5357173,4.976796,0.444,29.24036,0.092,1143.0,322.148,5187.0,0.898,0.842,1,Cluster 1,1.1471401456008308,1,False,Normal
HD 13808 b,HD 13808,Radial Velocity,2021,14.1815,3.35,0.299,11.2,0.03523896,661.56,28.2305,5035.0,0.771,0.781,1,Cluster 1,1.192492855274772,1,False,Normal
OGLE-2015-BLG-1771L b,OGLE-2015-BLG-1771L,Microlensing,2020,,14.3,1.28,138.0,0.433,,7070.0,,0.077,,0,Cluster 0,1.1163377626920075,1,False,Normal
OGLE-2018-BLG-1700L b,OGLE-2018-BLG-1700L,Microlensing,2020,,12.9,1.15,1400.0,4.4,,7600.0,,0.42,,0,Cluster 0,1.1152309974741867,1,False,Normal
Kepler-1687 b,Kepler-1687,Transit,2020,5.77954,1.65623882,0.14775973,3.38,0.0106,598.0,417.014,4132.0,0.65,0.726119,1,Cluster 1,0.989506487765736,1,False,Normal
Kepler-1689 b,Kepler-1689,Transit,2020,8.483,0.94678642,0.08446663,0.799,0.00251,879.0,294.122,5731.43,1.023,0.996208,1,Cluster 1,1.0835525090762481,1,False,Normal
Kepler-462 b,Kepler-462,Transit,2016,84.6866,3.0,0.26764207,53.9,0.16958752,611.0,596.625,7500.0,1.59,1.57,1,Cluster 1,1.8154048140834274,-1,True,Potential Outlier
HD 4760 b,HD 4760,Radial Velocity,2021,434.0,12.3,1.1,4417.837,13.9,1198.67,537.873,4076.0,1.05,42.4,3,Cluster 3,1.180285071661454,1,False,Normal
HD 110113 c,HD 110113,Radial Velocity,2021,6.744,2.11384817,0.18858523,10.5,0.03303653,990.0,106.307,5732.0,0.997,0.968,1,Cluster 1,1.0242881144504952,1,False,Normal
HD 96992 b,HD 96992,Radial Velocity,2021,514.0,13.7,1.22,362.3262,1.14,557.72,396.082,4725.0,0.96,7.43,3,Cluster 3,1.7441361691088282,-1,True,Potential Outlier
KMT-2018-BLG-1292L b,KMT-2018-BLG-1292L,Microlensing,2020,,12.9,1.15,1400.0,4.42,,3460.0,,1.09,,0,Cluster 0,1.1477424559712497,1,False,Normal
OGLE-2012-BLG-0838L b,OGLE-2012-BLG-0838L,Microlensing,2020,,8.39,0.748,53.1,0.167,,6320.0,,0.4,,5,Cluster 5,1.0286070348662482,1,False,Normal
Kepler-1691 b,Kepler-1691,Transit,2020,3.8482,1.83470985,0.16368185,4.02,0.0127,1283.0,1267.67,6000.0,1.11,1.13152,1,Cluster 1,0.9785650745475504,1,False,Normal
Kepler-1692 b,Kepler-1692,Transit,2020,5.95966,1.11177184,0.09918564,1.42,0.00447,897.0,591.019,5146.0,0.87,0.866139,1,Cluster 1,1.037063716531827,1,False,Normal
EPIC 201170410.02,EPIC 201170410,Transit,2020,6.7987,1.047,0.09340708,1.15,0.0036,500.03,134.0,3648.0,0.287,0.282,1,Cluster 1,1.02510070633247,1,False,Normal
Kepler-160 d,Kepler-160,Transit Timing Variations,2020,30.0,,,100.0,0.31463361,676.54,937.013,5471.0,1.003,1.118,1,Cluster 1,1.1445423922770481,1,False,Normal
Kepler-160 c,Kepler-160,Transit,2014,13.699429,3.76,0.33544473,13.6,0.0428,771.0,937.013,5471.0,1.003,1.118,1,Cluster 1,1.1842907769276132,1,False,Normal
Kepler-1694 b,Kepler-1694,Transit,2020,3.89526,1.17986031,0.10526009,1.76,0.00553,956.0,513.329,4954.0,0.82,0.756284,1,Cluster 1,0.9716233485768679,1,False,Normal
Kepler-716 c,Kepler-716,Transit,2020,3.96999,1.39281536,0.12425866,2.52,0.00793,992.0,635.009,5012.0,0.83,0.742183,1,Cluster 1,0.9847141322191266,1,False,Normal
EPIC 201757695.02,EPIC 201757695,Transit,2020,2.0478,0.90819,0.08102328,0.688,0.00217,1025.29,577.6,4520.0,0.727,0.655,1,Cluster 1,1.0995563996551467,1,False,Normal
HD 110082 b,HD 110082,Transit,2021,10.18271,3.2,0.28548488,10.3,0.0325,957.2,105.096,6200.0,1.21,1.19,1,Cluster 1,1.0144965232666963,1,False,Normal
Kepler-1664 b,Kepler-1664,Transit,2020,14.3868,3.03320653,0.27060456,9.45,0.0297,776.0,626.691,5735.81,0.944,1.072,1,Cluster 1,1.0326884588766787,1,False,Normal
Kepler-1001 c,Kepler-1001,Transit,2020,9.18186,1.57799279,0.14077909,3.11,0.0098,804.0,928.978,5376.0,0.93,0.836475,1,Cluster 1,1.0313153281550043,1,False,Normal
TOI-954 b,TOI-954,Transit,2020,3.6849729,9.550068,0.852,55.30242,0.174,1526.0,238.768,5710.0,1.201,1.892,0,Cluster 0,1.0895770632771513,1,False,Normal
K2-329 b,K2-329,Transit,2020,12.4551225,8.675766,0.774,82.6358,0.26,650.0,233.237,5282.0,0.901,0.822,0,Cluster 0,1.0255971369270909,1,False,Normal
HATS-49 b,HATS-49,Transit,2020,4.1480467,8.574885,0.765,112.19399,0.353,834.8,324.413,4405.0,0.7133,0.6977,0,Cluster 0,1.0351159985487723,1,False,Normal
TYC 8998-760-1 c,TYC 8998-760-1,Imaging,2020,,12.3299,1.1,1906.98,6.0,1240.0,94.6177,4573.0,1.0,1.02,0,Cluster 0,1.6712440211814088,-1,True,Potential Outlier
Wendelstein-1 b,Wendelstein-1,Transit,2020,2.663416,11.5609626,1.0314,188.15536,0.592,2198.0,305.3,4251.0,0.65,0.61,0,Cluster 0,2.4522397517674035,-1,True,Potential Outlier
MOA-2013-BLG-220L b,MOA-2013-BLG-220L,Microlensing,2014,,13.2,1.18,871.0,2.74,,6720.0,,0.88,,0,Cluster 0,1.1114083789097537,1,False,Normal
KMT-2016-BLG-1836L b,KMT-2016-BLG-1836L,Microlensing,2019,,13.3,1.19,700.0,2.2,,7100.0,,0.49,,0,Cluster 0,1.006761731691155,1,False,Normal
OGLE-2013-BLG-0911L b,OGLE-2013-BLG-0911L,Microlensing,2019,,12.5,1.12,3020.0,9.51,,3220.0,,0.29,,0,Cluster 0,1.3000160742169327,1,False,Normal
BD-11 4672 c,BD-11 4672,Radial Velocity,2020,74.2,4.04,0.36,15.37,0.04835919,320.21,27.1665,4550.0,0.651,0.639,1,Cluster 1,1.2817171569931423,1,False,Normal
BD-11 4672 b,BD-11 4672,Radial Velocity,2014,1634.0,14.1,1.25,206.5895,0.65,114.17,27.1665,4550.0,0.651,0.639,0,Cluster 0,1.1220133918078077,1,False,Normal
HIP 65 A b,HIP 65 A,Transit,2020,0.9809734,22.75427,2.03,1021.18779,3.213,1411.0,61.7856,4590.0,0.781,0.7242,0,Cluster 0,2.1146180538547035,-1,True,Potential Outlier
TOI-481 b,TOI-481,Transit,2020,10.33111,11.09691,0.99,486.2799,1.53,1370.0,179.366,5735.0,1.14,1.66,0,Cluster 0,1.1203910102747816,1,False,Normal
TIC 237913194 b,TIC 237913194,Transit,2020,15.168865,12.520453,1.117,617.22586,1.942,974.0,306.063,5788.0,1.026,1.088,0,Cluster 0,1.228432145072047,1,False,Normal
OGLE-2016-BLG-1227L b,OGLE-2016-BLG-1227L,Microlensing,2020,,13.9,1.24,250.0,0.79,,,,0.1,,0,Cluster 0,1.0584474309428438,1,False,Normal
TOI-157 b,TOI-157,Transit,2020,2.0845435,14.414774,1.286,375.0394,1.18,1588.0,355.683,5404.0,0.948,1.167,0,Cluster 0,1.1223083163120007,1,False,Normal
TOI-169 b,TOI-169,Transit,2020,2.2554477,12.172974,1.086,251.40353,0.791,1715.0,407.84,5880.0,1.147,1.288,0,Cluster 0,1.078470226890921,1,False,Normal
Kepler-1700 b,Kepler-1700,Transit,2020,234.239,2.90129941,0.2588366,8.76,0.0276,329.0,717.597,6031.0,1.12,1.0937,1,Cluster 1,1.1118655657244891,1,False,Normal
Kepler-1666 b,Kepler-1666,Transit,2020,25.8476,2.88273782,0.25718064,8.66,0.0273,672.0,1379.37,6293.0,1.23,1.14586,1,Cluster 1,1.0228698715046494,1,False,Normal
Gl 686 b,Gl 686,Radial Velocity,2018,15.53,2.46,0.22,6.624,0.02084133,379.0,8.15728,3656.0,0.426,0.427,1,Cluster 1,0.9870823060216075,1,False,Normal
HD 180617 b,HD 180617,Radial Velocity,2018,105.911,3.53,0.315,12.214,0.03842935,201.8,5.91059,3534.0,0.484,0.481,1,Cluster 1,1.265684250153329,1,False,Normal
HD 158259 e,HD 158259,Radial Velocity,2020,7.951,2.34,0.209,6.08,0.01912972,,27.0498,5801.89,1.08,1.21,1,Cluster 1,0.993311697846235,1,False,Normal
HD 158259 c,HD 158259,Radial Velocity,2020,3.432,2.23,0.199,5.6,0.01761948,,27.0498,5801.89,1.08,1.21,1,Cluster 1,0.9928354238440755,1,False,Normal
HATS-37 A b,HATS-37 A,Transit,2020,4.3315366,6.792654,0.606,31.46517,0.099,1085.0,211.896,5326.0,0.843,0.877,1,Cluster 1,1.066862101437971,1,False,Normal
GJ 687 b,GJ 687,Radial Velocity,2014,38.142,4.32,0.385,17.2,0.05411698,263.65,4.54939,3413.0,0.4,0.4183,1,Cluster 1,1.2555153452339265,1,False,Normal
GJ 2056 b,GJ 2056,Radial Velocity,2020,69.971,4.17,0.372,16.2,0.05097064,310.74,28.4434,4069.95,0.62,0.709495,1,Cluster 1,1.1619316592434659,1,False,Normal
TOI-237 b,TOI-237,Transit,2020,5.436098,1.44,0.1284682,2.67,0.00839,388.0,38.0749,3212.0,0.179,0.211,1,Cluster 1,0.9770398999080243,1,False,Normal
HD 216520 c,HD 216520,Radial Velocity,2020,154.43,3.03,0.271,9.44,0.02970141,295.22,19.552,5103.0,0.82,0.76,1,Cluster 1,0.9841603981356688,1,False,Normal
CoRoT-30 b,CoRoT-30,Transit,2020,9.06005,11.309881,1.009,921.707,2.9,894.6,1032.23,5650.0,0.98,0.91,0,Cluster 0,1.1806671889949618,1,False,Normal
CoRoT-31 b,CoRoT-31,Transit,2020,4.62941,16.36514,1.46,266.9772,0.84,1664.86,2005.76,5700.0,1.25,2.15,0,Cluster 0,1.0535424099443584,1,False,Normal
HIP 38594 b,HIP 38594,Radial Velocity,2020,60.722,2.77,0.247,8.1,0.02548532,308.29,17.7886,4086.3,0.61,0.626646,1,Cluster 1,0.9953684737949396,1,False,Normal
WASP-186 b,WASP-186,Transit,2020,5.026799,12.44199,1.11,1341.2426,4.22,1378.4,278.514,6361.0,1.22,1.47,0,Cluster 0,1.0748015461171483,1,False,Normal
Kepler-29 c,Kepler-29,Transit,2011,13.28613,2.34,0.20876082,4.5,0.01415851,715.0,832.532,5378.0,0.761,0.732,1,Cluster 1,1.1029621087533412,1,False,Normal
Kepler-783 c,Kepler-783,Transit,2020,7.05395,2.33153725,0.20800582,6.04,0.019,840.0,516.09,5411.49,0.94,0.872088,1,Cluster 1,1.0307496838230716,1,False,Normal
Kepler-1667 b,Kepler-1667,Transit,2020,83.5781,2.98385261,0.2662015,9.19,0.0289,655.0,626.819,5941.54,1.09,1.08751,1,Cluster 1,1.0161042599968275,1,False,Normal
HIP 4845 b,HIP 4845,Radial Velocity,2020,34.15,3.89,0.347,14.4,0.04530724,358.21,21.0974,4010.0,0.62,0.603999,1,Cluster 1,1.1025084289577738,1,False,Normal
HIP 48714 b,HIP 48714,Radial Velocity,2020,17.818,5.11,0.456,22.9,0.0720511,446.47,10.5298,4015.5,0.58,0.595456,1,Cluster 1,1.2709924985457417,1,False,Normal
TOI-251 b,TOI-251,Transit,2021,4.93777,2.74,0.24444643,317.83,1.0,1041.19,99.523,5875.0,1.036,0.881,1,Cluster 1,1.1330073624882662,1,False,Normal
HAT-P-68 b,HAT-P-68,Transit,2020,2.29840551,12.016048,1.072,230.10892,0.724,1027.8,202.152,4508.0,0.6785,0.6701,0,Cluster 0,1.0893083392592406,1,False,Normal
Kepler-177 b,Kepler-177,Transit,2013,36.8601,3.5,0.31224909,5.84,0.0183746,549.0,1435.44,5732.0,0.921,1.324,1,Cluster 1,1.3292474110777623,1,False,Normal
Kepler-36 b,Kepler-36,Transit,2012,13.86825,1.498,0.13364261,3.83,0.01205047,978.0,527.956,5979.0,1.034,1.634,1,Cluster 1,1.3161828703232683,1,False,Normal
KOI-1783.01,KOI-1783,Transit,2020,134.4628,8.86,0.79043626,71.0,0.22338986,412.0,865.73,5922.0,1.076,1.143,0,Cluster 0,0.9852256794048218,1,False,Normal
Kepler-1668 b,Kepler-1668,Transit,2020,15.434,4.34764405,0.38787082,17.4,0.0548,721.0,1335.64,5542.0,0.98,1.01738,1,Cluster 1,1.0839051873087473,1,False,Normal
Kepler-598 c,Kepler-598,Transit,2020,86.4945,3.02420941,0.26980189,9.4,0.0296,367.0,681.086,5245.0,0.9,0.900316,1,Cluster 1,0.9901595857778382,1,False,Normal
KMT-2019-BLG-1953L b,KMT-2019-BLG-1953L,Microlensing,2020,,14.1,1.26,200.0,0.64,,7040.0,,0.31,,0,Cluster 0,0.9741189771890131,1,False,Normal
Kepler-1514 c,Kepler-1514,Transit,2020,10.514181,1.1758241,0.1049,1.74,0.00546,1066.0,397.292,6145.0,1.196,1.289,1,Cluster 1,1.0121296666501738,1,False,Normal
KOI-1783.02,KOI-1783,Transit,2020,284.215,5.44,0.48532429,15.0,0.04719504,321.0,865.73,5922.0,1.076,1.143,0,Cluster 0,1.1337786806463122,1,False,Normal
HD 156668 c,HD 156668,Radial Velocity,2021,811.3,6.17,0.55,31.49679513,0.0991,166.08,24.3323,4903.69,0.785167,0.774528,1,Cluster 1,1.5124799172089665,-1,True,Potential Outlier
HD 211403 b,HD 211403,Radial Velocity,2021,223.8,12.8,1.14,1760.76937478,5.54,380.0,83.0919,6273.0,1.2,1.206,0,Cluster 0,0.9960264837438908,1,False,Normal
K2-344 b,K2-344,Transit,2021,3.35585,1.59,0.14185054,3.15,0.00993,722.0,75.1691,4374.0,0.51,0.49,1,Cluster 1,1.182074262185386,1,False,Normal
HD 24040 c,HD 24040,Radial Velocity,2021,515.4,9.35,0.834,63.88350981,0.201,287.75,46.6224,5776.49,1.10394,1.387296,0,Cluster 0,1.0146454208131144,1,False,Normal
HD 3765 b,HD 3765,Radial Velocity,2021,1211.0,8.56,0.764,54.98431441,0.173,152.85,17.926,5049.8,0.851785,0.83061,0,Cluster 0,1.1589070260245127,1,False,Normal
HD 213472 b,HD 213472,Radial Velocity,2021,17000.0,13.1,1.17,1112.3994245,3.5,91.76,64.4527,5729.54,1.048132,1.433902,0,Cluster 0,1.1253712851879683,1,False,Normal
K2-348 c,K2-348,Transit,2021,12.550171,2.67,0.23820186,7.61,0.0239,655.0,201.856,5077.0,0.83,0.85,1,Cluster 1,1.0243981428991848,1,False,Normal
CD Cet b,CD Cet,Radial Velocity,2020,2.2907,1.82,0.162,3.95,0.01242809,464.0,8.60715,3130.0,0.161,0.175,1,Cluster 1,1.0236157926327476,1,False,Normal
G 264-012 b,G 264-012,Radial Velocity,2021,2.30538,1.39,0.124,2.5,0.00786588,587.0,16.009,3326.0,0.297,0.305,1,Cluster 1,1.0134976064864962,1,False,Normal
K2-352 d,K2-352,Transit,2021,14.871387,2.23,0.19894762,5.6,0.0176,727.0,176.051,5791.0,0.98,0.95,1,Cluster 1,0.9742740482531353,1,False,Normal
K2-339 b,K2-339,Transit,2021,19.507428,1.92,0.17129122,4.35,0.0137,508.0,360.36,4857.0,0.74,0.72,1,Cluster 1,1.0093857031583613,1,False,Normal
K2-282 b,K2-282,Transit,2018,4.169783,2.5,0.22303545,6.8,0.0214,1057.0,496.289,5499.0,0.94,1.0,1,Cluster 1,0.9965183435878414,1,False,Normal
K2-156 b,K2-156,Transit,2018,0.813143,1.1,0.0981356,1.37,0.0043,1347.0,150.21,4460.0,0.66,0.62,1,Cluster 1,1.2083770401553773,1,False,Normal
TOI-257 b,TOI-257,Transit,2021,18.38818,7.16253867,0.639,43.86032017,0.138,1027.0,76.9028,6095.0,1.407,1.867,0,Cluster 0,1.4458164357576335,1,False,Normal
HAT-P-58 b,HAT-P-58,Transit,2021,4.0138379,14.93036229,1.332,118.2321674,0.372,1622.0,515.59,6078.0,1.031,1.53,0,Cluster 0,1.0896987953315185,1,False,Normal
HAT-P-59 b,HAT-P-59,Transit,2021,4.1419771,12.58768533,1.123,489.45574678,1.54,1277.8,265.471,5678.0,1.008,1.1038,0,Cluster 0,1.0905029766304324,1,False,Normal
K2-268 d,K2-268,Transit,2021,4.528598,1.49,0.13292913,2.83,0.00889,888.0,327.783,5106.0,0.84,0.78,1,Cluster 1,0.9997256335248217,1,False,Normal
TOI-269 b,TOI-269,Transit,2021,3.6977104,2.77,0.24712327,8.8,0.0276879,531.0,57.0225,3514.0,0.3917,0.398,1,Cluster 1,1.0524357039660213,1,False,Normal
K2-268 f,K2-268,Transit,2021,26.27057,2.23,0.19894762,5.6,0.0176,492.0,327.783,5106.0,0.84,0.78,1,Cluster 1,0.9754257045394163,1,False,Normal
K2-187 b,K2-187,Transit,2018,0.77401,1.2,0.10705701,1.87,0.00588,1815.0,330.916,5438.0,0.966999,0.83,1,Cluster 1,1.0173802739595295,1,False,Normal
K2-210 b,K2-210,Transit,2018,0.57023,0.86,0.07672419,0.566,0.00178,,176.51,5500.0,0.911717,0.89,1,Cluster 1,1.024854566509662,1,False,Normal
K2-32 b,K2-32,Transit,2016,8.992,5.299,0.47274593,15.0,0.04719528,837.0,157.682,5271.0,0.83,0.86,1,Cluster 1,1.091458570138642,1,False,Normal
K2-32 e,K2-32,Transit,2019,4.34934,1.212,0.10812758,2.1,0.00660734,1066.0,157.682,5271.0,0.83,0.86,1,Cluster 1,1.1284467488673031,1,False,Normal
HAT-P-64 b,HAT-P-64,Transit,2021,4.007232,19.08889413,1.703,184.34047606,0.58,1766.0,651.897,6457.0,1.298,1.735,0,Cluster 0,1.0594169637438222,1,False,Normal
Kepler-129 c,Kepler-129,Transit,2014,82.2,2.52,0.22481973,43.0,0.13529313,525.0,408.845,5770.0,1.178,1.653,1,Cluster 1,1.8424475176658652,-1,True,Potential Outlier
K2-331 b,K2-331,Transit,2021,9.398977,1.79,0.15969338,3.86,0.0121,909.0,211.43,5994.0,1.1,1.06,1,Cluster 1,0.9779204485991979,1,False,Normal
EPIC 228836835 b,EPIC 228836835,Transit,2021,0.728113,1.1,0.0981356,1.37,0.0043,932.0,150.124,3782.0,0.418179,0.32,1,Cluster 1,1.14845792485045,1,False,Normal
K2-223 c,K2-223,Transit,2018,4.562546,1.5,0.13382127,2.86,0.00899,1091.0,198.604,5859.0,1.06,1.0,1,Cluster 1,0.9845613160658973,1,False,Normal
K2-32 c,K2-32,Transit,2016,20.66093,3.134,0.27959723,8.1,0.02548545,634.0,157.682,5271.0,0.83,0.86,1,Cluster 1,1.1201017716549724,1,False,Normal
K2-32 d,K2-32,Transit,2016,31.71701,3.484,0.3108222,6.7,0.02108056,550.0,157.682,5271.0,0.83,0.86,1,Cluster 1,1.063952659879798,1,False,Normal
KIC 10068024 b,KIC 10068024,Orbital Brightness Modulation,2021,2.073549,13.4,1.19,635.656814,2.0,,721.105,6118.4,1.22,1.574,0,Cluster 0,1.0310605709853777,1,False,Normal
K2-350 b,K2-350,Transit,2021,4.163873,1.54,0.13738983,2.99,0.0094,1158.0,489.368,5789.0,0.98,1.04,1,Cluster 1,0.9755405937403256,1,False,Normal
K2-353 b,K2-353,Transit,2021,15.466805,5.55,0.49513869,26.3,0.0829,735.0,268.515,5698.0,0.87,0.99,1,Cluster 1,1.1688425878070503,1,False,Normal
K2-137 b,K2-137,Transit,2017,0.179719,0.64,0.05709707,158.915,0.5,1471.0,98.8765,3697.0,0.463,0.29,1,Cluster 1,1.4902839398629306,1,False,Normal
EPIC 206042996 b,EPIC 206042996,Transit,2019,5.2986,1.7,0.1516641,3.53,0.0111,,451.769,4114.0,0.565,0.5,1,Cluster 1,0.9923742663927717,1,False,Normal
NGTS-15 b,NGTS-15,Transit,2021,3.27623,12.32987877,1.1,238.68913366,0.751,1146.0,786.485,5600.0,0.995,0.954,0,Cluster 0,0.9777975463036223,1,False,Normal
K2-354 b,K2-354,Transit,2021,3.793306,1.56,0.13917412,3.05,0.00961,543.0,91.722,3669.0,0.43,0.41,1,Cluster 1,1.0041802488601725,1,False,Normal
K2-330 b,K2-330,Transit,2021,13.774798,2.77,0.24712327,8.1,0.0255,969.0,160.125,6232.0,1.23,1.5,1,Cluster 1,1.0108562679178468,1,False,Normal
TOI-1333 b,TOI-1333,Transit,2021,4.720219,15.647764,1.396,753.2571,2.37,1679.0,200.492,6274.0,1.464,1.925,0,Cluster 0,1.1000014721424856,1,False,Normal
HD 238090 b,HD 238090,Radial Velocity,2020,13.671,2.52,0.225,6.89,0.02167826,469.6,15.2354,3933.0,0.578,0.57,1,Cluster 1,0.9736393095155892,1,False,Normal
NGTS-18 b,NGTS-18,Transit,2021,3.05125,13.56286665,1.21,129.99181846,0.409,1381.0,1096.19,5610.0,1.003,1.392,0,Cluster 0,0.9767909475602472,1,False,Normal
HD 136352 b,HD 136352,Radial Velocity,2019,11.57797,1.664,0.14845239,4.72,0.01485078,905.0,14.682,5664.0,0.87,1.058,1,Cluster 1,1.238905763697561,1,False,Normal
K2-336 b,K2-336,Transit,2021,21.194733,1.22,0.1088413,1.98,0.00624,569.0,239.289,5424.0,0.86,0.8,1,Cluster 1,1.1125606545002635,1,False,Normal
GJ 414 A b,GJ 414 A,Radial Velocity,2021,50.8,2.63,0.23463288,7.6,0.02391215,308.6,11.8893,4120.0,0.65,0.68,1,Cluster 1,1.0005233015975106,1,False,Normal
BD+55 362 b,BD+55 362,Radial Velocity,2021,265.59,14.0,1.25,228.83645304,0.72,259.06,52.5697,5012.0,0.909,0.896193,0,Cluster 0,1.0967573905193082,1,False,Normal
HD 136352 d,HD 136352,Radial Velocity,2019,107.245,2.562,0.22856672,8.82,0.02775082,431.0,14.682,5664.0,0.87,1.058,1,Cluster 1,1.2344650643557844,1,False,Normal
K2-337 b,K2-337,Transit,2021,16.273563,2.62,0.23374115,7.37,0.0232,850.0,421.636,5869.0,0.94,1.32,1,Cluster 1,1.1535250076199794,1,False,Normal
K2-138 c,K2-138,Transit,2017,3.56004,2.299,0.20510304,6.31,0.01985338,1012.0,202.585,5356.3,0.935,0.863,1,Cluster 1,1.1045812813519187,1,False,Normal
KOI-1831 d,Kepler-324,Transit,2018,34.169,1.13,0.10081202,2.23,0.00701636,475.0,501.574,5233.0,0.901,0.835,1,Cluster 1,1.6101073818836547,-1,True,Potential Outlier
K2-340 b,K2-340,Transit,2021,29.740451,3.36,0.29975964,11.2,0.0354,606.0,738.136,5532.0,0.93,1.13,1,Cluster 1,1.1161156170084645,1,False,Normal
K2-138 d,K2-138,Transit,2017,5.40479,2.39,0.21322152,7.92,0.02491898,888.0,202.585,5356.3,0.935,0.863,1,Cluster 1,1.1086427388867373,1,False,Normal
K2-138 e,K2-138,Transit,2017,8.26146,3.39,0.30243554,12.97,0.04080798,757.0,202.585,5356.3,0.935,0.863,1,Cluster 1,1.1293770240198906,1,False,Normal
EPIC 212297394 c,EPIC 212297394,Transit,2021,5.213965,2.27,0.20251618,5.77,0.0182,866.0,418.395,5171.0,0.83,0.8,1,Cluster 1,0.9916020595850699,1,False,Normal
K2-138 f,K2-138,Transit,2017,12.75758,2.904,0.25907753,1.63,0.00512853,653.0,202.585,5356.3,0.935,0.863,1,Cluster 1,1.2375929265529055,1,False,Normal
K2-100 b,K2-100,Transit,2016,1.6739035,3.88,0.34615101,21.8,0.06859047,1841.0,188.959,5945.0,1.15,1.24,1,Cluster 1,1.256339895581555,1,False,Normal
TOI-2202 c,TOI-2202,Transit Timing Variations,2021,24.6744,13.4,1.19,117.27868218,0.369,560.61,235.933,5144.0,0.823,0.794,0,Cluster 0,1.074414083477473,1,False,Normal
KMT-2019-BLG-1715L b,KMT-2019-BLG-1715L,Microlensing,2021,,13.2,1.18,813.64072192,2.56,,3860.0,,0.61,,0,Cluster 0,1.0106743321311076,1,False,Normal
K2-349 b,K2-349,Transit,2021,9.032178,1.38,0.12311557,2.48,0.0078,518.0,453.567,4385.0,0.54,0.49,1,Cluster 1,1.1429038378248,1,False,Normal
K2-350 c,K2-350,Transit,2016,19.991944,2.74,0.24444685,7.95,0.025,687.0,489.368,5789.0,0.98,1.04,1,Cluster 1,1.0008238605446957,1,False,Normal
K2-351 b,K2-351,Transit,2021,7.806164,2.54,0.22660401,6.99,0.022,934.0,694.734,5769.0,1.02,1.05,1,Cluster 1,0.9949769579665609,1,False,Normal
GJ 740 b,GJ 740,Radial Velocity,2021,2.37756,1.53,0.137,2.96,0.00931315,829.0,11.1017,3913.0,0.58,0.56,1,Cluster 1,1.0122936424699986,1,False,Normal
HD 60292 b,HD 60292,Radial Velocity,2020,495.4,12.7,1.13,2065.895,6.5,889.53,315.211,4348.0,1.7,27.0,3,Cluster 3,1.124690101275363,1,False,Normal
TOI-1749 b,TOI-1749,Transit,2021,2.38839,1.39,0.12400771,57.0,0.17934206,831.0,99.5561,3985.0,0.58,0.55,1,Cluster 1,1.0316044232103039,1,False,Normal
TOI-1749 d,TOI-1749,Transit,2021,9.0497,2.52,0.22481973,15.0,0.04719528,533.0,99.5561,3985.0,0.58,0.55,1,Cluster 1,1.0315003518025319,1,False,Normal
KMT-2018-BLG-1025L b,KMT-2018-BLG-1025L,Microlensing,2021,,2.34,0.208,6.059,0.01906375,,6705.0,,0.219,,5,Cluster 5,0.9659003937087626,1,False,Normal
K2-185 b,K2-185,Transit,2018,10.616384,1.15,0.1025963,1.6,0.00505,809.0,268.357,5788.0,0.96,0.94,1,Cluster 1,1.0689897474039367,1,False,Normal
EPIC 212587672 c,EPIC 212587672,Transit,2021,23.228555,2.32,0.20697689,5.99,0.0189,658.0,320.07,6004.0,0.99,0.98,1,Cluster 1,1.0428545787521983,1,False,Normal
HD 221420 b,HD 221420,Radial Velocity,2019,10090.0,12.0,1.07,7278.2705203,22.9,123.49,31.1415,5847.0,1.351,1.947,0,Cluster 0,1.0618296837550665,1,False,Normal
K2-185 c,K2-185,Transit,2018,52.713494,2.39,0.21322189,6.3,0.0198,477.0,268.357,5788.0,0.96,0.94,1,Cluster 1,0.9743258560083493,1,False,Normal
TOI-1201 b,TOI-1201,Transit,2021,2.4919863,2.415,0.21545224,6.28,0.01975909,703.0,37.8871,3476.0,0.512,0.508,1,Cluster 1,1.0598735917470536,1,False,Normal
HD 136925 b,HD 136925,Radial Velocity,2021,4540.0,13.9,1.24,266.97586188,0.84,134.25,47.874,5773.19,0.875104,1.193078,0,Cluster 0,1.037622172227461,1,False,Normal
HD 109286 b,HD 109286,Radial Velocity,2021,520.1,13.2,1.17,950.30693693,2.99,259.4,55.4156,5694.0,0.98,1.089,0,Cluster 0,1.0022063399515326,1,False,Normal
Kepler-1771 b,Kepler-1771,Transit,2021,88.64399719,4.05537256,0.36179673,15.5,0.0487,391.0,565.752,5661.0,0.941,0.934,1,Cluster 1,1.0454767151681599,1,False,Normal
Kepler-1786 b,Kepler-1786,Transit,2021,78.5460968,3.16305828,0.28218964,10.1,0.0319,501.0,863.909,5808.0,1.058,1.397,1,Cluster 1,1.0480688432405496,1,False,Normal
Kepler-1834 b,Kepler-1834,Transit,2021,4.603010178,1.4593834,0.13019769,2.73,0.00858,848.0,500.395,4821.0,0.765,0.788,1,Cluster 1,1.001403076787083,1,False,Normal
TOI-559 b,TOI-559,Transit,2021,6.9839095,12.22899794,1.091,1910.14872607,6.01,1180.0,233.266,5925.0,1.026,1.233,0,Cluster 0,1.1696264232065428,1,False,Normal
Kepler-418 c,Kepler-418,Transit,2021,12.21829987,5.22108654,0.46579494,23.7,0.0747,835.0,1002.53,5822.0,0.957,1.081,1,Cluster 1,1.0841317358342537,1,False,Normal
Kepler-1801 b,Kepler-1801,Transit,2021,10.44089985,2.70926154,0.24170454,7.8,0.0245,829.0,839.332,5738.0,0.936,0.981,1,Cluster 1,1.0325387104946866,1,False,Normal
Kepler-1838 b,Kepler-1838,Transit,2021,12.14680004,1.66049425,0.14813963,3.4,0.0107,1097.0,451.242,5877.0,1.187,1.963,1,Cluster 1,1.2018777429234213,1,False,Normal
Kepler-1839 b,Kepler-1839,Transit,2021,5.056759834,1.9493759,0.17391197,4.46,0.014,1049.0,1136.6,5926.0,1.03,0.939,1,Cluster 1,0.9865677625353271,1,False,Normal
TOI-530 b,TOI-530,Transit,2021,6.387597,9.30345398,0.83,127.1313628,0.4,565.0,148.762,3659.0,0.53,0.54,0,Cluster 0,1.0635558028496346,1,False,Normal
Kepler-1749 b,Kepler-1749,Transit,2021,14.53409958,1.61301783,0.14390406,3.23,0.0102,420.0,268.2,3957.0,0.551,0.553,1,Cluster 1,1.0051137183871663,1,False,Normal
Kepler-1841 b,Kepler-1841,Transit,2021,25.88599968,1.48912557,0.13285111,2.82,0.00888,542.0,631.7,5190.0,0.823,0.899,1,Cluster 1,1.0523223578200678,1,False,Normal
Kepler-1842 b,Kepler-1842,Transit,2021,14.02639961,2.35388681,0.21000008,6.14,0.0193,822.0,923.551,5970.0,1.057,1.131,1,Cluster 1,0.9912846994501445,1,False,Normal
HAT-P-43 b,HAT-P-43,Transit,2012,3.3326414,13.63,1.21598925,210.395,0.662,1353.0,528.825,5693.0,1.03,1.08,0,Cluster 0,0.9574010569957864,1,False,Normal
Kepler-1742 b,Kepler-1742,Transit,2021,49.47819901,2.1782413,0.19433001,5.38,0.0169,462.0,669.573,5776.0,0.939,0.849,1,Cluster 1,1.0325217965275457,1,False,Normal
Kepler-1743 b,Kepler-1743,Transit,2021,7.649710178,1.59887007,0.14264188,3.18,0.01,1144.0,538.807,5855.0,1.266,1.613,1,Cluster 1,1.1287024188425578,1,False,Normal
Kepler-1741 b,Kepler-1741,Transit,2021,2.757590055,1.273,0.11356965,2.16,0.00681,615.0,270.739,3683.0,0.454,0.424,1,Cluster 1,1.0024785017970477,1,False,Normal
Kepler-1810 b,Kepler-1810,Transit,2021,101.1330032,3.91815325,0.34955482,14.6,0.0459,380.0,1009.87,5492.0,0.921,1.016,1,Cluster 1,1.0521688587643077,1,False,Normal
Kepler-1812 b,Kepler-1812,Transit,2021,7.165219784,2.3249424,0.20741783,6.01,0.0189,1034.0,1409.19,6174.0,1.162,1.103,1,Cluster 1,0.999105961644835,1,False,Normal
Kepler-1845 b,Kepler-1845,Transit,2021,11.60649967,2.43836702,0.21753691,6.52,0.0205,584.0,710.724,4703.0,0.686,0.701,1,Cluster 1,1.0142123608435567,1,False,Normal
Kepler-1716 b,Kepler-1716,Transit,2021,35.58100128,2.4247685,0.21632373,6.46,0.0203,408.0,195.439,4894.0,0.753,0.684,1,Cluster 1,0.9852782676130862,1,False,Normal
K2-95 b,K2-95,Transit,2016,10.1346454,3.31,0.29529893,11.0,0.0345,474.0,179.854,3566.0,0.41,0.4,1,Cluster 1,1.088134664728681,1,False,Normal
Kepler-1746 b,Kepler-1746,Transit,2021,321.2120056,8.93504475,0.79713267,59.1,0.186,310.0,979.541,6018.0,1.09,1.286,0,Cluster 0,1.0054485727853202,1,False,Normal
Kepler-1745 b,Kepler-1745,Transit,2021,3.016190052,1.92872921,0.17206999,4.38,0.0138,1449.0,996.105,5611.0,0.995,1.4,1,Cluster 1,1.0144431971122971,1,False,Normal
Kepler-1814 b,Kepler-1814,Transit,2021,2.935359955,2.36961357,0.21140313,6.21,0.0195,1022.0,726.346,4922.0,0.79,0.823,1,Cluster 1,1.1106332191054609,1,False,Normal
Kepler-1813 b,Kepler-1813,Transit,2021,2.818160057,1.413,0.12605963,2.58,0.00812,1059.0,,5167.0,0.812,0.787,1,Cluster 1,1.0321413542619347,1,False,Normal
Kepler-1815 b,Kepler-1815,Transit,2021,12.19139957,2.7489262,0.24524319,7.99,0.0251,763.0,1006.63,5516.0,0.856,0.967,1,Cluster 1,1.0232819412478853,1,False,Normal
Kepler-1856 b,Kepler-1856,Transit,2021,1.302000046,1.73447868,0.15474009,3.66,0.0115,1344.0,848.76,4948.0,0.782,0.816,1,Cluster 1,1.0178107523670765,1,False,Normal
K2-101 b,K2-101,Transit,2016,14.6762429,2.0,0.17842836,4.66,0.0147,618.0,188.33,4927.0,0.82,0.76,1,Cluster 1,1.0423361195630139,1,False,Normal
Kepler-1669 c,Kepler-1669,Transit,2021,1.609320045,1.90120972,0.16961486,4.27,0.0134,958.0,543.444,4224.0,0.609,0.603,1,Cluster 1,1.047279073071374,1,False,Normal
Kepler-1165 c,Kepler-1165,Transit,2021,29.96870041,3.36093385,0.29984295,11.2,0.0354,644.0,1575.2,6249.0,1.13,1.076,1,Cluster 1,1.042635789564673,1,False,Normal
Kepler-1816 b,Kepler-1816,Transit,2021,91.50099945,1.9679397,0.17556812,4.53,0.0143,310.0,437.823,5051.0,0.786,0.706,1,Cluster 1,1.0081836218317966,1,False,Normal
Kepler-1847 b,Kepler-1847,Transit,2021,11.12969971,2.74516914,0.24490801,7.97,0.0251,843.0,1693.86,6122.0,1.041,0.964,1,Cluster 1,1.0762119655480795,1,False,Normal
K2-355 b,K2-355,Transit,2021,5.7385647,2.25,0.2007319,5.69,0.0179,1066.0,500.497,5790.0,0.96,0.92,1,Cluster 1,0.9898278409493397,1,False,Normal
K2-356 b,K2-356,Transit,2021,21.0267366,2.29,0.20430047,5.86,0.0184,624.0,355.54,5568.0,0.9,0.86,1,Cluster 1,0.9873349368520359,1,False,Normal
Kepler-1757 b,Kepler-1757,Transit,2021,19.65640068,2.94660251,0.26287872,8.99,0.0283,549.0,807.308,5288.0,0.828,0.74,1,Cluster 1,1.027147419846034,1,False,Normal
Kepler-1758 b,Kepler-1758,Transit,2021,9.977210045,2.57059831,0.22933382,7.13,0.0224,1028.0,1588.41,5557.0,1.035,1.616,1,Cluster 1,1.2074561276667768,1,False,Normal
Kepler-1819 b,Kepler-1819,Transit,2021,16.48690033,3.90351256,0.34824866,14.5,0.0456,760.0,1363.19,6090.0,1.173,1.071,1,Cluster 1,1.0735342446268785,1,False,Normal
Kepler-1817 b,Kepler-1817,Transit,2021,44.29919815,2.27349126,0.20282765,5.79,0.0182,463.0,748.569,5316.0,0.878,0.915,1,Cluster 1,1.0008361854889043,1,False,Normal
K2-357 b,K2-357,Transit,2021,16.3488637,3.72,0.33187674,13.4,0.042,735.0,517.687,5794.0,0.98,1.0,1,Cluster 1,1.0714543383567618,1,False,Normal
K2-358 b,K2-358,Transit,2021,11.2510285,2.68,0.239094,7.65,0.0241,888.0,480.307,5650.0,0.93,0.91,1,Cluster 1,1.0498507998135618,1,False,Normal
Kepler-1731 b,Kepler-1731,Transit,2021,21.76129913,2.93295657,0.26166131,8.92,0.0281,486.0,169.948,4859.0,0.781,0.72,1,Cluster 1,1.014492018037101,1,False,Normal
Kepler-1762 b,Kepler-1762,Transit,2021,29.53910065,2.76022913,0.24625157,8.05,0.0253,714.0,1663.74,6572.0,1.298,1.238,1,Cluster 1,1.2275591846473208,1,False,Normal
Kepler-1820 b,Kepler-1820,Transit,2021,31.03249931,3.11883067,0.27824391,9.9,0.0312,561.0,1425.39,5841.0,1.047,0.931,1,Cluster 1,0.9908333775507863,1,False,Normal
Kepler-1821 b,Kepler-1821,Transit,2021,16.45809937,2.59248115,0.23128608,7.24,0.0228,644.0,799.699,5475.0,0.946,0.884,1,Cluster 1,0.9941964247903214,1,False,Normal
Kepler-1788 b,Kepler-1788,Transit,2021,2.800120115,2.37850461,0.21219633,6.25,0.0197,956.0,560.445,4786.0,0.686,0.704,1,Cluster 1,1.0987984467884868,1,False,Normal
Kepler-1859 b,Kepler-1859,Transit,2021,2.729599953,1.58313575,0.14123815,3.13,0.00985,1455.0,1331.25,5887.0,1.09,1.235,1,Cluster 1,1.0114170100341684,1,False,Normal
Kepler-1860 b,Kepler-1860,Transit,2021,12.73719978,1.13863767,0.10158262,1.55,0.00487,697.0,438.703,5420.0,0.874,0.868,1,Cluster 1,1.0809826064655013,1,False,Normal
K2-184 b,K2-184,Transit,2018,16.9780102,1.47,0.13114484,2.76,0.00869,533.0,75.5857,5245.0,0.84,0.75,1,Cluster 1,1.0601489924896017,1,False,Normal
Kepler-1712 b,Kepler-1712,Transit,2021,13.81499958,2.28372556,0.2037407,5.83,0.0184,391.0,156.264,3732.0,0.515,0.509,1,Cluster 1,0.9656491792266978,1,False,Normal
Kepler-1763 b,Kepler-1763,Transit,2021,1.480280042,1.14651332,0.10228524,1.59,0.00499,1822.0,756.486,5897.0,1.026,1.259,1,Cluster 1,1.0339072238286298,1,False,Normal
Kepler-1764 b,Kepler-1764,Transit,2021,70.46829987,4.55527871,0.40639545,18.8,0.0593,511.0,1542.48,6461.0,1.162,1.131,1,Cluster 1,1.303976572940749,1,False,Normal
Kepler-1790 b,Kepler-1790,Transit,2021,31.58889961,3.1446145,0.2805442,10.0,0.0316,682.0,1070.17,5866.0,1.02,1.367,1,Cluster 1,1.0446087278901173,1,False,Normal
Kepler-1791 b,Kepler-1791,Transit,2021,7.720860004,3.12103321,0.27844041,9.91,0.0312,1021.0,602.218,5887.0,0.985,1.177,1,Cluster 1,1.02599690757225,1,False,Normal
EPIC 220554210 c,K2-282,Transit,2019,0.70531,1.6,0.14274268,3.19,0.01,,496.289,5499.0,0.94,1.0,1,Cluster 1,0.9729656309762845,1,False,Normal
K2-273 b,K2-273,Transit,2018,11.7195663,3.05,0.27210324,9.53,0.03,849.0,308.105,5161.0,0.89,0.85,1,Cluster 1,1.0545839245150455,1,False,Normal
K2-104 b,K2-104,Transit,2016,1.9741954,1.79,0.15969338,3.86,0.0121,798.0,189.289,3712.0,0.51,0.48,1,Cluster 1,0.9845693730442182,1,False,Normal
Kepler-1792 b,Kepler-1792,Transit,2021,4.1957798,2.51990972,0.22481167,6.89,0.0217,1047.0,601.029,5229.0,0.878,1.005,1,Cluster 1,1.0753089843820953,1,False,Normal
Kepler-1090 c,Kepler-1090,Transit,2021,42.42720032,3.29265785,0.29375176,10.9,0.0342,496.0,858.77,5330.0,0.869,1.013,1,Cluster 1,1.0685980703961917,1,False,Normal
EPIC 220492298 b,EPIC 220492298,Transit,2021,0.762406,0.99,0.08832204,0.937,0.00295,,624.512,5620.0,0.95,0.89,1,Cluster 1,1.019871806813823,1,False,Normal
EPIC 206024342 c,EPIC 206024342,Transit,2021,0.911724,1.4,0.12489985,2.54,0.008,,369.888,5724.0,0.928,1.1,1,Cluster 1,0.9852947264498868,1,False,Normal
Kepler-1760 b,Kepler-1760,Transit,2021,38.3260994,2.28995546,0.20429649,5.86,0.0184,480.0,,5229.0,0.821,0.903,1,Cluster 1,0.9786064205987373,1,False,Normal
Kepler-1777 b,Kepler-1777,Transit,2021,12.18420029,2.13189678,0.19019542,5.19,0.0163,819.0,619.146,5771.0,0.984,1.068,1,Cluster 1,0.9716908385241441,1,False,Normal
K2-275 c,K2-275,Transit,2018,8.4388385,2.21,0.19716333,5.52,0.0174,653.0,123.438,4841.0,0.77,0.69,1,Cluster 1,0.9796561693609529,1,False,Normal
K2-275 b,K2-275,Transit,2018,3.2809626,2.34,0.20876118,6.08,0.0191,1166.0,123.438,4841.0,0.77,0.69,1,Cluster 1,1.1495501537590296,1,False,Normal
Kepler-1775 b,Kepler-1775,Transit,2021,85.65399933,3.64762153,0.32541956,12.9,0.0406,522.0,657.023,5818.0,1.149,1.647,1,Cluster 1,1.3224197343832103,1,False,Normal
Kepler-1797 b,Kepler-1797,Transit,2021,23.3593998,3.05774442,0.27279416,9.58,0.0301,684.0,1338.49,6244.0,1.069,1.009,1,Cluster 1,1.1055168748782518,1,False,Normal
Kepler-1798 b,Kepler-1798,Transit,2021,16.85589981,2.30911251,0.20600557,5.94,0.0187,408.0,395.196,3967.0,0.593,0.587,1,Cluster 1,0.9736047554213225,1,False,Normal
TIC 172900988 b,TIC 172900988 Aa,Transit,2021,200.452,11.25,1.0036595,942.0,2.96386345,361.24,250.956,6050.0,1.2384,1.3842,0,Cluster 0,1.1490728332823286,1,False,Normal
HD 93385 d,HD 93385,Radial Velocity,2021,45.85,2.89,0.258,8.7,0.02737326,619.44,43.3475,5977.0,1.04,1.18484,1,Cluster 1,1.0093100987843027,1,False,Normal
OGLE-2018-BLG-0567L b,OGLE-2018-BLG-0567L,Microlensing,2021,,12.3,1.1,101.70509024,0.32,,7060.0,,0.25,,5,Cluster 5,1.12205755175016,1,False,Normal
OGLE-2018-BLG-0962L b,OGLE-2018-BLG-0962L,Microlensing,2021,,13.6,1.22,425.89006538,1.34,,6500.0,,0.54,,0,Cluster 0,0.9925482404848855,1,False,Normal
Kepler-487 d,Kepler-487,Transit,2021,2.418390036,2.77513568,0.24758145,8.12,0.0256,1226.0,872.343,5422.0,0.874,0.887,1,Cluster 1,1.133417096368635,1,False,Normal
Kepler-1822 b,Kepler-1822,Transit,2021,22.13339996,2.64755943,0.23619984,7.5,0.0236,507.0,897.597,5165.0,0.782,0.702,1,Cluster 1,1.005053901725979,1,False,Normal
Kepler-1823 b,Kepler-1823,Transit,2021,21.10339928,2.0861268,0.18611209,5.0,0.0157,718.0,724.971,6000.0,1.068,1.126,1,Cluster 1,0.9978282450310804,1,False,Normal
HD 96700 c,HD 96700,Radial Velocity,2021,19.88,1.69,0.151,3.5,0.01101223,808.42,25.4111,5845.0,0.89,1.16,1,Cluster 1,1.1727680074263074,1,False,Normal
HD 96700 d,HD 96700,Radial Velocity,2021,103.5,3.61,0.322,12.7,0.03995867,466.19,25.4111,5845.0,0.89,1.16,1,Cluster 1,1.1900214643204334,1,False,Normal
TOI-2257 b,TOI-2257,Transit,2021,35.189346,2.194,0.19573591,5.45,0.0171,256.0,57.7911,3430.0,0.328,0.313,1,Cluster 1,0.997039687917664,1,False,Normal
Kepler-1769 b,Kepler-1769,Transit,2021,89.1934967,4.465,0.39834131,18.2,0.0573,483.0,438.412,6071.0,1.061,1.295,1,Cluster 1,1.273653737721819,1,False,Normal
Kepler-1778 b,Kepler-1778,Transit,2021,10.08740044,3.01665969,0.26912881,9.36,0.0294,942.0,1276.29,6310.0,1.143,1.095,1,Cluster 1,1.0463985263677507,1,False,Normal
Kepler-1824 b,Kepler-1824,Transit,2021,95.61100006,2.38127597,0.21244358,6.26,0.0197,421.0,1040.1,6002.0,1.135,1.081,1,Cluster 1,1.0521260598643853,1,False,Normal
HD 189567 b,HD 189567,Radial Velocity,2021,14.288,2.85,0.254,8.5,0.02674399,845.16,17.9055,5726.0,0.83,1.04,1,Cluster 1,1.1243630912477696,1,False,Normal
HD 189567 c,HD 189567,Radial Velocity,2021,33.688,2.54,0.227,7.0,0.02202446,634.41,17.9055,5726.0,0.83,1.04,1,Cluster 1,1.1557481229699726,1,False,Normal
HD 137496 c,HD 137496,Radial Velocity,2021,479.9,12.6,1.13,2434.56559762,7.66,370.0,155.317,5799.0,1.04,1.59,0,Cluster 0,1.1627781427219641,1,False,Normal
Kepler-1782 b,Kepler-1782,Transit,2021,5.756229877,2.22927435,0.19888288,5.6,0.0176,773.0,305.792,4931.0,0.794,0.734,1,Cluster 1,0.9907817850422532,1,False,Normal
Kepler-1784 b,Kepler-1784,Transit,2021,13.59049988,2.79936489,0.24974304,8.24,0.0259,724.0,883.045,5442.0,0.887,0.974,1,Cluster 1,1.005806320675473,1,False,Normal
Kepler-1828 b,Kepler-1828,Transit,2021,10.2737999,2.11598626,0.18877597,5.13,0.0161,799.0,871.81,5806.0,0.996,0.899,1,Cluster 1,0.9751897400272653,1,False,Normal
Kepler-1829 b,Kepler-1829,Transit,2021,5.186719894,2.47887001,0.22115035,6.71,0.0211,860.0,679.921,5230.0,0.873,0.777,1,Cluster 1,0.992892525789053,1,False,Normal
Kepler-1776 b,Kepler-1776,Transit,2021,35.01190186,2.61157023,0.23298909,7.33,0.023,603.0,690.336,5872.0,1.041,1.153,1,Cluster 1,0.9726678097813541,1,False,Normal
Kepler-1709 b,Kepler-1709,Transit,2021,65.70459747,3.12424875,0.27872728,9.93,0.0312,472.0,273.946,5918.0,1.003,1.043,1,Cluster 1,1.023991287179357,1,False,Normal
Kepler-1833 b,Kepler-1833,Transit,2021,6.892129898,1.30027362,0.11600284,2.24,0.00705,1177.0,591.602,6164.0,1.286,1.446,1,Cluster 1,1.0384113021761603,1,False,Normal
TOI-3362 b,TOI-3362,Transit,2021,18.09547,12.80065596,1.142,1598.3590588,5.029,688.0,366.987,6532.0,1.445,1.83,0,Cluster 0,1.19792254475022,1,False,Normal
Kepler-1738 b,Kepler-1738,Transit,2021,7.674630165,2.82472883,0.25200586,8.37,0.0263,957.0,1302.87,6063.0,1.079,1.001,1,Cluster 1,0.994193516385786,1,False,Normal
Kepler-1739 b,Kepler-1739,Transit,2021,7.343709946,2.43056832,0.21684115,6.48,0.0204,839.0,783.666,5757.0,0.865,0.762,1,Cluster 1,1.0999060984311284,1,False,Normal
Kepler-1924 b,Kepler-1924,Transit,2021,15.33170033,2.65446572,0.23681598,7.53,0.0237,821.0,1910.77,5726.0,1.018,1.285,1,Cluster 1,1.0613784620524798,1,False,Normal
Kepler-1925 b,Kepler-1925,Transit,2021,46.71640015,3.00177922,0.26780127,9.28,0.0292,531.0,1771.31,5856.0,1.057,1.092,1,Cluster 1,0.9935257518774048,1,False,Normal
HATS-76 b,HATS-76,Transit,2021,1.9416423,12.09449018,1.079,835.570882,2.629,939.8,385.689,4016.0,0.662,0.6259,0,Cluster 0,1.1508541432654797,1,False,Normal
Kepler-1130 d,Kepler-1130,Transit,2021,4.272250175,0.64472273,0.05751841,0.202,0.000634,981.0,249.343,5450.0,0.944,0.842,1,Cluster 1,1.0560472263117018,1,False,Normal
Kepler-1802 c,Kepler-1802,Transit,2021,33.13610077,2.322,0.20715532,6.0,0.0189,357.0,636.694,4245.0,0.649,0.637,1,Cluster 1,0.9769828165617005,1,False,Normal
Kepler-1942 b,Kepler-1942,Transit,2021,4.626049995,2.1170287,0.18886898,5.13,0.0161,1012.0,842.492,5834.0,0.852,0.797,1,Cluster 1,1.2057856973835976,1,False,Normal
Kepler-1943 b,Kepler-1943,Transit,2021,4.850180149,1.54869189,0.13816527,3.02,0.00949,1098.0,1004.55,6032.0,1.055,0.973,1,Cluster 1,1.0210270333122804,1,False,Normal
Kepler-1927 b,Kepler-1927,Transit,2021,73.75039673,3.40627075,0.30388764,11.5,0.0362,677.0,1091.0,6056.0,1.408,2.481,1,Cluster 1,1.249785214901079,1,False,Normal
Kepler-1722 b,Kepler-1722,Transit,2021,9.178569794,2.86719266,0.25579424,8.58,0.027,753.0,772.283,5506.0,0.876,0.788,1,Cluster 1,0.9985593295285545,1,False,Normal
HD 69123 b,HD 69123,Radial Velocity,2022,1193.3,13.1,1.17,982.08977763,3.09,411.78,75.116,4842.0,1.68,7.72,3,Cluster 3,1.6742193293665175,-1,True,Potential Outlier
Kepler-1266 c,Kepler-1266,Transit,2021,4.86631012,1.68023962,0.1499012,3.46,0.0109,881.0,849.312,4996.0,0.791,0.831,1,Cluster 1,1.0010350058775468,1,False,Normal
Kepler-394 d,Kepler-394,Transit,2021,5.613580227,1.50066814,0.13388087,2.86,0.009,1165.0,1058.72,6398.0,1.141,1.101,1,Cluster 1,1.084356927432483,1,False,Normal
Kepler-1944 b,Kepler-1944,Transit,2021,9.842579842,2.75971163,0.2462054,8.05,0.0253,801.0,1076.48,5585.0,1.064,0.972,1,Cluster 1,1.2037072320671676,1,False,Normal
Kepler-1945 b,Kepler-1945,Transit,2021,6.080039978,1.289,0.11499708,2.21,0.00695,808.0,,4991.0,0.767,0.804,1,Cluster 1,0.9823734431841945,1,False,Normal
Kepler-1946 b,Kepler-1946,Transit,2021,3.035190105,2.48812698,0.2219762,6.75,0.0212,1143.0,1002.12,5505.0,0.887,0.873,1,Cluster 1,1.0216096828131367,1,False,Normal
Kepler-1929 b,Kepler-1929,Transit,2021,59.36249924,3.07250761,0.27411124,9.65,0.0304,566.0,508.201,5786.0,1.006,1.471,1,Cluster 1,1.0993794559426409,1,False,Normal
Kepler-913 c,Kepler-913,Transit,2021,5.939119816,3.8580709,0.34419462,14.2,0.0447,1357.0,991.618,6068.0,1.294,1.797,1,Cluster 1,1.1477294360028354,1,False,Normal
Kepler-324 e,Kepler-324,Transit,2021,13.97939968,2.03862444,0.1818742,235.014,0.73943674,635.0,501.574,5191.0,0.844,0.826,1,Cluster 1,1.096195630725578,1,False,Normal
Kepler-1727 b,Kepler-1727,Transit,2021,9.029299736,3.17321625,0.28309588,10.2,0.0321,757.0,894.187,5349.0,0.824,0.82,1,Cluster 1,1.0825184782522759,1,False,Normal
Kepler-1931 b,Kepler-1931,Transit,2021,38.5760994,2.65323514,0.23670619,7.53,0.0237,619.0,620.091,6167.0,1.174,1.221,1,Cluster 1,0.9828633253701551,1,False,Normal
Kepler-1530 d,Kepler-1530,Transit,2021,9.20761013,3.27870115,0.29250663,10.8,0.0339,972.0,489.876,5678.0,1.015,1.303,1,Cluster 1,1.0605903851072784,1,False,Normal
Kepler-1932 b,Kepler-1932,Transit,2021,0.524177015,1.51482218,0.13514362,2.91,0.00914,1891.0,713.733,5278.0,0.911,0.815,1,Cluster 1,1.018090216878478,1,False,Normal
YZ Cet b,YZ Cet,Radial Velocity,2017,2.02087,0.913,0.0814,0.7,0.00220245,471.2,3.71207,3151.0,0.142,0.157,1,Cluster 1,1.0337359221593272,1,False,Normal
YZ Cet c,YZ Cet,Radial Velocity,2017,3.05989,1.05,0.0933,1.14,0.00358684,410.3,3.71207,3151.0,0.142,0.157,1,Cluster 1,0.9904395591739054,1,False,Normal
Kepler-281 d,Kepler-281,Transit,2021,148.2720032,5.93747806,0.52970723,654.0,2.05771412,321.0,1745.45,5717.0,0.984,0.884,0,Cluster 0,1.8572576189550236,-1,True,Potential Outlier
Kepler-495 c,Kepler-495,Transit,2021,5.896609783,1.21936414,0.10878457,1.98,0.00622,1000.0,658.924,5392.0,0.888,1.087,1,Cluster 1,0.9775520591026596,1,False,Normal
Kepler-501 c,Kepler-501,Transit,2021,3.622760057,1.68119739,0.14998664,3.47,0.0109,1304.0,1125.24,5794.0,1.032,1.216,1,Cluster 1,1.0020071959387749,1,False,Normal
Kepler-196 d,Kepler-196,Transit,2021,122.0800018,2.66065673,0.2373683,7.56,0.0238,297.0,451.312,5132.0,0.805,0.77,1,Cluster 1,0.9886264576483395,1,False,Normal
Kepler-1950 b,Kepler-1950,Transit,2021,10.77690029,1.52696349,0.13622679,2.95,0.00927,752.0,697.253,5455.0,0.759,0.852,1,Cluster 1,1.130778166100824,1,False,Normal
Kepler-1899 b,Kepler-1899,Transit,2021,4.095779896,1.55098292,0.13836967,3.02,0.00952,851.0,711.509,4791.0,0.759,0.742,1,Cluster 1,1.0082145635912434,1,False,Normal
Kepler-1869 b,Kepler-1869,Transit,2021,8.167360306,1.11955354,0.09988005,1.46,0.00458,865.0,113.025,5808.0,0.987,0.902,1,Cluster 1,1.0574274785187554,1,False,Normal
Kepler-1312 c,Kepler-1312,Transit,2021,1.116119981,1.02732734,0.09165216,1.07,0.00337,1659.0,299.104,5721.0,0.983,0.905,1,Cluster 1,0.9987017930689112,1,False,Normal
Kepler-1952 b,Kepler-1952,Transit,2021,27.21080017,1.23923346,0.11055719,2.07,0.0065,725.0,852.062,5973.0,0.922,1.305,1,Cluster 1,1.3570608001357733,1,False,Normal
Kepler-1728 b,Kepler-1728,Transit,2021,4.782999992,2.95501875,0.26362957,9.04,0.0284,886.0,651.783,5170.0,0.891,0.807,1,Cluster 1,1.013070346493103,1,False,Normal
Kepler-1926 b,Kepler-1926,Transit,2021,42.87770081,2.31495961,0.20652722,5.97,0.0188,451.0,667.405,5256.0,0.768,0.832,1,Cluster 1,1.0722001833166994,1,False,Normal
Kepler-1729 b,Kepler-1729,Transit,2021,4.220970154,3.89404186,0.34740374,14.4,0.0454,595.0,576.181,3837.0,0.544,0.517,1,Cluster 1,1.2424358787808507,1,False,Normal
Kepler-1972 b,Kepler-1972,Transit,2022,7.54425,0.802,0.07154977,2.02,0.00635563,1084.0,287.339,5818.0,1.12,1.384,1,Cluster 1,1.8192856468005671,-1,True,Potential Outlier
Kepler-1321 d,Kepler-1321,Transit,2021,5.720920086,2.62843782,0.23449392,7.41,0.0233,509.0,769.146,3640.0,0.513,0.503,1,Cluster 1,1.0217707134372067,1,False,Normal
Kepler-1600 c,Kepler-1600,Transit,2021,7.298049927,1.94206512,0.17325974,4.43,0.0139,786.0,1030.81,5119.0,0.818,0.834,1,Cluster 1,0.9803030777260459,1,False,Normal
Kepler-1954 b,Kepler-1954,Transit,2021,5.883430004,1.80235934,0.16079601,3.9,0.0123,949.0,1373.83,5840.0,0.942,0.849,1,Cluster 1,1.0742615946220717,1,False,Normal
Kepler-1730 b,Kepler-1730,Transit,2021,13.81019974,4.48524519,0.40014746,18.4,0.0577,833.0,1427.08,5942.0,1.009,1.142,1,Cluster 1,1.0575962525662546,1,False,Normal
Kepler-1721 b,Kepler-1721,Transit,2021,4.592380047,3.11856756,0.27822044,9.9,0.0312,924.0,641.374,5351.0,0.89,0.796,1,Cluster 1,1.0370558149510627,1,False,Normal
Kepler-1887 b,Kepler-1887,Transit,2021,19.94750023,2.92454357,0.26091075,8.88,0.0279,625.0,1366.18,5749.0,0.961,0.864,1,Cluster 1,0.9969321887265057,1,False,Normal
Kepler-1958 b,Kepler-1958,Transit,2021,9.328619957,2.05124311,0.18299997,4.86,0.0153,806.0,1320.38,5749.0,0.961,0.864,1,Cluster 1,0.9665479881397727,1,False,Normal
Kepler-1726 b,Kepler-1726,Transit,2021,18.39629936,2.50861954,0.22380443,6.84,0.0215,582.0,390.552,5316.0,0.876,0.804,1,Cluster 1,0.9940761730320385,1,False,Normal
Kepler-1723 b,Kepler-1723,Transit,2021,39.75289917,2.88046569,0.25697838,8.65,0.0272,568.0,811.278,6072.0,0.96,1.01,1,Cluster 1,1.1277424558757807,1,False,Normal
Kepler-1705 b,Kepler-1705,Transit,2021,9.03502,2.03,0.18110478,4.47,0.01406419,789.0,1633.49,6312.0,1.139,1.259,1,Cluster 1,1.1533536285806765,1,False,Normal
OGLE-2019-BLG-0960L b,OGLE-2019-BLG-0960L,Microlensing,2021,,1.39,0.124,2.5,0.00786588,,980.0,,0.5,,5,Cluster 5,1.040684147174405,1,False,Normal
Kepler-1890 b,Kepler-1890,Transit,2021,4.820590019,0.86867375,0.07749801,0.587,0.00185,1328.0,529.596,6046.0,1.024,1.396,1,Cluster 1,1.0628155122885499,1,False,Normal
Kepler-1892 b,Kepler-1892,Transit,2021,6.331230164,1.83707938,0.16389353,4.03,0.0127,822.0,851.595,5383.0,0.851,0.759,1,Cluster 1,1.016171437319547,1,False,Normal
Kepler-1959 b,Kepler-1959,Transit,2021,6.38669014,1.14315727,0.10198584,1.57,0.00494,811.0,479.263,5071.0,0.768,0.811,1,Cluster 1,1.0174801737724133,1,False,Normal
Kepler-1960 b,Kepler-1960,Transit,2021,2.297940016,1.30749704,0.11664727,2.26,0.00712,1547.0,1527.56,6371.0,1.117,1.072,1,Cluster 1,1.0663493411841651,1,False,Normal
Kepler-457 d,KOI-7892,Transit,2021,10.6906004,2.98467257,0.26627511,9.19,0.0289,1008.0,1072.3,6474.0,1.148,1.242,1,Cluster 1,1.0993387938287618,1,False,Normal
Kepler-633 c,Kepler-633,Transit,2021,23.78319931,2.296,0.20483575,5.89,0.0185,725.0,680.54,5877.0,0.997,1.265,1,Cluster 1,1.0254019228831288,1,False,Normal
Kepler-1861 b,Kepler-1861,Transit,2021,40.0306015,2.20677414,0.19687554,5.5,0.0173,617.0,829.985,5855.0,1.161,1.373,1,Cluster 1,1.0675537611974923,1,False,Normal
Kepler-1863 b,Kepler-1863,Transit,2021,44.99760056,2.26309256,0.20189994,5.74,0.0181,508.0,865.546,5871.0,1.097,0.983,1,Cluster 1,1.075668036315112,1,False,Normal
Kepler-1895 b,Kepler-1895,Transit,2021,6.070290089,2.11934728,0.18907583,5.14,0.0162,789.0,984.187,5076.0,0.86,0.763,1,Cluster 1,0.9819127224446786,1,False,Normal
Kepler-1911 b,Kepler-1911,Transit,2021,5.990799904,1.011,0.09019553,1.01,0.00318,987.0,269.912,5721.0,0.954,0.972,1,Cluster 1,1.0000124572681202,1,False,Normal
Kepler-1865 b,Kepler-1865,Transit,2021,2.524009943,1.57686072,0.14067833,3.11,0.00979,1203.0,922.255,5420.0,0.849,0.871,1,Cluster 1,1.0072891096420196,1,False,Normal
Kepler-1866 b,Kepler-1866,Transit,2021,11.66009998,2.08215108,0.1857574,4.99,0.0157,834.0,976.737,5791.0,1.03,1.083,1,Cluster 1,0.9968582788034196,1,False,Normal
Kepler-1897 b,Kepler-1897,Transit,2021,24.22030067,2.81407954,0.25105579,8.32,0.0262,505.0,983.174,5165.0,0.859,0.761,1,Cluster 1,0.9935663658156768,1,False,Normal
Kepler-1896 b,Kepler-1896,Transit,2021,44.87020111,3.09935997,0.27650685,9.8,0.0308,536.0,1732.91,6122.0,1.07,0.996,1,Cluster 1,1.0533183528705152,1,False,Normal
Kepler-1967 b,Kepler-1967,Transit,2021,7.281690121,0.73022577,0.06514649,0.315,0.000991,1086.0,249.102,4970.0,0.996,1.806,1,Cluster 1,2.186716240875911,-1,True,Potential Outlier
b Cen AB b,b Cen A,Imaging,2021,1790000.0,12.4,1.11,3464.3296363,10.9,,98.0935,,5.5,,3,Cluster 3,3.0402393049863807,-1,True,Potential Outlier
OGLE-2018-BLG-0532L b,OGLE-2018-BLG-0532L,Microlensing,2020,,2.37,0.212,6.228,0.01959548,,773.0,,0.195,,5,Cluster 5,0.9670342470977067,1,False,Normal
Kepler-1867 b,Kepler-1867,Transit,2021,9.887359619,1.15985997,0.10347595,1.65,0.0052,768.0,680.583,5693.0,0.911,0.816,1,Cluster 1,1.0163100011390866,1,False,Normal
Kepler-1868 b,Kepler-1868,Transit,2021,211.0339966,3.14950109,0.28098015,10.1,0.0317,215.0,274.18,4658.0,0.743,0.686,1,Cluster 1,1.1247248963206302,1,False,Normal
Kepler-1903 b,Kepler-1903,Transit,2021,17.0678997,2.28642395,0.20398143,5.85,0.0184,769.0,1775.44,6347.0,1.053,0.996,1,Cluster 1,1.3505394041618248,1,False,Normal
Kepler-1969 b,Kepler-1969,Transit,2021,6.647520065,1.68161001,0.15002345,3.47,0.0109,999.0,1204.54,6046.0,1.111,1.007,1,Cluster 1,0.998188972637186,1,False,Normal
Kepler-1968 b,Kepler-1968,Transit,2021,7.281099796,1.50004034,0.13382487,2.86,0.00899,744.0,750.93,5008.0,0.844,0.788,1,Cluster 1,0.9846572238534949,1,False,Normal
Kepler-1871 b,Kepler-1871,Transit,2021,1.952700019,2.42172881,0.21605255,6.44,0.0203,1403.0,854.623,5741.0,1.02,0.946,1,Cluster 1,1.0370487362419338,1,False,Normal
Kepler-1872 b,Kepler-1872,Transit,2021,3.825910091,2.38421141,0.21270546,6.28,0.0197,1005.0,840.182,5223.0,0.913,0.885,1,Cluster 1,1.0789238766510745,1,False,Normal
Kepler-1906 b,Kepler-1906,Transit,2021,7.362689972,2.77615754,0.24767261,8.13,0.0256,901.0,1360.63,5868.0,0.987,0.894,1,Cluster 1,1.022010876000772,1,False,Normal
Kepler-1907 b,Kepler-1907,Transit,2021,5.652450085,0.86973029,0.07759227,0.589,0.00185,856.0,292.111,5159.0,0.752,0.8,1,Cluster 1,1.1717280094675853,1,False,Normal
Kepler-1913 b,Kepler-1913,Transit,2021,14.1960001,1.51852059,0.13547357,2.92,0.00918,818.0,876.3,6214.0,1.169,1.076,1,Cluster 1,0.9870581897183452,1,False,Normal
HD 79181 b,HD 79181,Radial Velocity,2021,273.1,14.1,1.26,203.41018048,0.64,821.87,103.335,4862.0,1.28,11.06,3,Cluster 3,0.9876368524066625,1,False,Normal
HD 10975 b,HD 10975,Radial Velocity,2021,283.8,14.3,1.28,143.02278315,0.45,799.92,116.506,4840.0,1.41,11.16,3,Cluster 3,0.9809784791671788,1,False,Normal
HD 99283 b,HD 99283,Radial Velocity,2021,310.4,13.8,1.23,308.29355479,0.97,759.06,111.093,4886.0,1.76,11.21,3,Cluster 3,0.9823463553238101,1,False,Normal
Kepler-1873 b,Kepler-1873,Transit,2021,0.558842003,1.62573811,0.14503889,3.28,0.0103,1787.0,820.957,5151.0,0.903,0.792,1,Cluster 1,0.9642440784450692,1,False,Normal
Kepler-1874 b,Kepler-1874,Transit,2021,56.57320023,2.21110724,0.19726211,5.52,0.0174,356.0,408.007,4701.0,0.758,0.775,1,Cluster 1,0.974935429490803,1,False,Normal
Kepler-1909 b,Kepler-1909,Transit,2021,2.391609907,1.09217411,0.09743742,1.33,0.00419,1031.0,763.662,4935.0,0.663,0.685,1,Cluster 1,1.2719503078171006,1,False,Normal
Kepler-1717 b,Kepler-1717,Transit,2021,30.65279961,2.98929758,0.26668773,9.21,0.029,780.0,1008.79,6200.0,1.158,1.64,1,Cluster 1,1.041475515659028,1,False,Normal
Kepler-1917 b,Kepler-1917,Transit,2021,12.90240002,1.88971288,0.16858918,4.23,0.0133,675.0,909.037,5530.0,0.882,0.788,1,Cluster 1,1.0214187718728658,1,False,Normal
Kepler-1918 b,Kepler-1918,Transit,2021,47.0564003,2.29763023,0.20498119,5.89,0.0185,497.0,1030.11,5889.0,0.967,0.924,1,Cluster 1,1.028463684526711,1,False,Normal
ups Leo b,ups Leo,Radial Velocity,2021,385.2,14.2,1.27,162.09248757,0.51,719.08,52.5973,4836.0,1.48,11.22,3,Cluster 3,0.980821783711774,1,False,Normal
HD 219139 b,HD 219139,Radial Velocity,2021,275.5,14.0,1.24,247.90615746,0.78,804.83,104.935,4831.0,1.46,11.22,3,Cluster 3,0.9795430825813078,1,False,Normal
Kepler-616 d,Kepler-616,Transit,2021,51.06740189,2.653,0.23668521,7.52,0.0237,499.0,945.775,6004.0,1.061,0.977,1,Cluster 1,0.9996513671456991,1,False,Normal
Kepler-534 c,Kepler-534,Transit,2021,7.378689766,1.227,0.1094658,2.02,0.00637,933.0,570.659,5936.0,1.075,0.965,1,Cluster 1,1.011347283763914,1,False,Normal
Kepler-1919 b,Kepler-1919,Transit,2021,37.88660049,2.62390658,0.23408967,7.38,0.0232,479.0,1177.53,5513.0,0.868,0.818,1,Cluster 1,1.020248950916438,1,False,Normal
Kepler-1488 c,Kepler-1488,Transit,2021,6.158269882,1.65156749,0.14734324,3.37,0.0106,1212.0,905.825,5710.0,1.003,1.524,1,Cluster 1,1.114481374997303,1,False,Normal
gam Psc b,gam Psc,Radial Velocity,2021,555.1,13.6,1.22,425.89006538,1.34,666.07,41.3107,4742.0,0.99,11.2,3,Cluster 3,1.0466693490119485,1,False,Normal
HIP 34222 b,HIP 34222,Radial Velocity,2021,159.986,13.9,1.24,263.79757781,0.83,218.98,22.8386,4050.0,0.62,0.6186,0,Cluster 0,1.0459439502836314,1,False,Normal
Kepler-1881 b,Kepler-1881,Transit,2021,159.3939972,2.98104391,0.26595138,9.17,0.0289,289.0,1057.21,5135.0,0.812,0.874,1,Cluster 1,0.9880848828114488,1,False,Normal
Kepler-1879 b,Kepler-1879,Transit,2021,10.61340046,2.06512018,0.184238,4.92,0.0155,987.0,627.171,5865.0,1.023,1.388,1,Cluster 1,1.005401721489315,1,False,Normal
Kepler-1934 b,Kepler-1934,Transit,2021,1.419759989,0.91307734,0.08145944,0.702,0.00221,1700.0,428.514,5925.0,0.968,1.035,1,Cluster 1,0.9913744032623624,1,False,Normal
Kepler-1935 b,Kepler-1935,Transit,2021,3.951400042,2.50271696,0.22327784,6.82,0.0214,1083.0,904.702,5570.0,0.845,0.899,1,Cluster 1,1.0572845913815243,1,False,Normal
Kepler-1921 b,Kepler-1921,Transit,2021,20.03479958,2.89459458,0.25823888,8.72,0.0274,967.0,928.989,6120.0,1.251,2.0,1,Cluster 1,1.0858736404874596,1,False,Normal
HIP 86221 b,HIP 86221,Radial Velocity,2021,2.224,14.0,1.25,225.65816897,0.71,,29.4898,,0.79,,0,Cluster 0,1.0168771821386071,1,False,Normal
Kepler-1883 b,Kepler-1883,Transit,2021,103.427002,3.25107395,0.29004189,10.6,0.0334,416.0,1377.61,6208.0,1.086,1.024,1,Cluster 1,1.0820953512998885,1,False,Normal
Kepler-1938 b,Kepler-1938,Transit,2021,13.06260014,1.82828927,0.16310932,4.0,0.0126,527.0,421.152,4522.0,0.646,0.655,1,Cluster 1,1.0054927872876858,1,False,Normal
TOI-1268 b,TOI-1268,Transit,2022,8.1577094,9.1,0.81184902,96.4,0.30330832,918.9,109.557,5300.0,0.96,0.92,0,Cluster 0,0.9995572620399921,1,False,Normal
K2-25 b,K2-25,Transit,2015,3.48456408,3.44,0.306,24.5,0.07708562,494.0,44.9565,3207.0,0.2634,0.2932,1,Cluster 1,1.184568561747678,1,False,Normal
TOI-2136 b,TOI-2136,Transit,2022,7.851928,2.19,0.19537905,6.37,0.02004226,395.0,33.3631,3342.0,0.34,0.34,1,Cluster 1,1.0050187344782187,1,False,Normal
K2-382 b,K2-382,Transit,2022,21.700156,2.072,0.18485178,4.95,0.0156,,278.412,5452.0,0.922,0.811,1,Cluster 1,0.9849916932205971,1,False,Normal
K2-376 b,K2-376,Transit,2022,5.776475,1.736,0.15487581,3.66,0.0115,,161.61,5937.0,0.908,1.149,1,Cluster 1,1.1521456399776397,1,False,Normal
iot Dra b,iot Dra,Radial Velocity,2002,510.8544,12.4,1.1,3756.73177074,11.82,618.67,31.32832,4504.0,1.54,11.79,3,Cluster 3,1.0024361229377523,1,False,Normal
CoRoT-35 b,CoRoT-35,Transit,2022,3.22748,18.83108758,1.68,349.6112477,1.1,1747.0,1123.21,6390.0,1.01,1.65,0,Cluster 0,1.1851240358841093,1,False,Normal
CoRoT-36 b,CoRoT-36,Transit,2022,5.616531,15.80466279,1.41,216.12331676,0.68,1567.0,925.958,6730.0,1.32,1.52,0,Cluster 0,1.0117118337584778,1,False,Normal
K2-383 b,K2-383,Transit,2022,1.865962,1.564,0.13953097,3.07,0.00965,,203.788,5129.0,1.061,0.804,1,Cluster 1,2.0961654558947616,-1,True,Potential Outlier
K2-366 b,K2-366,Transit,2022,15.937039,2.359,0.21045625,6.16,0.0194,,185.947,5601.0,0.825,0.94,1,Cluster 1,1.0853741551047633,1,False,Normal
iot Dra c,iot Dra,Radial Velocity,2021,25000.0,12.2,1.09,4958.1231492,15.6,169.31,31.32832,4504.0,1.54,11.79,3,Cluster 3,1.3148649749988481,1,False,Normal
K2-373 b,K2-373,Transit,2022,11.02066,2.061,0.18387042,4.9,0.0154,,229.567,6138.0,1.158,1.486,1,Cluster 1,0.9765013518442525,1,False,Normal
K2-367 b,K2-367,Transit,2022,20.645099,2.413,0.21527381,6.41,0.0202,,176.965,4348.0,0.756,0.625,1,Cluster 1,1.0464310455273045,1,False,Normal
HD 160691 c,HD 160691,Radial Velocity,2004,3947.0,,,1398.4449908,4.4,157.21,15.5981,5773.0,1.13,1.33,6,Cluster 6,3.0434516654320807,-1,True,Potential Outlier
HD 160691 d,HD 160691,Radial Velocity,2004,9.6392,3.23,0.288,10.49,0.03300523,900.0,15.5981,5773.0,1.13,1.33,1,Cluster 1,1.129907431187942,1,False,Normal
K2-384 f,K2-384,Transit,2022,13.62749,2.222,0.1982339,5.57,0.0175,,82.6603,3623.0,0.33,0.348,1,Cluster 1,1.0348735866751233,1,False,Normal
K2-369 b,K2-369,Transit,2022,5.761612,1.313,0.11713822,2.28,0.00717,,185.55,5682.0,0.735,0.881,1,Cluster 1,1.177688972333916,1,False,Normal
TOI-620 b,TOI-620,Transit,2022,5.0988179,3.76,0.33544531,13.6,0.0428,603.6,33.0231,3708.0,0.577,0.55,1,Cluster 1,1.2509099743248675,1,False,Normal
AB Aur b,AB Aur,Imaging,2022,,12.5,1.12,2860.455663,9.0,83.63,162.127,9770.0,2.4,2.95887,0,Cluster 0,2.250759842251308,-1,True,Potential Outlier
HD 33142 b,HD 33142,Radial Velocity,2011,330.0,13.7,1.22,400.46379282,1.26,477.5,121.375,5025.4,1.52,4.17,3,Cluster 3,1.1097294350541727,1,False,Normal
K2-384 e,K2-384,Transit,2022,9.715043,1.345,0.11999307,2.37,0.00747,,82.6603,3623.0,0.33,0.348,1,Cluster 1,1.0045648634339157,1,False,Normal
K2-371 b,K2-371,Transit,2022,3.114905,13.024,1.16192546,,,956.83,442.813,4925.0,0.958,0.736,0,Cluster 0,1.1136709385710972,1,False,Normal
K2-372 b,K2-372,Transit,2022,9.844077,2.945,0.26273575,8.98,0.0283,,463.88,5479.0,0.847,0.922,1,Cluster 1,1.0241425641571442,1,False,Normal
TYC 2187-512-1 b,TYC 2187-512-1,Radial Velocity,2022,691.9,12.5,1.12,104.88337431,0.33,114.69,15.4744,3734.0,0.498,0.495,4,Cluster 4,0.9998378716777319,1,False,Normal
TOI-1246 b,TOI-1246,Transit,2022,4.30744,3.01,0.26853468,8.1,0.02548545,955.0,169.422,5151.0,0.87,0.86,1,Cluster 1,1.0740072081930918,1,False,Normal
HD 160691 e,HD 160691,Radial Velocity,2006,307.9,,,2224.798849,7.0,327.66,15.5981,5773.0,1.13,1.33,6,Cluster 6,1.1758207712602584,1,False,Normal
K2-393 b,K2-393,Transit,2022,10.413181,2.352,0.20983175,6.13,0.0193,,265.914,5678.0,0.881,1.071,1,Cluster 1,1.0236258222015526,1,False,Normal
K2-375 b,K2-375,Transit,2022,14.453895,2.243,0.2001074,5.66,0.0178,,696.1,5822.0,1.119,1.543,1,Cluster 1,1.1324197470290578,1,False,Normal
HIP 94235 b,HIP 94235,Transit,2022,7.713057,3.0,0.26764253,379.0,1.19246736,1060.0,58.5146,5991.0,1.094,1.08,1,Cluster 1,1.2671295470224435,1,False,Normal
KOI-984 c,KOI-984,Transit Timing Variations,2022,21.512,14.1,1.25,209.8,0.66010462,597.0,252.667,5295.0,0.928,0.818,0,Cluster 0,0.9997599605473038,1,False,Normal
TOI-2081 b,TOI-2081,Transit,2022,10.50534,2.04,0.18199692,4.82,0.0152,488.0,62.3446,3800.0,0.54,0.534,1,Cluster 1,0.9624285003174642,1,False,Normal
K2-389 c,K2-389,Transit,2022,20.851337,2.04,0.18199692,4.82,0.0152,,259.208,5782.0,0.802,1.084,1,Cluster 1,1.1220218876852752,1,False,Normal
K2-390 b,K2-390,Transit,2022,3.312792,4.662,0.4159165,19.6,0.0617,1119.0,456.122,5558.0,0.789,0.966,1,Cluster 1,1.3284875803558116,1,False,Normal
HD 73583 b,HD 73583,Transit,2022,6.398042,2.79,0.24890756,10.2,0.03209279,714.0,31.5666,4511.0,0.73,0.65,1,Cluster 1,1.046476509255469,1,False,Normal
HD 103891 b,HD 103891,Radial Velocity,2022,1919.0,13.2,1.18,918.52409623,2.89,241.25,55.5213,6072.0,1.28,2.22,0,Cluster 0,1.1241313164861384,1,False,Normal
HD 105779 b,HD 105779,Radial Velocity,2022,2412.0,14.1,1.26,203.41018048,0.64,147.29,55.2411,5792.0,0.89,0.94,0,Cluster 0,1.0391927443383706,1,False,Normal
HD 33142 d,HD 33142,Radial Velocity,2022,89.9,9.32,0.832,63.5656814,0.2,736.04,121.375,5025.4,1.52,4.17,1,Cluster 1,1.6580463754392896,-1,True,Potential Outlier
HD 19615 b,HD 19615,Radial Velocity,2022,402.0,12.6,1.12,2701.5414595,8.5,1113.92,265.155,4263.0,1.1,32.3,3,Cluster 3,1.0965549058079183,1,False,Normal
K2-391 b,K2-391,Transit,2022,4.622654,1.371,0.12231264,2.45,0.00772,,507.94,5543.0,0.757,0.566,1,Cluster 1,1.1530669233431845,1,False,Normal
HD 73583 c,HD 73583,Transit,2022,18.87974,2.39,0.21322189,9.7,0.03051961,498.0,31.5666,4511.0,0.73,0.65,1,Cluster 1,1.0461254088503964,1,False,Normal
GJ 411 b,GJ 411,Radial Velocity,2019,12.9394,1.45,0.129,2.69,0.00846369,349.83,5.675773,3719.0,0.3899,0.3685,1,Cluster 1,1.0503157460514438,1,False,Normal
TOI-1064 c,TOI-1064,Transit,2022,12.226574,2.651,0.23650679,2.5,0.00786588,634.0,68.0726,4734.0,0.748,0.726,1,Cluster 1,1.0868352520755162,1,False,Normal
K2-316 b,K2-316,Transit,2020,1.133,1.33,0.11865465,2.33,0.00733,841.0,112.486,3436.0,0.408,0.379,1,Cluster 1,1.011620491628403,1,False,Normal
HD 95735 c,GJ 411,Radial Velocity,2021,2946.0,3.76,0.335,13.6,0.04279039,63.49,5.675773,3719.0,0.3899,0.3685,1,Cluster 1,1.4629225556691399,1,False,Normal
TOI-2669 b,TOI-2669,Transit,2022,6.2034,19.72780603,1.76,193.87532827,0.61,1226.0,393.443,4800.0,1.19,4.1,0,Cluster 0,2.3071115101953428,-1,True,Potential Outlier
TOI-4329 b,TOI-4329,Transit,2022,2.9223,16.81347105,1.5,143.02278315,0.45,2027.12,717.128,6000.0,1.538,2.31,0,Cluster 0,1.0546346636703818,1,False,Normal
K2-397 b,K2-397,Transit,2022,3.572326,2.417,0.21563067,6.42,0.0202,,199.354,5387.0,0.937,0.966,1,Cluster 1,0.9952668936636526,1,False,Normal
K2-316 c,K2-316,Transit,2020,5.26,1.83,0.16326166,4.01,0.0126,423.0,112.486,3436.0,0.408,0.379,1,Cluster 1,1.0002368815975433,1,False,Normal
TOI-2046 b,TOI-2046,Transit,2022,1.4971842,16.14093221,1.44,731.0053361,2.3,1828.82,289.668,6250.0,1.13,1.21,0,Cluster 0,1.1216821505454502,1,False,Normal
Kepler-1656 c,Kepler-1656,Radial Velocity,2022,1919.0,14.0,1.25,126.4,0.4,161.19,185.875,5569.0,1.03,1.1,0,Cluster 0,0.9857233001224397,1,False,Normal
TOI-206 b,TOI-206,Transit,2022,0.7363104,1.3,0.11597843,2.24,0.00705,910.0,47.7465,3383.0,0.35,0.35,1,Cluster 1,1.1465508377694638,1,False,Normal
K2-398 c,K2-398,Transit,2022,18.787839,5.098,0.45481388,22.8,0.0718,,606.992,5946.0,0.945,1.239,1,Cluster 1,1.1346206876428155,1,False,Normal
K2-319 b,K2-319,Transit,2020,26.68,2.79,0.24890713,8.2,0.0258,641.0,209.071,5440.0,0.954,0.898,1,Cluster 1,1.0297100607407697,1,False,Normal
mu2 Sco b,mu2 Sco,Imaging,2022,,12.3,1.09,4576.7290608,14.4,159.05,,21700.0,9.1,5.6,3,Cluster 3,5.727469730428956,-1,True,Potential Outlier
TOI-1693 b,TOI-1693,Transit,2022,1.7666957,1.41,0.12579199,2.57,0.00809,764.0,30.7947,3499.0,0.49,0.46,1,Cluster 1,0.9892805400672107,1,False,Normal
K2-402 b,K2-402,Transit,2022,17.27474,2.678,0.23891557,7.65,0.0241,,523.055,5716.0,0.944,1.28,1,Cluster 1,1.0144519837599382,1,False,Normal
K2-323 b,K2-323,Transit,2020,24.93,2.1,0.18734945,5.06,0.0159,318.0,118.318,3710.0,0.478,0.549,1,Cluster 1,0.9882350439385433,1,False,Normal
HD 81040 b,HD 81040,Radial Velocity,2005,1002.7,12.6,1.13,2301.07766668,7.24,189.77,34.4341,5755.0,0.99,0.91,0,Cluster 0,1.0008416266264735,1,False,Normal
HD 171238 b,HD 171238,Radial Velocity,2009,1515.0,12.5,1.12,2796.8899816,8.8,166.96,44.8113,5467.0,0.92,1.01,0,Cluster 0,0.9741302355016618,1,False,Normal
HD 87883 b,HD 87883,Radial Velocity,2009,3006.0,12.7,1.14,2005.49724817,6.31,110.52,18.2912,4980.0,0.8,0.798557,0,Cluster 0,1.1145123957642342,1,False,Normal
TOI-2411 b,TOI-2411,Transit,2022,0.7826942,1.68,0.14987982,3.46,0.0109,1355.0,59.5362,4099.0,0.65,0.68,1,Cluster 1,1.2607425057756063,1,False,Normal
TOI-2427 b,TOI-2427,Transit,2022,1.3060011,1.8,0.16058552,3.89,0.0123,1117.0,28.5147,4072.0,0.64,0.65,1,Cluster 1,1.0683023450717815,1,False,Normal
K2-404 b,K2-404,Transit,2022,13.115365,2.53,0.22571187,6.94,0.0218,,121.63,3748.0,0.552,0.552,1,Cluster 1,1.021212006776649,1,False,Normal
K2-325 b,K2-325,Transit,2020,6.93,2.2,0.19627085,5.48,0.0172,423.0,111.638,3287.0,0.274,0.298,1,Cluster 1,1.0344242038642568,1,False,Normal
HD 106515 A b,HD 106515 A,Radial Velocity,2012,3626.0,12.1,1.08,6006.9568923,18.9,116.53,34.0915,5362.0,0.89,0.91,0,Cluster 0,1.0376054418896552,1,False,Normal
KMT-2017-BLG-2509L b,KMT-2017-BLG-2509L,Microlensing,2021,,13.4,1.19,664.26137063,2.09,,7040.0,,0.46,,0,Cluster 0,1.0137894836055699,1,False,Normal
K2-406 b,K2-406,Transit,2022,22.549406,4.602,0.41056365,19.2,0.0603,,85.3751,5784.0,0.798,0.961,1,Cluster 1,1.5290334517043938,-1,True,Potential Outlier
K2-326 b,K2-326,Transit,2020,1.256,2.28,0.20340798,5.82,0.0183,1114.0,282.308,3924.0,0.507,0.688,1,Cluster 1,1.1717855123976082,1,False,Normal
TOI-5153 b,TOI-5153,Transit,2022,20.33003,11.88151954,1.06,1036.12060682,3.26,906.0,390.484,6300.0,1.24,1.4,0,Cluster 0,1.116273534373474,1,False,Normal
NGTS-20 b,NGTS-20,Transit,2022,54.18915,11.99360935,1.07,947.12865286,2.98,688.0,382.898,5980.0,1.47,1.78,0,Cluster 0,1.1698685931857202,1,False,Normal
HD 29021 b,HD 29021,Radial Velocity,2017,1365.0,12.9,1.15,1420.69297929,4.47,163.2,30.9939,5560.0,0.86,0.85,0,Cluster 0,1.0276386291793242,1,False,Normal
KMT-2021-BLG-0912L b,KMT-2021-BLG-0912L,Microlensing,2022,,1.49,0.133,2.81,0.00884125,,5560.0,,0.8,,1,Cluster 1,1.165826376003106,1,False,Normal
K2-407 c,K2-407,Transit,2022,9.22453,1.36,0.12133128,2.42,0.00761,,218.376,5563.0,0.881,0.927,1,Cluster 1,1.026887051244851,1,False,Normal
K2-199 b,K2-199,Transit,2018,3.2253993,1.73,0.15434053,6.9,0.02170983,913.0,107.518,4491.0,0.711,0.682,1,Cluster 1,1.0844257096601617,1,False,Normal
Ross 508 b,Ross 508,Radial Velocity,2022,10.77,1.83,0.163,4.0,0.01258541,293.86,11.2103,3071.0,0.1774,0.2113,1,Cluster 1,1.0199372066569237,1,False,Normal
K2-387 b,K2-387,Transit,2022,28.735327,7.322,0.65322621,42.2,0.133,,266.318,3572.0,0.57,0.585,1,Cluster 1,1.1532831736998295,1,False,Normal
K2-374 b,K2-374,Transit,2022,4.521953,1.593,0.14211819,3.16,0.00996,,359.439,5789.0,0.731,0.907,1,Cluster 1,1.1965176455073938,1,False,Normal
HD 136118 b,HD 136118,Radial Velocity,2022,1187.59765,12.3,1.1,4164.18778851,13.102,249.62,51.4359,6097.0,1.18,1.67754,0,Cluster 0,1.0332036905201596,1,False,Normal
HD 140901 b,HD 140901,Radial Velocity,2022,9.02378,4.07,0.363,15.57359194,0.049,904.37,15.2528,5610.0,0.99,0.95,1,Cluster 1,1.1668944773547942,1,False,Normal
HD 93351 c,HD 93351,Radial Velocity,2022,14010.2941,12.3,1.1,4154.01727949,13.07,74.54,56.163,5408.0,0.94,0.911435,0,Cluster 0,1.0328680877751673,1,False,Normal
GJ 2030 b,GJ 2030,Radial Velocity,2022,2.38129,2.03,0.181,4.76742611,0.015,2147.31,37.0788,5485.0,0.96,2.24104,1,Cluster 1,1.0898552609769843,1,False,Normal
TOI-2570 b,TOI-2570,Transit,2022,2.9887615,13.64132951,1.217,260.61929374,0.82,1431.0,361.857,5771.0,1.063,1.095,0,Cluster 0,0.9832697998889725,1,False,Normal
HD 113337 b,HD 113337,Radial Velocity,2013,317.58639,13.1,1.17,1035.80277841,3.259,395.73,36.18,6774.0,1.41,1.5,0,Cluster 0,1.267019873813409,1,False,Normal
HIP 97233 b,HIP 97233,Radial Velocity,2014,1062.26506,12.1,1.08,6098.17364511,19.187,354.42,102.275,5020.0,1.81,5.34,0,Cluster 0,1.4736387970684097,1,False,Normal
HD 144899 b,HD 144899,Radial Velocity,2022,40.43914,4.77,0.425,20.34101805,0.064,770.87,115.665,6126.0,1.16,1.64802,1,Cluster 1,1.1709069313177491,1,False,Normal
HD 142 A d,HD 142,Radial Velocity,2022,108.45299,10.9,0.971,82.63538582,0.26,530.32,26.1853,6245.0,1.21,1.47,0,Cluster 0,1.1141160189319375,1,False,Normal
GJ 2030 c,GJ 2030,Radial Velocity,2022,25533.11353,12.3,1.1,4069.15709482,12.803,96.71,37.0788,5485.0,0.96,2.24104,0,Cluster 0,1.0220405707869367,1,False,Normal
GJ 3222 b,GJ 3222,Radial Velocity,2022,10.66669,3.4,0.303,11.44182265,0.036,811.06,18.23817,5257.46,0.89,0.931389,1,Cluster 1,1.0278004009552324,1,False,Normal
GJ 680 b,GJ 680,Radial Velocity,2022,17281.66514,12.0,1.07,7977.4930157,25.1,36.57,9.67315,3563.0,0.456,0.45933,0,Cluster 0,1.1705171431952204,1,False,Normal
TOI-3540 A b,TOI-3540 A,Transit,2022,3.119999,23.53885947,2.1,375.03752026,1.18,1498.0,,5810.0,1.081,1.228,0,Cluster 0,1.7065521742682512,-1,True,Potential Outlier
TOI-3331 A b,TOI-3331 A,Transit,2022,2.0180231,12.97999965,1.158,721.47048389,2.27,1488.0,217.193,5609.0,1.016,0.952,0,Cluster 0,1.075275176241777,1,False,Normal
TOI-3693 b,TOI-3693,Transit,2022,9.088516,12.59889431,1.124,324.18497514,1.02,801.0,176.436,5321.0,0.867,0.791,0,Cluster 0,1.0099141851312923,1,False,Normal
HD 145934 b,HD 145934,Radial Velocity,2015,2751.53433,13.4,1.19,658.5404593,2.072,276.92,227.881,4823.75,2.058,6.930587,3,Cluster 3,1.293981311858032,1,False,Normal
HD 151450 b,HD 151450,Radial Velocity,2022,21.89288,6.94,0.619,38.45723725,0.121,795.0,43.6002,6091.98,1.14,1.17184,1,Cluster 1,1.0718365417547866,1,False,Normal
HD 149806 b,HD 149806,Radial Velocity,2022,16521.52778,12.3,1.1,4003.68444298,12.597,69.13,20.2727,5352.05,0.93,0.89,0,Cluster 0,1.0546222554085183,1,False,Normal
HD 151450 c,HD 151450,Radial Velocity,2022,18144.76236,12.8,1.15,1636.18063924,5.148,84.59,43.6002,6091.98,1.14,1.17184,0,Cluster 0,0.9838814927622463,1,False,Normal
HD 115404 A b,HD 115404 A,Radial Velocity,2022,10.49488,6.09,0.543,30.82935548,0.097,695.65,10.9816,5019.17,0.83,0.727007,1,Cluster 1,1.2192060942183973,1,False,Normal
TOI-2196 b,TOI-2196,Transit,2022,1.1947268,3.51,0.31314176,26.0,0.08180515,1860.0,259.947,5634.0,1.032,1.043,1,Cluster 1,1.280235608697399,1,False,Normal
HD 191806 b,HD 191806,Radial Velocity,2016,1603.38923,12.5,1.12,2966.61035094,9.334,206.98,65.6668,6010.0,1.07,1.40223,0,Cluster 0,0.9651421713004206,1,False,Normal
HD 153557 c,HD 153557,Radial Velocity,2022,15.27018,4.36,0.389,17.48056238,0.055,604.33,17.9412,4837.0,0.79,0.745171,1,Cluster 1,1.2827777349994798,1,False,Normal
HD 153557 d,HD 153557,Radial Velocity,2022,40654.64809,11.9,1.06,8725.66108578,27.454,43.47,17.9412,4837.0,0.79,0.745171,0,Cluster 0,1.1087534410617526,1,False,Normal
HD 12235 c,HD 12235,Radial Velocity,2022,36336.70679,12.5,1.11,3135.69506346,9.866,82.22,31.7627,5986.0,1.1,1.80185,0,Cluster 0,0.9983655084409495,1,False,Normal
HD 56414 b,HD 56414,Transit,2022,29.04992,3.71,0.3309846,13.3,0.0418,1133.0,272.217,8500.0,1.89,1.751,1,Cluster 1,2.233590746084924,-1,True,Potential Outlier
GJ 896 A b,GJ 896 A,Astrometry,2022,284.39,13.3,1.19,718.29219982,2.26,126.7,6.26022,3345.0,0.43599,0.394682,4,Cluster 4,1.0434421983004634,1,False,Normal
GJ 676 A c,GJ 676 A,Radial Velocity,2016,13921.42302,12.3,1.1,4288.14086724,13.492,47.96,16.0272,3734.0,0.626,0.69,0,Cluster 0,1.4255534548588904,1,False,Normal
HD 219828 c,HD 219828,Radial Velocity,2016,4789.87297,12.2,1.09,5102.41724598,16.054,149.17,73.114,5891.0,1.04,1.56,0,Cluster 0,1.0483123855020096,1,False,Normal
HD 72892 b,HD 72892,Radial Velocity,2016,39.44603,12.8,1.14,1737.88572948,5.468,634.46,69.7311,5688.0,1.01,1.22,0,Cluster 0,0.9953579840475228,1,False,Normal
HD 155918 b,HD 155918,Radial Velocity,2022,1.87567,2.67,0.239,7.62788177,0.024,1622.13,27.561,5771.84,1.03,1.01906,1,Cluster 1,1.0225064941203408,1,False,Normal
TOI-2048 b,TOI-2048,Transit,2022,13.79019,2.61,0.232849,7.32,0.023,646.0,116.567,5185.0,0.83,0.79,1,Cluster 1,0.9688889064644677,1,False,Normal
HD 111232 b,HD 111232,Radial Velocity,2003,1169.13202,12.6,1.12,2531.50326176,7.965,172.05,28.9571,5512.0,0.96,0.9,0,Cluster 0,0.966798164146909,1,False,Normal
HD 10697 b,HD 10697,Radial Velocity,1999,1075.3799,12.8,1.14,1825.2885414,5.743,259.25,33.1205,5641.0,0.99,1.863076,0,Cluster 0,1.0162117671239297,1,False,Normal
HD 125612 b,HD 125612,Radial Velocity,2007,557.69994,13.2,1.17,945.22168242,2.974,253.38,57.6207,5900.0,1.05,1.07,0,Cluster 0,0.9814081683779383,1,False,Normal
HIP 67537 b,HIP 67537,Radial Velocity,2017,2523.64713,12.3,1.1,4309.11754211,13.558,323.2,116.046,4985.0,2.316,8.69,0,Cluster 0,2.034811499393028,-1,True,Potential Outlier
HD 156098 c,HD 156098,Radial Velocity,2022,7841.5839,12.8,1.14,1661.6069118,5.228,177.18,48.249,6419.19,1.29,2.75716,0,Cluster 0,1.086973073506734,1,False,Normal
HD 156098 b,HD 156098,Radial Velocity,2022,21.85849,4.12,0.368,15.89142035,0.05,1257.73,48.249,6419.19,1.29,2.75716,1,Cluster 1,1.3918984301726316,1,False,Normal
HD 168863 b,HD 168863,Radial Velocity,2022,14773.93272,12.7,1.13,2154.87659946,6.78,63.01,39.8979,4905.0,0.8,0.777826,0,Cluster 0,1.091222920486584,1,False,Normal
HIP 19976 b,HIP 19976,Radial Velocity,2022,50.65905,4.94,0.441,21.61233168,0.068,378.1,40.2707,4316.0,0.67,0.772319,1,Cluster 1,1.3041720584304595,1,False,Normal
HD 203387 c,HD 203387,Radial Velocity,2022,2481.07227,12.6,1.13,2378.9456264,7.485,360.63,61.7477,5174.32,2.817,10.5852,3,Cluster 3,1.5503512167182472,-1,True,Potential Outlier
HIP 35965 b,HIP 35965,Radial Velocity,2022,26125.56497,12.6,1.12,2589.98368864,8.149,48.85,50.1677,4836.0,0.78,0.697551,0,Cluster 0,1.0906545265475793,1,False,Normal
HD 125612 c,HD 125612,Radial Velocity,2009,4.15466,4.07,0.363,15.57359194,0.049,1303.14,57.6207,5900.0,1.05,1.07,1,Cluster 1,1.2461882280652088,1,False,Normal
HD 125612 d,HD 125612,Radial Velocity,2009,2822.72698,12.7,1.13,2281.37230545,7.178,147.48,57.6207,5900.0,1.05,1.07,0,Cluster 0,1.0003254476854324,1,False,Normal
HD 156279 c,HD 156279,Radial Velocity,2016,4818.25358,12.5,1.11,3098.82696825,9.75,109.42,36.1945,5453.0,0.94,0.95,0,Cluster 0,0.985481967636388,1,False,Normal
HD 27894 d,HD 27894,Radial Velocity,2017,5019.54244,12.7,1.13,2063.65984665,6.493,95.87,43.8214,4875.0,0.81,0.891767,0,Cluster 0,1.1289377800572908,1,False,Normal
HD 181234 b,HD 181234,Radial Velocity,2019,7593.40512,12.5,1.12,2980.91262925,9.379,98.09,47.7458,5386.0,0.94,1.059423,0,Cluster 0,0.9930241950274714,1,False,Normal
HD 18143 b,HD 18143,Radial Velocity,2022,10.2851,3.28,0.293,10.80616584,0.034,769.92,22.5243,5078.0,0.85,0.87,1,Cluster 1,1.1021134215016786,1,False,Normal
HIP 948 b,HIP 948,Radial Velocity,2022,24955.45756,12.1,1.08,6547.2651842,20.6,46.4,34.8523,4497.0,0.71,0.688488,0,Cluster 0,1.0972594719193853,1,False,Normal
HD 139357 b,HD 139357,Radial Velocity,2008,1124.79139,12.1,1.08,6315.5682755,19.871,446.97,112.09,4700.0,2.69,11.47,0,Cluster 0,1.7257937784959663,-1,True,Potential Outlier
HD 25015 b,HD 25015,Radial Velocity,2019,6134.427,12.5,1.12,2884.92845034,9.077,90.69,37.433,5160.0,0.86,0.83,0,Cluster 0,1.032095009992792,1,False,Normal
HD 188641 b,HD 188641,Radial Velocity,2022,14583.81038,11.9,1.06,9333.03117155,29.365,114.36,64.3399,5897.32,1.07,1.94492,0,Cluster 0,1.1532222226278057,1,False,Normal
HD 168443 b,HD 168443,Radial Velocity,1998,58.11187,12.6,1.13,2424.3950886,7.628,641.03,39.6245,5491.0,0.98,1.711479,0,Cluster 0,1.0086118107935984,1,False,Normal
HD 156279 b,HD 156279,Radial Velocity,2011,133.40355,12.5,1.12,2997.75753482,9.432,361.73,36.1945,5453.0,0.94,0.95,0,Cluster 0,1.1862969325053085,1,False,Normal
HD 168443 c,HD 168443,Radial Velocity,2000,1753.1096,12.2,1.09,5500.33841154,17.306,205.47,39.6245,5491.0,0.98,1.711479,0,Cluster 0,1.034262462654944,1,False,Normal
GJ 229 A c,GJ 229,Radial Velocity,2020,121.93268,2.87,0.256,8.58136699,0.027,188.1,5.75624,3564.0,0.509,0.46,1,Cluster 1,1.2133485341802739,1,False,Normal
HD 81817 b,HD 81817,Radial Velocity,2020,1021.20159,12.0,1.07,7668.5638041,24.128,1016.37,269.126,4140.0,4.3,83.8,3,Cluster 3,2.387370741779292,-1,True,Potential Outlier
HD 204313 e,HD 204313,Radial Velocity,2022,7325.64666,12.2,1.09,4868.17771002,15.317,106.81,47.7945,5767.0,1.03,1.1,0,Cluster 0,1.0244522886384178,1,False,Normal
HD 169830 c,HD 169830,Radial Velocity,2003,1818.82339,12.6,1.13,2437.42605328,7.669,241.03,37.6048,6300.0,1.17,1.935709,0,Cluster 0,1.056078922233043,1,False,Normal
HIP 56640 b,HIP 56640,Radial Velocity,2021,2675.57603,12.7,1.13,2151.69831539,6.77,239.37,122.324,4769.0,1.75,4.93,0,Cluster 0,1.7081182998153746,-1,True,Potential Outlier
HD 213519 b,HD 213519,Radial Velocity,2022,11.12214,2.99,0.267,9.2170238,0.029,931.36,41.0014,5840.0,1.05,1.08287,1,Cluster 1,1.0040074320525256,1,False,Normal
HD 217786 c,HD 217786,Radial Velocity,2022,2.52221,2.61,0.233,7.31005336,0.023,1663.13,55.4847,5966.0,1.14,1.27,1,Cluster 1,1.0716351332193494,1,False,Normal
TOI-3629 b,TOI-3629,Transit,2022,3.936551,8.29464572,0.74,82.63538582,0.26,690.0,130.091,3870.0,0.63,0.6,0,Cluster 0,1.0524350080128513,1,False,Normal
HD 183263 c,HD 183263,Radial Velocity,2008,4667.97841,12.5,1.12,2958.98246917,9.31,134.6,54.1955,5948.0,1.06,1.23,0,Cluster 0,0.9614782846213517,1,False,Normal
HD 66428 c,HD 66428,Radial Velocity,2021,10478.84437,13.5,1.2,560.64930995,1.764,95.52,53.2817,5716.0,1.01,1.13,0,Cluster 0,1.1049956969949082,1,False,Normal
HD 80869 b,HD 80869,Radial Velocity,2021,1752.92067,12.8,1.15,1609.80088146,5.065,203.2,85.3951,5837.0,1.06,1.062,0,Cluster 0,0.9910678720523363,1,False,Normal
HD 25912 b,HD 25912,Radial Velocity,2022,41.83156,6.9,0.616,38.13940884,0.12,579.16,49.1661,5920.58,1.08,0.995896,0,Cluster 0,1.0654799004777271,1,False,Normal
HD 217958 b,HD 217958,Radial Velocity,2022,2560.19774,14.2,1.27,166.54208527,0.524,169.89,61.7957,5930.64,1.08,1.32619,0,Cluster 0,1.00733995884221,1,False,Normal
HD 25912 c,HD 25912,Radial Velocity,2022,26308.65619,12.2,1.09,5252.75008249,16.527,67.44,49.1661,5920.58,1.08,0.995896,0,Cluster 0,1.0583891595625854,1,False,Normal
HD 109988 b,HD 109988,Radial Velocity,2022,17132.15854,12.1,1.08,6935.33366915,21.821,65.91,42.5279,5185.97,0.88,0.869694,0,Cluster 0,1.035974800201061,1,False,Normal
HD 28192 b,HD 28192,Radial Velocity,2022,14.23283,12.2,1.08,99.7981198,0.314,859.98,49.8063,5919.87,1.08,1.07094,0,Cluster 0,1.0155830309214111,1,False,Normal
HD 43197 c,HD 43197,Radial Velocity,2022,9295.9735,12.6,1.12,2500.67390628,7.868,90.89,62.4112,5508.0,0.96,1.0,0,Cluster 0,0.9724414449417926,1,False,Normal
HD 38529 b,HD 38529,Radial Velocity,2000,14.3099,14.1,1.25,206.58846455,0.65,1369.46,42.3538,5697.0,0.98,2.857838,0,Cluster 0,1.5314347045727428,-1,True,Potential Outlier
HD 38529 c,HD 38529,Radial Velocity,2000,2127.60566,12.5,1.11,3299.05886466,10.38,258.56,42.3538,5697.0,0.98,2.857838,0,Cluster 0,1.0684507032433117,1,False,Normal
HD 110537 b,HD 110537,Radial Velocity,2022,24469.67342,11.9,1.06,8612.83200129,27.099,72.83,45.0858,5718.0,1.02,1.16626,0,Cluster 0,1.080356246389022,1,False,Normal
HD 56957 b,HD 56957,Radial Velocity,2022,5859.08992,12.8,1.14,1880.90851263,5.918,145.67,61.4925,5743.0,1.03,1.77793,0,Cluster 0,0.9837301141754855,1,False,Normal
HD 62364 c,HD 62364,Radial Velocity,2022,74839.94555,12.0,1.07,7923.46218651,24.93,58.7,53.112,6255.0,1.19,1.401,0,Cluster 0,1.0783117355822576,1,False,Normal
TOI-712 c,TOI-712,Transit,2022,51.69906,2.701,0.24096749,7.76,0.0244,369.9,58.6212,4622.0,0.732,0.674,1,Cluster 1,1.0036380733467472,1,False,Normal
TOI-712 d,TOI-712,Transit,2022,84.8396,2.474,0.22071588,6.68,0.021,313.6,58.6212,4622.0,0.732,0.674,1,Cluster 1,1.0071362073561976,1,False,Normal
HD 43197 b,HD 43197,Radial Velocity,2010,308.92072,14.2,1.26,175.75910907,0.553,282.81,62.4112,5508.0,0.96,1.0,0,Cluster 0,1.0212105436663121,1,False,Normal
HD 4113 b,HD 4113,Radial Velocity,2007,526.5239,13.5,1.2,541.26177712,1.703,251.65,41.8727,5688.0,1.008,1.077514,0,Cluster 0,0.976935978784853,1,False,Normal
HD 111232 c,HD 111232,Radial Velocity,2022,26472.44623,12.2,1.08,5740.93451564,18.063,60.71,28.9571,5512.0,0.96,0.9,0,Cluster 0,1.0444562113306248,1,False,Normal
HD 62549 b,HD 62549,Radial Velocity,2022,14306.88519,12.6,1.12,2707.58019923,8.519,92.25,49.3305,5930.46,1.08,1.23227,0,Cluster 0,0.9749804251910149,1,False,Normal
TOI-1452 b,TOI-1452,Transit,2022,11.06201,1.672,0.14916611,4.82,0.01516542,326.0,30.5212,3185.0,0.249,0.275,1,Cluster 1,1.0207076312237353,1,False,Normal
KMT-2021-BLG-0171L b,KMT-2021-BLG-0171L,Microlensing,2022,,3.35,0.299,11.2,0.03523914,,4600.0,5200.0,0.78,,1,Cluster 1,1.1206837886387315,1,False,Normal
HD 73267 b,HD 73267,Radial Velocity,2008,1257.99159,13.0,1.16,1321.53051631,4.158,165.89,50.4093,5387.0,0.93,0.909,0,Cluster 0,1.0070209441838023,1,False,Normal
HD 11505 b,HD 11505,Radial Velocity,2022,32669.22247,12.6,1.12,2510.52658689,7.899,67.46,38.9679,5757.15,1.03,1.19568,0,Cluster 0,0.963550881588785,1,False,Normal
HD 80913 b,HD 80913,Radial Velocity,2022,10839.83341,12.0,1.07,7505.2000029,23.614,118.23,61.3603,6013.24,1.11,1.6542,0,Cluster 0,1.0697255329646693,1,False,Normal
HD 81817 c,HD 81817,Radial Velocity,2022,622.97802,12.0,1.07,7185.78245386,22.609,1198.52,269.126,4140.0,4.3,83.8,3,Cluster 3,2.122010328203405,-1,True,Potential Outlier
TOI-2207 b,TOI-2207,Transit,2022,8.001968,11.1529358,0.995,203.41018048,0.64,1259.0,373.345,6101.0,1.296,1.564,0,Cluster 0,1.0813537562890319,1,False,Normal
HD 86264 b,HD 86264,Radial Velocity,2009,1488.79123,12.5,1.11,3117.26101586,9.808,247.01,67.8107,6210.0,1.26,1.88,0,Cluster 0,1.10376447567178,1,False,Normal
HD 7449 b,HD 7449,Radial Velocity,2011,1270.55195,12.6,1.12,2597.92939882,8.174,183.23,38.662,6024.0,1.196,0.97,0,Cluster 0,1.0153645683956696,1,False,Normal
HD 8673 b,HD 8673,Radial Velocity,2009,1644.69097,12.3,1.1,4210.59073594,13.248,219.11,37.8619,6389.05,1.28,1.50225,0,Cluster 0,1.065835216819606,1,False,Normal
HD 127506 b,HD 127506,Radial Velocity,2022,65.78395,5.67,0.506,27.333243,0.086,354.8,22.5279,4595.32,0.73,0.735766,1,Cluster 1,1.503546829310326,-1,True,Potential Outlier
HD 135872 b,HD 135872,Radial Velocity,2022,2422.32597,12.8,1.14,1744.56012602,5.489,233.64,82.4251,4992.0,1.646,3.93038,0,Cluster 0,1.5774840621893387,-1,True,Potential Outlier
HD 86065 b,HD 86065,Radial Velocity,2022,25775.78859,12.5,1.12,2877.30056857,9.053,52.56,40.3661,4927.56,0.81,0.780347,0,Cluster 0,1.0673592257423306,1,False,Normal
HD 88072 b,HD 88072,Radial Velocity,2022,18538.79293,12.6,1.12,2511.79790052,7.903,76.03,35.9098,5785.33,1.04,1.032,0,Cluster 0,0.9623304919989355,1,False,Normal
HD 93351 b,HD 93351,Radial Velocity,2022,2.45946,1.69,0.151,3.49611248,0.011,1330.76,56.163,5408.0,0.94,0.911435,1,Cluster 1,1.0154005728759323,1,False,Normal
TOI-2421 b,TOI-2421,Transit,2022,4.3474032,10.36830715,0.925,105.83685953,0.333,1534.0,327.927,5607.0,1.131,1.75,0,Cluster 0,1.043514145231262,1,False,Normal
HD 142 c,HD 142,Radial Velocity,2012,10159.64279,12.4,1.11,3464.64746471,10.901,116.56,26.1853,6245.0,1.21,1.47,0,Cluster 0,1.0815691290442342,1,False,Normal
TOI-2583 A b,TOI-2583 A,Transit,2023,4.5207265,14.4595851,1.29,79.45710175,0.25,1456.0,566.189,5936.0,1.215,1.477,0,Cluster 0,0.9811553502699508,1,False,Normal
OGLE-2018-BLG-1119L b,OGLE-2018-BLG-1119L,Microlensing,2022,,13.9,1.24,289.22385037,0.91,,5760.0,,0.48,,0,Cluster 0,0.9961890489873072,1,False,Normal
KMT-2021-BLG-1554L b,KMT-2021-BLG-1554L,Microlensing,2022,,6.9,0.616,38.13940884,0.12,,7680.0,,0.08,,5,Cluster 5,1.1807697098416887,1,False,Normal
TOI-2796 b,TOI-2796,Transit,2023,4.8084983,17.26183028,1.54,139.84449908,0.44,1205.0,350.343,5764.0,1.063,1.069,0,Cluster 0,1.4950999373212612,1,False,Normal
TOI-2096 b,TOI-2096,Transit,2023,3.1190633,1.243,0.11089322,2.08,0.00653,445.0,48.4809,3300.0,0.231,0.235,1,Cluster 1,0.9920122211585651,1,False,Normal
KMT-2021-BLG-1898L b,KMT-2021-BLG-1898L,Microlensing,2022,,14.0,1.25,232.01473711,0.73,,6900.0,,0.48,,0,Cluster 0,0.9942863843522082,1,False,Normal
GJ 338 B b,GJ 338 B,Radial Velocity,2020,24.422,3.25,0.29,10.6,0.03335133,391.0,6.33256,4014.0,0.64,0.58,1,Cluster 1,1.0313107833800104,1,False,Normal
TOI-2842 b,TOI-2842,Transit,2023,3.5514058,12.84549188,1.146,117.59651059,0.37,1471.0,460.995,5910.0,1.135,1.265,0,Cluster 0,1.0072360803952143,1,False,Normal
TOI-4603 b,TOI-4603,Transit,2023,7.24599,11.67975789,1.042,4096.80816623,12.89,1677.0,225.643,6264.0,1.765,2.738,0,Cluster 0,1.229726372355004,1,False,Normal
KMT-2021-BLG-0712L b,KMT-2021-BLG-0712L,Microlensing,2023,,6.91,0.616,38.19,0.12015918,,3090.0,,0.22,,5,Cluster 5,1.1087150521967,1,False,Normal
KMT-2021-BLG-0909L b,KMT-2021-BLG-0909L,Microlensing,2023,,13.7,1.22,400.46379282,1.26,,6480.0,,0.38,,0,Cluster 0,0.9621913185119281,1,False,Normal
MASCARA-1 b,MASCARA-1,Transit,2017,2.14877381,17.90074218,1.597,1175.971,3.7,2594.3,182.273,7490.0,1.9,2.082,0,Cluster 0,1.3527813250314964,1,False,Normal
K2-38 b,K2-38,Transit,2016,4.01593,1.54,0.13738983,7.3,0.02296837,1266.0,192.69,5731.0,1.03,1.06,1,Cluster 1,1.3623386460319629,1,False,Normal
TOI-3364 b,TOI-3364,Transit,2023,5.8768918,12.22899794,1.091,530.77343969,1.67,1264.0,277.899,5706.0,1.186,1.419,0,Cluster 0,1.1980906500243724,1,False,Normal
KMT-2021-BLG-2478L b,KMT-2021-BLG-2478L,Microlensing,2023,,13.9,1.24,286.0455663,0.9,,2970.0,,0.2,,0,Cluster 0,0.9868361959928424,1,False,Normal
KMT-2021-BLG-1105L b,KMT-2021-BLG-1105L,Microlensing,2023,,13.6,1.22,413.1769291,1.3,,4540.0,,0.63,,0,Cluster 0,0.9974909949051833,1,False,Normal
K2-414 b,K2-414,Transit,2022,4.3696,1.219,0.10875208,1.98,0.00622,811.92,260.036,4343.0,0.814,0.732,1,Cluster 1,1.4087284184308453,1,False,Normal
TOI-4582 b,TOI-4582,Transit,2023,31.034,10.53644186,0.94,168.44905571,0.53,614.66,383.846,5190.0,1.34,2.5,0,Cluster 0,1.3327599190877595,1,False,Normal
TOI-3688 A b,TOI-3688 A,Transit,2023,3.246075,13.08088048,1.167,311.47183886,0.98,1534.0,396.378,5950.0,1.199,1.302,0,Cluster 0,1.0177732985402006,1,False,Normal
TOI-942 c,TOI-942,Transit,2020,10.156272,4.67,0.41663021,37.0,0.11641444,772.63,152.601,4969.0,0.822,0.894,1,Cluster 1,1.131125561154596,1,False,Normal
TOI-733 b,TOI-733,Transit,2023,4.884765,1.992,0.17771464,5.72,0.01799713,1055.8,75.2092,5585.0,0.956,0.949,1,Cluster 1,1.0691432180916278,1,False,Normal
Kepler-20 c,Kepler-20,Transit,2011,10.8540774,2.894,0.25818583,11.1,0.03492451,828.0,282.563,5495.0,0.929,0.9164,1,Cluster 1,1.0871286360948558,1,False,Normal
HIP 21152 b,HIP 21152,Imaging,2022,22000.0,12.0,1.07,7627.881768,24.0,1300.0,43.4073,6655.0,1.4,1.59186,0,Cluster 0,1.2092905582258395,1,False,Normal
OGLE-2019-BLG-0468L c,OGLE-2019-BLG-0468L,Microlensing,2022,,12.5,1.11,3248.20631954,10.22,,4400.0,,0.92,,0,Cluster 0,1.1741979496774646,1,False,Normal
OGLE-2019-BLG-0468L b,OGLE-2019-BLG-0468L,Microlensing,2022,,13.1,1.17,1090.15143601,3.43,,4400.0,,0.92,,0,Cluster 0,1.070005112287174,1,False,Normal
TOI-3976 A b,TOI-3976 A,Transit,2023,6.607662,12.27383387,1.095,55.61997123,0.175,1295.0,516.087,5975.0,1.254,1.501,0,Cluster 0,1.144017756170317,1,False,Normal
KMT-2017-BLG-1003L b,KMT-2017-BLG-1003L,Microlensing,2023,,2.13,0.19,5.19,0.01632957,,7090.0,,0.32,,5,Cluster 5,0.9736470350418278,1,False,Normal
TOI-4087 b,TOI-4087,Transit,2023,3.1774835,13.04725353,1.164,232.01473711,0.73,1458.0,301.676,6060.0,1.178,1.112,0,Cluster 0,1.0061059273514326,1,False,Normal
TOI-942 b,TOI-942,Transit,2020,4.32421,3.89,0.34704315,826.358,2.6,1120.0,152.601,4969.0,0.822,0.894,1,Cluster 1,2.5342231265659825,-1,True,Potential Outlier
KMT-2021-BLG-0240L b,KMT-2021-BLG-0240L,Microlensing,2022,,9.6,0.856,66.74396547,0.21,,6600.0,,0.56,,5,Cluster 5,1.0492637939073288,1,False,Normal
KMT-2017-BLG-0673L b,KMT-2017-BLG-0673L,Microlensing,2022,,13.0,1.16,1166.43025369,3.67,,5080.0,,0.63,,0,Cluster 0,1.0172235023726466,1,False,Normal
KMT-2019-BLG-1367L b,KMT-2019-BLG-1367L,Microlensing,2023,,1.85,0.165,4.08,0.01283712,,4670.0,,0.25,,5,Cluster 5,0.971106727324322,1,False,Normal
OGLE-2017-BLG-1806L b,OGLE-2017-BLG-1806L,Microlensing,2023,,2.15,0.192,5.27,0.01658127,,6400.0,,0.38,,5,Cluster 5,0.9995404799739557,1,False,Normal
TOI-4791 b,TOI-4791,Transit,2023,4.28088,12.44196858,1.11,734.18362017,2.31,1472.0,328.802,6058.0,1.242,1.409,0,Cluster 0,1.1232279986026852,1,False,Normal
EPIC 229004835 b,EPIC 229004835,Transit,2023,16.141132,2.332,0.20804746,10.4,0.03272206,804.0,121.971,5868.0,0.97,0.999,1,Cluster 1,1.2900587261058478,1,False,Normal
OGLE-2019-BLG-1053L b,OGLE-2019-BLG-1053L,Microlensing,2021,,1.38,0.123,2.48,0.00780295,,6800.0,,0.61,,5,Cluster 5,1.2942807892302481,1,False,Normal
KMT-2019-BLG-2974L b,KMT-2019-BLG-2974L,Microlensing,2022,,11.4,1.01,88.99195396,0.28,,6100.0,,0.47,,5,Cluster 5,1.2836172760111528,1,False,Normal
OGLE-2019-BLG-1470L AB c,OGLE-2019-BLG-1470L A,Microlensing,2022,,13.3,1.19,699.2224954,2.2,,5900.0,,0.57,,0,Cluster 0,0.9899302671232728,1,False,Normal
HD 23472 b,HD 23472,Transit,2019,17.667087,2.0,0.17842836,8.32,0.02617765,543.0,39.0341,4684.0,0.67,0.71,1,Cluster 1,1.0826527620079962,1,False,Normal
HD 191939 c,HD 191939,Transit,2020,28.579743,3.195,0.2850393,8.0,0.02517081,600.0,53.6089,5348.0,0.81,0.94,1,Cluster 1,1.1211960292971672,1,False,Normal
OGLE-2018-BLG-0506L b,OGLE-2018-BLG-0506L,Microlensing,2022,,4.18,0.373,16.3,0.05128554,,5600.0,,0.63,,5,Cluster 5,1.1163205004644445,1,False,Normal
TIC 279401253 b,TIC 279401253,Transit,2023,76.8,11.2089807,1.0,1951.46641898,6.14,486.37,285.584,5951.0,1.13,1.06,0,Cluster 0,1.1696429213253174,1,False,Normal
HD 23472 c,HD 23472,Transit,2019,29.79749,1.87,0.16683051,3.41,0.01072906,467.0,39.0341,4684.0,0.67,0.71,1,Cluster 1,1.074098096348116,1,False,Normal
HD 23472 f,HD 23472,Transit,2022,12.1621839,1.137,0.10143652,0.77,0.00242269,630.0,39.0341,4684.0,0.67,0.71,1,Cluster 1,1.2064726220906854,1,False,Normal
OGLE-2019-BLG-1492L b,OGLE-2019-BLG-1492L,Microlensing,2022,,6.79,0.606,37.1,0.11672965,,5600.0,,0.68,,5,Cluster 5,1.1604909855236158,1,False,Normal
TIC 279401253 c,TIC 279401253,Transit,2023,155.3,12.6,1.12,2548.98382414,8.02,384.31,285.584,5951.0,1.13,1.06,0,Cluster 0,1.0838121976066706,1,False,Normal
TOI-1811 b,TOI-1811,Transit,2023,3.7130765,11.14172682,0.994,308.9292116,0.972,962.2,128.23,4766.0,0.817,0.769,0,Cluster 0,1.0448573643281,1,False,Normal
HD 23472 d,HD 23472,Transit,2022,3.97664,0.75,0.06691063,0.55,0.00173049,909.0,39.0341,4684.0,0.67,0.71,1,Cluster 1,1.1645464927908227,1,False,Normal
HD 23472 e,HD 23472,Transit,2022,7.90754,0.818,0.0729772,0.72,0.00226537,723.0,39.0341,4684.0,0.67,0.71,1,Cluster 1,1.2254155486103007,1,False,Normal
HATS-54 b,HATS-54,Transit,2019,2.5441765,11.37711541,1.015,239.32479047,0.753,1429.0,748.585,5621.0,1.05,1.23,0,Cluster 0,1.0426893915733337,1,False,Normal
HD 45364 c,HD 45364,Radial Velocity,2008,345.43,14.2,1.26,174.48779544,0.549,261.82,34.354,5466.0,0.82,0.89,0,Cluster 0,1.0357508883187314,1,False,Normal
KMT-2021-BLG-1253L b,KMT-2021-BLG-1253L,Microlensing,2022,,4.59,0.409,19.05,0.059938,,6640.0,,0.24,,5,Cluster 5,0.9991273860402792,1,False,Normal
TOI-2152 A b,TOI-2152,Transit,2023,3.3773512,14.35870428,1.281,899.45439181,2.83,1802.0,303.006,6630.0,1.516,1.612,0,Cluster 0,1.1942779087240234,1,False,Normal
NGTS-23 b,NGTS-23,Transit,2022,4.0764326,14.20177855,1.267,194.82881349,0.613,1327.0,1074.95,6057.0,1.01,1.24,0,Cluster 0,0.9919638292991613,1,False,Normal
NGTS-24 b,NGTS-24,Transit,2022,3.4678796,13.60770257,1.214,165.27077164,0.52,1499.0,683.062,5820.0,1.26,1.64,0,Cluster 0,0.9857052854632707,1,False,Normal
NGTS-25 b,NGTS-25,Transit,2022,2.823093,11.46678726,1.023,203.09235207,0.639,1101.0,521.233,5321.0,0.91,0.86,0,Cluster 0,0.97447754215921,1,False,Normal
KMT-2021-BLG-1372L b,KMT-2021-BLG-1372L,Microlensing,2022,,9.12,0.814,61.27,0.19277698,,5970.0,,0.42,,5,Cluster 5,1.0539985646542402,1,False,Normal
TOI-2154 b,TOI-2154,Transit,2023,3.8240801,16.28664896,1.453,292.40213444,0.92,1580.0,296.46,6280.0,1.233,1.396,0,Cluster 0,0.9851734085478394,1,False,Normal
TOI-2497 b,TOI-2497,Transit,2023,10.655669,11.14172682,0.994,1531.93292174,4.82,1595.0,285.289,7360.0,1.859,2.36,0,Cluster 0,1.7468357362680902,-1,True,Potential Outlier
TOI-5542 b,TOI-5542,Transit,2022,75.12375,11.30986153,1.009,419.53349724,1.32,441.0,348.849,5700.0,0.89,1.058,0,Cluster 0,1.1191709870250306,1,False,Normal
TOI-2338 b,TOI-2338,Transit,2023,22.65398,11.2089807,1.0,1900.61387386,5.98,799.0,313.996,5581.0,0.99,1.05,0,Cluster 0,1.1865817273082626,1,False,Normal
KMT-2021-BLG-1077L b,KMT-2021-BLG-1077L,Microlensing,2022,,9.86,0.88,69.92224954,0.22,,8240.0,,0.14,,5,Cluster 5,1.104278498846891,1,False,Normal
PZ Tel b,PZ Tel,Imaging,2023,44000.0,11.9,1.07,8581.366989,27.0,53.77,47.0648,5169.0,1.36,1.25646,0,Cluster 0,1.14027649585717,1,False,Normal
KMT-2018-BLG-0030L b,KMT-2018-BLG-0030L,Microlensing,2022,,13.6,1.21,460.85119015,1.45,,6480.0,,0.51,,0,Cluster 0,0.995147765233729,1,False,Normal
Kepler-138 b,Kepler-138,Transit,2014,10.3134,0.64,0.05709707,0.07,0.00022024,452.0,66.8624,3841.0,0.535,0.535,1,Cluster 1,1.243216557394098,1,False,Normal
MOA-2020-BLG-135L b,MOA-2020-BLG-135L,Microlensing,2022,,3.37,0.301,11.3,0.03555378,,7900.0,,0.23,,5,Cluster 5,0.9666643065916982,1,False,Normal
TOI-2364 b,TOI-2364,Transit,2023,4.0197517,8.60849718,0.768,71.51139158,0.225,1091.0,219.614,5306.0,0.954,0.886,0,Cluster 0,1.002084658819334,1,False,Normal
OGLE-2018-BLG-0298L b,OGLE-2018-BLG-0298L,Microlensing,2022,,7.56,0.674,44.49597698,0.14,,6540.0,,0.69,,5,Cluster 5,1.1236923420586469,1,False,Normal
TOI-969 c,TOI-969,Radial Velocity,2022,1700.0,12.4,1.11,3591.4609991,11.3,96.4,77.2554,4435.0,0.734,0.671,0,Cluster 0,1.1853221105673815,1,False,Normal
OGLE-2006-BLG-284L A b,OGLE-2006-BLG-284L A,Microlensing,2020,,14.3,1.27,144.0,0.45307467,,4000.0,,0.35,,0,Cluster 0,0.9760435122432363,1,False,Normal
Kepler-138 c,Kepler-138,Transit,2014,13.7815,1.51,0.13471341,2.3,0.00723661,410.0,66.8624,3841.0,0.535,0.535,1,Cluster 1,1.0703014555621628,1,False,Normal
K2-3 d,K2-3,Transit,2015,44.55603,1.458,0.13007427,2.2,0.00692197,305.2,44.0727,3844.0,0.549,0.546,1,Cluster 1,1.662220115936989,-1,True,Potential Outlier
K2-3 c,K2-3,Transit,2015,24.646729,1.582,0.14113683,2.68,0.00843222,371.8,44.0727,3844.0,0.549,0.546,1,Cluster 1,1.0725491837968768,1,False,Normal
HD 111998 b,HD 111998,Radial Velocity,2016,810.0,12.9,1.15,1525.5763536,4.8,275.49,33.2237,6557.0,1.4,1.45,0,Cluster 0,1.0995134430213753,1,False,Normal
HIP 70849 b,HIP 70849,Radial Velocity,2011,3649.0,12.9,1.15,1430.2278315,4.5,78.85,24.0572,4105.0,0.65,0.633112,0,Cluster 0,1.2093702918900537,1,False,Normal
HD 114783 c,HD 114783,Radial Velocity,2016,4352.0,13.4,1.2,603.8739733,1.9,101.53,21.0628,5135.0,0.9,0.840622,0,Cluster 0,1.1118607974065766,1,False,Normal
Kepler-409 b,Kepler-409,Transit,2014,68.9583216,1.199,0.1069678,6.0,0.01887811,438.0,68.173,5421.0,0.913,0.897,1,Cluster 1,2.043445267334733,-1,True,Potential Outlier
Kepler-20 f,Kepler-20,Transit,2011,19.578328,0.952,0.0849319,1.4,0.00440489,681.0,282.563,5495.0,0.929,0.9164,1,Cluster 1,1.4268978882509022,1,False,Normal
KMT-2022-BLG-0440L b,KMT-2022-BLG-0440L,Microlensing,2023,,4.05,0.361,15.4,0.04845382,,3500.0,,0.53,,5,Cluster 5,0.9947986970254317,1,False,Normal
TOI-411 c,HD 22946,Transit,2022,9.573083,2.328,0.20769061,9.72,0.03058254,931.0,62.7792,6169.0,1.098,1.117,1,Cluster 1,1.1361169566454092,1,False,Normal
HD 140901 c,HD 140901,Radial Velocity,2022,14386.0,13.4,1.2,572.0911326,1.8,76.76,15.2528,5610.0,1.06,0.95,0,Cluster 0,1.1559184343059266,1,False,Normal
Kepler-102 c,Kepler-102,Transit,2014,7.071392,0.567,0.05058444,1.7,0.0053488,777.0,107.796,4909.0,0.803,0.724,2,Cluster 2,1.2829457353470344,1,False,Normal
Kepler-37 c,Kepler-37,Transit,2013,21.301848,0.755,0.0673567,1.3,0.00409026,615.0,63.9207,5357.0,0.79,0.789,1,Cluster 1,1.821761083244145,-1,True,Potential Outlier
K2-416 b,K2-416,Transit,2023,13.102,2.66,0.23730971,1652.7077164,5.2,447.0,120.311,3746.0,0.548,0.554,6,Cluster 6,1.4539322996838944,1,False,Normal
TOI-411 b,HD 22946,Transit,2022,4.040295,1.362,0.12150971,13.71,0.04313648,1241.0,62.7792,6169.0,1.098,1.117,1,Cluster 1,1.8295064642030674,-1,True,Potential Outlier
HIP 54597 b,HIP 54597,Radial Velocity,2023,3274.0,13.3,1.18,762.7881768,2.4,94.0,39.7429,4799.0,0.8,0.66,0,Cluster 0,1.2498631326855747,1,False,Normal
HD 75302 b,HD 75302,Radial Velocity,2023,4356.0,12.8,1.14,1716.2733978,5.4,115.76,30.3288,5697.46,1.06,0.940904,0,Cluster 0,0.9898692793277611,1,False,Normal
Kepler-68 c,Kepler-68,Transit,2013,9.605027,0.979,0.08734068,1.3,0.00409026,1052.0,144.166,5847.0,1.057,1.2564,1,Cluster 1,1.26778221974356,1,False,Normal
MOA-2020-BLG-208L b,MOA-2020-BLG-208L,Microlensing,2023,,7.71,0.688,46.0,0.14473219,,7490.0,,0.43,,5,Cluster 5,1.062109825983521,1,False,Normal
HD 15906 b,HD 15906,Transit,2023,10.924709,2.24,0.19983976,5.65,0.0178,668.0,45.5621,4757.0,0.79,0.762,1,Cluster 1,1.00496512690049,1,False,Normal
HIP 81208 C b,HIP 81208 C,Imaging,2023,104100.0,12.3,1.09,4703.8604236,14.8,2050.0,147.533,,0.135,,0,Cluster 0,1.4701373086524867,1,False,Normal
HD 108202 b,HD 108202,Radial Velocity,2023,2990.0,13.1,1.17,953.485221,3.0,93.04,38.6846,4556.03,0.74,0.66355,0,Cluster 0,1.2095601487220924,1,False,Normal
Kepler-323 b,Kepler-323,Transit,2014,1.678328,1.381,0.12320478,3.9,0.01227077,1838.0,454.883,6004.0,1.015,1.12,1,Cluster 1,1.0934615267008962,1,False,Normal
HD 15906 c,HD 15906,Transit,2023,21.583298,2.93,0.26139754,8.91,0.028,532.0,45.5621,4757.0,0.79,0.762,1,Cluster 1,1.0511460943471622,1,False,Normal
TOI-622 b,TOI-622,Transit,2023,6.402513,9.2362001,0.824,96.30200732,0.303,1388.0,123.297,6400.0,1.313,1.415,0,Cluster 0,1.1799259986814312,1,False,Normal
TOI-4201 b,TOI-4201,Transit,2023,3.5819194,13.67495645,1.22,788.21444936,2.48,725.0,189.011,3794.0,0.61,0.63,0,Cluster 0,1.209675087032323,1,False,Normal
HD 99492 b,HD 99492,Radial Velocity,2004,17.0503,5.44,0.486,25.5,0.08023197,622.27,18.2038,4929.0,0.85,0.822539,1,Cluster 1,1.2017939515744773,1,False,Normal
Kepler-454 b,Kepler-454,Transit,2015,10.5737534,2.37,0.2114376,5.4,0.0169903,916.0,230.869,5687.0,1.03,1.066,1,Cluster 1,1.1550716931340523,1,False,Normal
Kepler-109 b,Kepler-109,Transit,2014,6.4816307,2.49,0.2221433,4.9,0.01541712,1276.0,474.861,5950.0,1.094,1.387,1,Cluster 1,1.1118779290963459,1,False,Normal
GJ 1252 b,GJ 1252,Transit,2020,0.5182331,1.193,0.10643251,1.32,0.00415318,1090.0,20.373,3458.0,0.381,0.391,1,Cluster 1,1.2201968832791816,1,False,Normal
HAT-P-2 c,HAT-P-2,Radial Velocity,2023,8500.0,12.4,1.11,3400.7639549,10.7,,127.774,6412.0,1.33,1.416,0,Cluster 0,1.2700761170097432,1,False,Normal
TOI-4600 b,TOI-4600,Transit,2023,82.6869,6.8,0.607,959.84178914,3.02,347.0,216.056,5170.0,0.89,0.81,0,Cluster 0,2.1754901686416295,-1,True,Potential Outlier
TOI-858 B b,TOI-858 B,Transit,2023,3.2797178,14.06727078,1.255,349.6112477,1.1,1529.0,250.489,5842.0,1.081,1.308,0,Cluster 0,0.9883598101841052,1,False,Normal
K2-36 b,K2-36,Transit,2016,1.422614,1.43,0.12757627,4.3,0.01352931,1328.0,109.749,4916.0,0.79,0.718,1,Cluster 1,1.0103681074671045,1,False,Normal
K2-36 c,K2-36,Transit,2016,5.340888,3.2,0.28548537,7.9,0.02485618,854.0,109.749,4916.0,0.79,0.718,1,Cluster 1,1.2421479673193816,1,False,Normal
Kepler-538 b,Kepler-538,Transit,2016,81.73778,2.215,0.1976094,12.9,0.04058794,417.0,155.956,5534.0,0.892,0.8717,1,Cluster 1,1.2838726285182498,1,False,Normal
TOI-1235 b,TOI-1235,Transit,2020,3.444714,1.69,0.15077196,6.69,0.02104909,775.0,39.6345,3997.0,0.63,0.619,1,Cluster 1,1.0569407228780272,1,False,Normal
TOI-1052 b,TOI-1052,Transit,2023,9.139703,2.87,0.25604469,16.9,0.05317335,1135.0,129.804,6146.0,1.204,1.264,1,Cluster 1,1.0474256276076253,1,False,Normal
K2-110 b,K2-110,Transit,2017,13.86375,2.592,0.23124315,15.9,0.05002699,638.0,116.474,5010.0,0.738,0.713,1,Cluster 1,1.167104361530387,1,False,Normal
TOI-1634 c,TOI-1634,Radial Velocity,2022,103.0,,,,,,35.2736,3472.0,0.451,0.45,1,Cluster 1,1.0790495171876056,1,False,Normal
TOI-2018 b,TOI-2018,Transit,2023,7.435583,2.268,0.20233776,9.2,0.02894644,576.34,27.9956,4174.0,0.57,0.62,1,Cluster 1,1.0827131003522226,1,False,Normal
TOI-1052 c,TOI-1052,Radial Velocity,2023,35.806,6.48,0.578,34.3,0.10791987,719.0,129.804,6146.0,1.204,1.264,1,Cluster 1,1.2375070659463636,1,False,Normal
TOI-519 b,TOI-519,Transit,2021,1.2652328,11.54525012,1.03,147.15455244,0.463,687.0,115.557,3322.0,0.335,0.35,0,Cluster 0,1.1836747005113004,1,False,Normal
TOI-244 b,TOI-244,Transit,2023,7.397225,1.52,0.13560555,2.68,0.00843222,458.0,22.0337,3433.0,0.428,0.426,1,Cluster 1,1.038429591533879,1,False,Normal
TOI-2084 b,TOI-2084,Transit,2023,6.0784247,2.47,0.22035902,6.66,0.021,527.0,114.549,3551.0,0.453,0.475,1,Cluster 1,1.0666687480299495,1,False,Normal
TOI-4184 b,TOI-4184,Transit,2023,4.9019804,2.43,0.21679045,6.48,0.0204,412.0,69.3649,3238.0,0.2109,0.2347,1,Cluster 1,1.0695268333756502,1,False,Normal
TOI-470 b,TOI-470,Transit,2023,12.19148,4.34,0.38718953,17.4,0.0546,660.0,130.46,5190.0,0.87,0.831,1,Cluster 1,1.1019265306781951,1,False,Normal
TOI-1470 b,TOI-1470,Transit,2023,2.527093,2.18,0.19448691,7.32,0.0230313,734.0,51.9503,3709.0,0.471,0.469,1,Cluster 1,1.0105911129478753,1,False,Normal
Kepler-21 b,Kepler-21,Transit,2012,2.7858212,1.639,0.14622204,7.5,0.02359764,2015.0,108.522,6305.0,1.408,1.902,1,Cluster 1,1.3287703727809572,1,False,Normal
Kepler-78 b,Kepler-78,Transit,2013,0.35500745,1.201,0.10714623,1.68,0.00528587,2223.0,124.376,5058.0,0.779,0.7475,1,Cluster 1,1.367093408217428,1,False,Normal
WISE J033605.05-014350.4 b,WISE J033605.05-014350.4,Imaging,2023,2560.0,12.6,1.12,2622.08435775,8.25,325.0,,415.0,0.0131,,0,Cluster 0,2.497678667156969,-1,True,Potential Outlier
OGLE-2018-BLG-1126L b,OGLE-2018-BLG-1126L,Microlensing,2022,,4.41,0.393,17.79839079,0.056,,5700.0,,0.69,,5,Cluster 5,1.2154334850992503,1,False,Normal
HD 6860 b,HD 6860,Radial Velocity,2023,663.87,11.9,1.06,8981.83078182,28.26,1196.06,61.12469,3802.0,2.49,86.4,3,Cluster 3,2.0960136595165118,-1,True,Potential Outlier
TOI-1470 c,TOI-1470,Transit,2023,18.08816,2.47,0.22035902,7.24,0.02277959,373.0,51.9503,3709.0,0.471,0.469,1,Cluster 1,1.0366525596423632,1,False,Normal
K2-12 b,K2-12,Transit,2015,8.28246,2.44,0.21768259,5.2,0.01636103,1026.0,326.381,5672.0,0.965,1.117,1,Cluster 1,1.0748128431712516,1,False,Normal
OGLE-2018-BLG-1212L b,OGLE-2018-BLG-1212L,Microlensing,2022,,9.32,0.832,63.5656814,0.2,,1550.0,,0.16,,5,Cluster 5,1.087403041073107,1,False,Normal
GJ 649 b,GJ 649,Radial Velocity,2009,600.1,10.8,0.966,81.99972901,0.258,120.74,10.3796,3734.0,0.51,0.5,4,Cluster 4,1.0212165706351732,1,False,Normal
HD 36384 b,HD 36384,Radial Velocity,2023,490.0,12.7,1.13,2097.6674862,6.6,1032.58,209.309,3940.0,1.14,38.4,3,Cluster 3,1.1363717796315373,1,False,Normal
MWC 758 c,MWC 758,Imaging,2023,,,,,,500.0,159.537,7314.0,1.5,2.01446,1,Cluster 1,1.8335038220251831,-1,True,Potential Outlier
K2-2016-BLG-0005L b,K2-2016-BLG-0005L,Microlensing,2023,4700.0,13.7,1.23,349.6112477,1.1,,5200.0,,0.584,,0,Cluster 0,0.979548129650621,1,False,Normal
GJ 849 b,GJ 849,Radial Velocity,2006,1925.31,13.9,1.24,283.82076745,0.893,73.63,8.80058,3467.0,0.45,0.45,4,Cluster 4,1.0191021871611876,1,False,Normal
GJ 849 c,GJ 849,Radial Velocity,2014,5990.0,13.8,1.23,314.65012293,0.99,50.41,8.80058,3467.0,0.45,0.45,4,Cluster 4,1.0213501644653338,1,False,Normal
TOI-2095 b,TOI-2095,Transit,2023,17.66484,1.25,0.11151772,4.1,0.01290004,347.0,41.9176,3759.0,0.44,0.44,1,Cluster 1,1.0805299709881098,1,False,Normal
TOI-2095 c,TOI-2095,Transit,2023,28.17232,1.33,0.11865486,7.4,0.023283,297.0,41.9176,3759.0,0.44,0.44,1,Cluster 1,1.1010383348485173,1,False,Normal
Kepler-68 b,Kepler-68,Transit,2013,5.39875259,2.357,0.21027782,8.03,0.02526521,1275.0,144.166,5847.0,1.057,1.2564,1,Cluster 1,1.1198404623389395,1,False,Normal
Kepler-107 d,Kepler-107,Transit,2014,7.95839,0.86,0.07672419,7.7,0.02422691,1173.0,525.997,5854.0,1.238,1.447,2,Cluster 2,1.6044599872361935,-1,True,Potential Outlier
TOI-139 b,TOI-139,Transit,2023,11.07085,2.4566,0.21916355,6.6,0.0208,561.17,42.4061,4570.0,0.69,0.7007,1,Cluster 1,0.9794610422365606,1,False,Normal
HD 62364 b,HD 62364,Radial Velocity,2022,5138.0,12.1,1.08,5965.63919939,18.77,143.96,53.112,6255.0,1.157,1.401,0,Cluster 0,1.0422920470218273,1,False,Normal
BD-210397 b,BD-210397,Radial Velocity,2023,1891.0,14.0,1.25,214.0,0.7,104.11,23.7324,4051.0,0.679,0.747,0,Cluster 0,1.1723056026746939,1,False,Normal
KMT-2022-BLG-0371L b,KMT-2022-BLG-0371L,Microlensing,2023,,10.9,0.971,82.63538582,0.26,,7140.0,,0.63,,5,Cluster 5,1.258721193851601,1,False,Normal
WASP-79 b,WASP-79,Transit,2012,3.662392,17.14974047,1.53,270.15414595,0.85,1716.2,246.69,6600.0,1.39,1.51,0,Cluster 0,1.04389673439221,1,False,Normal
Kepler-454 d,Kepler-454,Radial Velocity,2023,4073.0,13.3,1.19,734.18362017,2.31,125.37,230.869,5687.0,1.03,1.066,0,Cluster 0,1.0168114295727306,1,False,Normal
HD 74698 b,HD 74698,Radial Velocity,2023,15.017,5.12,0.457,23.0,0.07,925.57,52.0648,5783.0,1.039,1.333,1,Cluster 1,1.0806023100755409,1,False,Normal
HD 74698 c,HD 74698,Radial Velocity,2023,3449.0,14.0,1.24,126.0,0.4,151.77,52.0648,5783.0,1.039,1.333,0,Cluster 0,0.9974914426789783,1,False,Normal
GJ 9404 b,GJ 9404,Radial Velocity,2023,13.4586,3.48,0.31,11.9,0.03744159,473.5,23.8839,3811.0,0.62,0.626041,1,Cluster 1,1.1547116357817422,1,False,Normal
GJ 832 b,GJ 832,Radial Velocity,2008,3853.0,13.8,1.23,314.65012293,0.99,57.84,4.96435,3472.0,0.45,0.441557,4,Cluster 4,1.0179571690559883,1,False,Normal
Kepler-323 c,Kepler-323,Transit,2014,3.5538229,1.57,0.14006626,6.8,0.02139519,1431.0,454.883,6004.0,1.015,1.12,1,Cluster 1,1.1296248256402146,1,False,Normal
TOI-5803 b,TOI-5803,Transit,2023,5.38305,3.2732,0.29201585,10.7,0.0338,678.87,84.0126,5134.0,0.87,0.7625,1,Cluster 1,1.151084911299194,1,False,Normal
KMT-2019-BLG-1216L b,KMT-2019-BLG-1216L,Microlensing,2023,,5.98,0.533,29.87587026,0.094,,2740.0,,0.39,,5,Cluster 5,1.050711447604939,1,False,Normal
TOI-1680 b,TOI-1680,Transit,2023,4.8026345,1.466,0.13078799,2.75,0.00865,404.0,37.2209,3225.0,0.1798,0.2106,1,Cluster 1,0.9764353655621314,1,False,Normal
HD 100777 b,HD 100777,Radial Velocity,2007,383.0,13.7,1.22,390.92894061,1.23,264.28,49.5336,5533.0,1.08,1.04,0,Cluster 0,1.2099764697052098,1,False,Normal
HD 215497 c,HD 215497,Radial Velocity,2009,566.0,13.0,1.16,111.23994245,0.35,198.6,40.5468,5113.0,0.92,0.85,0,Cluster 0,1.0379842919906122,1,False,Normal
Kepler-107 c,Kepler-107,Transit,2014,4.901452,1.597,0.14247504,10.0,0.03146352,1378.0,525.997,5854.0,1.238,1.447,1,Cluster 1,1.3795315451710803,1,False,Normal
K2-3 b,K2-3,Transit,2015,10.0546535,2.078,0.18538706,5.11,0.01607786,501.3,44.0727,3844.0,0.549,0.546,1,Cluster 1,1.019908948872107,1,False,Normal
Kepler-107 b,Kepler-107,Transit,2014,3.1800218,1.536,0.13703298,3.8,0.01195614,1592.0,525.997,5854.0,1.238,1.447,1,Cluster 1,1.072892130328018,1,False,Normal
Kepler-37 d,Kepler-37,Transit,2013,39.7922622,2.03,0.18110478,2.0,0.0062927,499.0,63.9207,5357.0,0.79,0.789,1,Cluster 1,1.2091831497117809,1,False,Normal
HD 167677 b,HD 167677,Radial Velocity,2023,1820.0,13.2,1.18,905.81095995,2.85,151.9,54.3258,5474.0,0.96,0.95271,0,Cluster 0,1.0179475138395868,1,False,Normal
HD 165131 b,HD 165131,Radial Velocity,2023,2342.6,12.1,1.08,5943.3912109,18.7,155.2,57.4263,5870.0,1.06,1.06419,0,Cluster 0,1.0338268750821065,1,False,Normal
HIP 39017 b,HIP 39017,Imaging,2024,31000.0,12.0,1.07,7500.7504052,23.6,91.06,66.3217,7201.0,1.52,1.51987,0,Cluster 0,1.1259820590469596,1,False,Normal
omi UMa b,omi UMa,Radial Velocity,2012,1569.81,13.0,1.16,1160.39151396,3.651,473.88,54.9149,5075.0,2.72,13.84,3,Cluster 3,1.4544895108006497,1,False,Normal
omi CrB b,omi CrB,Radial Velocity,2012,187.01,13.7,1.23,355.96781584,1.12,947.65,84.7883,4769.0,1.3,11.87,3,Cluster 3,0.9868854585988818,1,False,Normal
TOI-544 b,TOI-544,Transit,2022,1.548352,2.018,0.18003421,2.89,0.00909296,999.0,41.1166,4169.0,0.631,0.623,1,Cluster 1,1.065450326679164,1,False,Normal
Teegarden's Star d,Teegarden's Star,Radial Velocity,2024,26.13,0.954,0.0851,0.82,0.00258001,159.0,3.83078,3034.0,0.097,0.12,1,Cluster 1,1.185845991781389,1,False,Normal
TOI-782 b,TOI-782,Transit,2024,8.0240015,2.734,0.24391156,19.1,0.06009532,435.0,52.5122,3370.0,0.397,0.413,1,Cluster 1,1.0055563346442673,1,False,Normal
HD 4732 c,HD 4732,Radial Velocity,2012,3184.2,13.1,1.17,1069.49258955,3.365,243.69,54.7841,4898.0,1.39,5.03,3,Cluster 3,1.1892000304264039,1,False,Normal
HD 4732 b,HD 4732,Radial Velocity,2012,371.74,13.4,1.19,631.2072163,1.986,498.53,54.7841,4898.0,1.39,5.03,3,Cluster 3,1.0127287062552477,1,False,Normal
ome Ser b,ome Ser,Radial Velocity,2013,278.59,14.0,1.25,233.92170755,0.736,824.94,76.7556,4724.0,1.01,10.99,3,Cluster 3,1.0402768554872912,1,False,Normal
TOI-2010 b,TOI-2010,Transit,2023,141.834025,11.81426566,1.054,408.7273314,1.286,400.2,109.19,5929.0,1.112,1.079,0,Cluster 0,1.1958654073958574,1,False,Normal
TOI-1273 b,TOI-1273,Transit,2024,4.631296,11.09689089,0.99,70.55790635,0.222,1211.0,177.118,5690.0,1.06,1.06,0,Cluster 0,1.0254907324592537,1,False,Normal
TOI-904 b,TOI-904,Transit,2023,10.8772,2.426,0.2164336,6.46,0.0203,429.43,46.0891,3770.2,0.557,0.527,1,Cluster 1,0.9590010599045989,1,False,Normal
KMT-2023-BLG-0469L b,KMT-2023-BLG-0469L,Microlensing,2024,,7.04,0.628,39.41072247,0.124,,7070.0,,0.47,,5,Cluster 5,1.0684231271862406,1,False,Normal
HD 2952 b,HD 2952,Radial Velocity,2013,312.08,13.9,1.24,284.77425267,0.896,731.02,110.103,4853.0,1.91,10.9,3,Cluster 3,0.9969502501795274,1,False,Normal
TOI-2416 b,TOI-2416,Transit,2023,8.275479,9.86390302,0.88,953.485221,3.0,1080.0,557.733,5808.0,1.118,1.236,0,Cluster 0,1.22424539207534,1,False,Normal
TOI-2373 b,TOI-2373,Transit,2023,13.33668,10.42435205,0.93,2955.8041851,9.3,860.0,508.686,5651.0,1.041,1.102,0,Cluster 0,1.148466588676869,1,False,Normal
TOI-904 c,TOI-904,Transit,2023,83.9997,2.167,0.19332712,5.34,0.0168,217.26,46.0891,3770.2,0.557,0.527,1,Cluster 1,1.1118910619070195,1,False,Normal
TOI-4860 b,TOI-4860,Transit,2023,1.5227591,8.7,0.77,86.7,0.273,694.0,80.1423,3260.0,0.34,0.358,0,Cluster 0,1.2373819458967168,1,False,Normal
TOI-4633 c,TOI-4633,Transit,2024,271.9445,3.2,0.28548537,123.0,0.38700128,268.57,95.2016,5800.0,1.1,1.05,1,Cluster 1,1.245818974061137,1,False,Normal
gam Lib b,gam Lib,Radial Velocity,2018,414.88,13.7,1.22,357.87478628,1.126,720.78,47.4017,4879.0,1.78,12.38,3,Cluster 3,0.9793052460895,1,False,Normal
KMT-2021-BLG-1770L b,KMT-2021-BLG-1770L,Microlensing,2023,,12.1,1.08,6674.396547,21.0,,6920.0,,0.13,,0,Cluster 0,1.1341410183472966,1,False,Normal
OGLE-2019-BLG-1180L b,OGLE-2019-BLG-1180L,Microlensing,2023,,13.5,1.2,555.24622703,1.747,,6070.0,,0.545,,0,Cluster 0,0.9968654361844271,1,False,Normal
HD 47366 b,HD 47366,Radial Velocity,2016,360.08,13.4,1.19,661.71874337,2.082,577.05,84.3552,4866.0,1.81,7.3,3,Cluster 3,1.2429089601103098,1,False,Normal
HD 47366 c,HD 47366,Radial Velocity,2016,677.53,13.5,1.21,483.73483545,1.522,467.37,84.3552,4866.0,1.81,7.3,3,Cluster 3,1.2366904098660076,1,False,Normal
Kepler-100 e,Kepler-100,Radial Velocity,2023,60.888588,5.27,0.47,24.14271827,0.07596149,621.73,304.645,5884.0,1.097,1.5,1,Cluster 1,1.1865556335571033,1,False,Normal
NGTS-27 b,NGTS-27,Transit,2024,3.3704181,15.64773706,1.396,188.47224535,0.593,1783.0,942.122,5700.0,1.07,1.77,0,Cluster 0,1.0376572771425252,1,False,Normal
HD 134606 d,HD 134606,Radial Velocity,2024,966.5,7.59,0.677,44.8,0.14095656,207.68,26.7909,5576.0,1.046,1.158,0,Cluster 0,1.0623886911930938,1,False,Normal
HATS-2 b,HATS-2,Transit,2013,1.35413379,12.57647635,1.122,435.42491759,1.37,1550.0,341.925,5227.0,0.904,0.876,0,Cluster 0,1.064176420829352,1,False,Normal
gam Cep b,gam Cep,Radial Velocity,2003,913.0,12.7,1.13,2097.6674862,6.6,343.48,14.1024,4775.0,1.27,4.74,0,Cluster 0,1.6838617869227221,-1,True,Potential Outlier
TOI-5398 c,TOI-5398,Transit,2023,4.77271,3.52,0.31403391,11.8,0.03712695,1242.0,130.855,6000.0,1.146,1.051,1,Cluster 1,1.1331443570648887,1,False,Normal
HD 134606 f,HD 134606,Radial Velocity,2024,26.915,2.24,0.2,5.63,0.01771396,685.04,26.7909,5576.0,1.046,1.158,1,Cluster 1,1.1810951954477928,1,False,Normal
HD 134606 e,HD 134606,Radial Velocity,2024,4.3203,1.33,0.119,2.34,0.00736246,1260.39,26.7909,5576.0,1.046,1.158,1,Cluster 1,1.0987900015681433,1,False,Normal
TOI-238 c,TOI-238,Radial Velocity,2024,8.465651,2.18,0.19448691,6.7,0.02108056,696.0,80.5407,5059.0,0.79,0.733,1,Cluster 1,1.090872348723203,1,False,Normal
2MASS J11550485-7919108 b,2MASS J11550485-7919108,Imaging,2024,,12.1,1.08,6356.56814,20.0,2506.0,100.862,3021.0,0.58846,0.600455,0,Cluster 0,1.1418739023822109,1,False,Normal
2MASS J21252752-8138278 b,2MASS J21252752-8138278,Imaging,2024,,12.4,1.1,3813.940884,12.0,1616.0,34.1154,3592.0,0.643977,0.672832,0,Cluster 0,4.900763317534677,-1,True,Potential Outlier
Kepler-1513 c,Kepler-1513,Transit Timing Variations,2023,841.4,11.0,0.984,84.54235626,0.266,,349.247,5491.0,0.943,0.95,0,Cluster 0,1.0012069546119426,1,False,Normal
HIP 66074 b,HIP 66074,Astrometry,2023,310.9,12.9,1.15,1589.142035,5.0,192.69,35.4438,4300.0,0.705,0.69,0,Cluster 0,1.1988583356138176,1,False,Normal
HAT-P-19 b,HAT-P-19,Transit,2010,4.00878322,11.29865255,1.008,88.03846874,0.277,981.2,202.078,4962.0,0.807,0.773,0,Cluster 0,1.0520648332504823,1,False,Normal
Kepler-849 b,Kepler-849,Transit,2016,394.62508,8.08167508,0.721,298.75870258,0.94,362.7,822.134,5950.0,1.259,1.822,0,Cluster 0,1.275256440290473,1,False,Normal
TOI-1853 b,TOI-1853,Transit,2023,1.2436258,3.46,0.30868106,73.2,0.23031296,1479.0,165.105,4985.0,0.837,0.808,1,Cluster 1,1.3551807605518917,1,False,Normal
TOI-5126 b,TOI-5126,Transit,2023,5.4588385,4.74,0.4228752,20.2,0.0634,1442.0,160.414,6150.0,1.24,1.241,1,Cluster 1,1.1572981861628655,1,False,Normal
Kepler-1513 b,Kepler-1513,Transit,2016,160.8842,8.594,0.76670665,48.30991786,0.152,346.0,349.247,5491.0,0.943,0.95,0,Cluster 0,1.0127975920342012,1,False,Normal
HAT-P-51 b,HAT-P-51,Transit,2015,4.21802091,13.50682174,1.205,97.57332095,0.307,1168.2,440.089,5453.0,0.961,0.995,0,Cluster 0,0.9960930743319351,1,False,Normal
Kepler-553 c,Kepler-553,Transit,2016,328.24017,11.57887706,1.033,2129.4503269,6.7,251.0,728.525,5191.0,0.889,0.902,0,Cluster 0,1.0857728375289997,1,False,Normal
Kepler-111 c,Kepler-111,Transit,2014,224.77833,7.0840758,0.632,222.4798849,0.7,352.2,657.223,5914.0,1.118,1.145,0,Cluster 0,1.016013978092666,1,False,Normal
14 And b,14 And,Radial Velocity,2008,186.76,13.1,1.16,1131.15130051,3.559,909.92,75.4392,4888.0,1.78,11.55,3,Cluster 3,0.9911524201184776,1,False,Normal
18 Del b,18 Del,Radial Velocity,2008,982.85,12.5,1.12,2926.24614325,9.207,452.72,76.222,4980.0,2.1,8.8,3,Cluster 3,1.0558765039066222,1,False,Normal
GJ 724 b,GJ 724,Radial Velocity,2023,5.101284,3.27,0.292,10.75,0.03382328,611.0,16.9658,3799.0,0.5271,0.52226,1,Cluster 1,1.1437897112699644,1,False,Normal
KMT-2019-BLG-0335L b,KMT-2019-BLG-0335L,Microlensing,2023,,12.1,1.08,6674.396547,21.0,,7710.0,,0.32,,0,Cluster 0,1.1078525355626725,1,False,Normal
Kepler-553 b,Kepler-553,Transit,2016,4.030467,4.74139884,0.423,116.00736855,0.365,1089.0,728.525,5191.0,0.889,0.902,1,Cluster 1,1.1667942524176096,1,False,Normal
6 Lyn b,6 Lyn,Radial Velocity,2008,919.86,13.4,1.2,597.83523357,1.881,371.86,54.6599,4941.0,1.32,4.94,3,Cluster 3,0.9654067073062361,1,False,Normal
4 UMa b,4 UMa,Radial Velocity,2006,270.27,12.6,1.12,2511.48007211,7.902,967.44,73.4603,4415.0,1.234,18.11,3,Cluster 3,1.4736997500450228,1,False,Normal
TOI-4641 b,TOI-4641,Transit,2023,22.09341,8.18255591,0.73,1229.99593509,3.87,950.11,86.3501,6560.0,1.41,1.72,0,Cluster 0,1.362836651700863,1,False,Normal
CI Tau c,CI Tau,Radial Velocity,2024,25.2,13.0,1.16,1144.1822652,3.6,610.62,157.998,3807.0,0.9,1.880857,0,Cluster 0,1.548454792165916,-1,True,Potential Outlier
TOI-1994 b,TOI-1994,Transit,2024,4.0337142,13.67495645,1.22,7024.0077947,22.1,2290.0,515.603,7700.0,1.86,2.3,0,Cluster 0,1.210254413719613,1,False,Normal
TOI-4515 b,TOI-4515,Transit,2024,15.266446,12.17,1.086,637.0,2.005,705.0,193.499,5433.0,0.949,0.86,0,Cluster 0,1.1079982672097883,1,False,Normal
M62H b,M62H,Pulsar Timing,2024,0.132935028,,,785.03616529,2.47,,,,1.4,,1,Cluster 1,2.0909400483660967,-1,True,Potential Outlier
HD 145457 b,HD 145457,Radial Velocity,2010,176.13,13.2,1.18,888.01256916,2.794,826.81,135.292,4757.0,1.9,9.9,3,Cluster 3,0.9845881331025831,1,False,Normal
HD 167042 b,HD 167042,Radial Velocity,2007,417.67,13.6,1.21,444.00628458,1.397,462.08,49.6633,4919.0,1.39,4.63,3,Cluster 3,0.9694913112665804,1,False,Normal
LHS 1678 c,LHS 1678,Transit,2021,3.694284,0.941,0.08395054,1.4,0.00440489,510.9,19.8782,3490.0,0.345,0.329,1,Cluster 1,1.0984657207422117,1,False,Normal
HD 173416 b,HD 173416,Radial Velocity,2008,322.03,13.4,1.2,585.12209729,1.841,771.03,132.184,4683.0,2.0,13.5,3,Cluster 3,1.048831264387467,1,False,Normal
HD 32518 b,HD 32518,Radial Velocity,2009,157.35,13.2,1.18,905.49313154,2.849,916.07,122.115,4580.0,1.13,10.22,3,Cluster 3,1.0021573142869173,1,False,Normal
HS Psc b,HS Psc,Radial Velocity,2024,3.986,13.6,1.21,464.02947422,1.46,783.44,37.6604,4203.0,0.69,0.65,0,Cluster 0,1.0833662126294321,1,False,Normal
HD 81688 b,HD 81688,Radial Velocity,2007,183.93,13.5,1.2,525.68818518,1.654,958.66,85.7183,4797.0,1.07,11.13,3,Cluster 3,1.0374084149857714,1,False,Normal
kap CrB b,kap CrB,Radial Velocity,2007,1253.68,13.3,1.19,689.6911,2.17,319.32,30.0651,4840.0,1.33,4.68,3,Cluster 3,1.7050899932911858,-1,True,Potential Outlier
KMT-2021-BLG-1547L b,KMT-2021-BLG-1547L,Microlensing,2023,,13.6,1.21,467.20775829,1.47,,5070.0,,0.72,,0,Cluster 0,1.0033160909969847,1,False,Normal
TOI-4559 b,TOI-4559,Transit,2024,3.965991,1.415,0.12623806,2.59,0.00814,554.16,31.6354,3558.0,0.392,0.374,1,Cluster 1,0.9933296884360001,1,False,Normal
11 Com b,11 Com,Radial Velocity,2007,323.21,12.2,1.09,4914.89848585,15.464,803.26,93.1846,4874.0,2.09,13.76,3,Cluster 3,1.161665315148396,1,False,Normal
nu Oph b,nu Oph,Radial Velocity,2012,529.93,12.0,1.07,7057.73298,22.206,620.57,46.2107,4887.0,2.61,12.24,0,Cluster 0,1.7056953652591154,-1,True,Potential Outlier
TOI-4377 b,TOI-4377,Transit,2023,4.378081,15.10970598,1.348,304.1617855,0.957,1162.08,455.82,4974.0,1.36,3.52,0,Cluster 0,1.5466902489394703,-1,True,Potential Outlier
KMT-2023-BLG-0416L b,KMT-2023-BLG-0416L,Microlensing,2024,,3.67,0.327,13.03096469,0.041,,5900.0,,0.63,,5,Cluster 5,1.146930608494433,1,False,Normal
HD 76920 b,HD 76920,Radial Velocity,2017,415.891,13.1,1.17,994.80291391,3.13,621.44,184.031,4664.0,1.0,8.33,3,Cluster 3,1.1182195294405075,1,False,Normal
75 Cet b,75 Cet,Radial Velocity,2012,696.62,13.3,1.18,787.89662095,2.479,540.31,82.9613,4809.0,1.92,10.38,3,Cluster 3,0.9903258059618147,1,False,Normal
LHS 3154 b,LHS 3154,Radial Velocity,2023,3.71778,3.69,0.329,13.15,0.04137453,343.83,15.7606,2861.0,0.1118,0.1405,1,Cluster 1,1.689345488874904,-1,True,Potential Outlier
TOI-1269 b,TOI-1269,Transit,2024,4.2529913,2.40144286,0.21424275,6.4,0.02013665,1004.9,172.138,5499.0,0.9027,0.8521,1,Cluster 1,1.09459999587501,1,False,Normal
Kepler-23 d,Kepler-23,Transit,2014,15.27,2.206,0.19680648,4.44,0.0139698,896.0,835.756,5828.0,1.078,1.548,1,Cluster 1,1.241645522073602,1,False,Normal
TOI-4153 b,TOI-4153,Transit,2024,4.6174141,16.11851425,1.438,365.50266805,1.15,1669.0,423.84,6860.0,1.572,1.605,0,Cluster 0,1.1857537005218257,1,False,Normal
TOI-3919 b,TOI-3919,Transit,2024,7.433234,12.31866979,1.099,1233.17421916,3.88,1198.0,604.591,6100.0,1.208,1.319,0,Cluster 0,1.0462566788960772,1,False,Normal
TOI-1288 b,TOI-1288,Transit,2022,2.6998279,4.96846551,0.44325757,44.1,0.13875412,1203.44,114.865,5388.0,0.9552,0.9583,1,Cluster 1,1.1407955622428225,1,False,Normal
GJ 238 b,GJ 238,Transit,2024,1.7446999,0.566,0.05049522,0.126,0.000398,758.0,15.2142,3485.0,0.4193,0.4314,1,Cluster 1,1.0011326674405974,1,False,Normal
Kepler-49 c,Kepler-49,Transit,2012,10.91,2.444,0.21803945,8.38,0.02636643,443.0,311.222,4095.6,0.607,0.618,1,Cluster 1,1.0211144072352898,1,False,Normal
TOI-5301 b,TOI-5301,Transit,2024,5.858858,13.09208946,1.168,1182.32167404,3.72,1648.0,629.161,6240.0,1.483,2.19,0,Cluster 0,1.10671935625012,1,False,Normal
TOI-5232 b,TOI-5232,Transit,2024,4.0966692,12.778238,1.14,743.71847238,2.34,1772.0,609.388,6500.0,1.389,1.785,0,Cluster 0,1.1629106390556212,1,False,Normal
TOI-1410.01,TOI-1410,Transit,2024,1.21687,3.10083009,0.27663801,12.5,0.0393294,1236.7,72.7512,4635.0,0.7941,0.7558,1,Cluster 1,1.2720781965051118,1,False,Normal
TOI-1386 b,TOI-1386,Transit,2024,25.8401,6.2163865,0.55458981,45.8,0.14410292,615.03,146.858,5735.0,1.0363,1.0235,1,Cluster 1,1.101256399260753,1,False,Normal
TOI-6029 b,TOI-6029,Transit,2024,5.7987,14.39233122,1.284,519.64944544,1.635,1484.0,603.119,6223.0,1.548,2.338,0,Cluster 0,1.1805046937419212,1,False,Normal
OGLE-2017-BLG-0448L b,OGLE-2017-BLG-0448L,Microlensing,2024,,4.08,0.364,15.6,0.04908309,,7530.0,,0.5,,5,Cluster 5,0.9864083173059497,1,False,Normal
Kepler-128 c,Kepler-128,Transit,2013,22.8,1.521,0.13569476,3.38,0.01063467,843.0,396.379,6072.0,1.184,1.659,1,Cluster 1,1.2034313656935034,1,False,Normal
TOI-1451 b,TOI-1451,Transit,2024,16.537944,2.61143902,0.23297739,15.2,0.04782455,723.33,91.9362,5801.0,1.0022,1.0162,1,Cluster 1,1.1688983702150741,1,False,Normal
TIC 4672985 b,TIC 4672985,Transit,2024,69.048,11.5004142,1.026,4049.13390518,12.74,517.2,253.385,5757.0,1.01,1.15,0,Cluster 0,1.1050245780541608,1,False,Normal
TOI-5218 b,TOI-5218,Transit,2024,4.291452,9.86,0.879,657.0,2.06715317,783.0,377.483,4230.0,0.739,0.708,0,Cluster 0,1.125041298031754,1,False,Normal
Kepler-305 d,Kepler-305,Transit,2014,16.74,2.76,0.24623113,6.2,0.01950738,576.0,868.477,5090.0,0.827,0.792,1,Cluster 1,1.0975844397534127,1,False,Normal
TOI-1601 b,TOI-1601,Transit,2021,5.33175,14.19902343,1.2667542,387.0,1.21763817,1493.97,336.608,5982.0,1.5055,2.195,0,Cluster 0,1.2067783358996074,1,False,Normal
TOI-1444 b,TOI-1444,Transit,2021,0.4702743,1.41792246,0.12649879,3.58,0.01126394,2130.02,125.463,5460.0,0.9513,0.9105,1,Cluster 1,1.0471311870835618,1,False,Normal
TOI-1736 b,TOI-1736,Transit,2023,7.073076,3.18175535,0.28385769,12.3,0.03870013,1099.79,88.9482,5636.0,1.0373,1.4286,1,Cluster 1,1.1745516331410737,1,False,Normal
TOI-5634 A b,TOI-5634 A,Transit,2024,2.2035373,10.42,0.923,588.0,1.85005489,837.0,306.144,3896.0,0.556,0.54,0,Cluster 0,1.0371700148365806,1,False,Normal
TOI-1683.01,TOI-1683,Transit,2024,3.0575356,2.6382,0.23510942,7.45,0.0235,929.25,51.1884,4402.0,0.694661,0.7,1,Cluster 1,1.0347328239582172,1,False,Normal
TOI-1298 b,TOI-1298,Transit,2021,4.537143,9.65807033,0.86163681,99.0,0.31148883,1278.0,319.036,5752.0,1.2187,1.4536,0,Cluster 0,1.0662641691698442,1,False,Normal
TOI-1751 b,TOI-1751,Transit,2024,37.46852,2.9507845,0.26325181,19.5,0.06135386,651.64,113.335,5970.0,0.9382,1.3137,1,Cluster 1,1.3552354877037704,1,False,Normal
K2-419 A b,K2-419 A,Transit,2024,20.35847252,10.55,0.941,196.0,0.617,377.0,268.685,3711.0,0.562,0.541,0,Cluster 0,1.1227260552811904,1,False,Normal
TOI-4443.01,TOI-4443,Transit,2024,1.8498567,1.7193265,0.15322184,3.6,0.0113,1638.82,56.0739,5834.0,1.049133,1.01733,1,Cluster 1,0.9657254942419617,1,False,Normal
HIP 97166 b,HIP 97166,Transit,2021,10.288914,2.4801338,0.2212631,19.1,0.06009532,701.66,65.9501,5216.0,0.9342,0.8418,1,Cluster 1,1.4173767524398737,1,False,Normal
TOI-1776 b,TOI-1776,Transit,2024,2.799868,1.21612741,0.10849581,1.4,0.00440489,1269.21,44.647,5785.0,0.9196,0.9356,1,Cluster 1,1.1238003602115847,1,False,Normal
Kepler-963 c,Kepler-963,Transit,2024,0.919783,0.6,0.05352851,0.156,0.00049,,771.494,5169.47,0.821,0.928,1,Cluster 1,1.103278351209762,1,False,Normal
OGLE-2023-BLG-0836L b,OGLE-2023-BLG-0836L,Microlensing,2024,,12.9,1.15,1385.73185452,4.36,,5120.0,,0.71,,0,Cluster 0,1.0487753565498688,1,False,Normal
BD-14 3065 b,BD-14 3065 A,Transit,2024,4.2889731,21.59,1.926,3932.0,12.37,2001.0,589.423,6935.0,1.41,2.35,0,Cluster 0,1.3991858790267249,1,False,Normal
HIP 97166 c,HIP 97166,Radial Velocity,2021,16.432,2.75,0.245,8.0,0.02517081,642.0,65.9501,5216.0,0.9342,0.8418,1,Cluster 1,1.219822692957163,1,False,Normal
TOI-1794 b,TOI-1794,Transit,2024,8.765528,3.29701268,0.29414028,8.7,0.02737326,992.91,155.791,5631.0,0.9698,1.3162,1,Cluster 1,1.183680651647696,1,False,Normal
2MASS J03590986+2009361 b,2MASS J03590986+2009361,Imaging,2024,,12.2,1.08,5720.911326,18.0,2369.0,117.435,2943.0,0.264996,0.289776,0,Cluster 0,1.2224505430132286,1,False,Normal
TOI-663 c,TOI-663,Transit,2024,4.6955507,2.26,0.20162404,3.65,0.01148418,553.0,64.2308,3681.0,0.514,0.512,1,Cluster 1,1.0555252267345716,1,False,Normal
TOI-1246 c,TOI-1246,Transit,2022,5.904137,2.45109846,0.21867273,9.1,0.0286318,862.49,169.422,5213.0,0.8889,0.8649,1,Cluster 1,1.0557107134810866,1,False,Normal
TOI-1842 b,TOI-1842,Transit,2021,9.5739181,12.3485023,1.10166148,89.4,0.28128386,1199.55,223.465,6039.0,1.4643,2.032,0,Cluster 0,1.1334010092705538,1,False,Normal
TOI-1824 b,TOI-1824,Transit,2024,22.808533,2.7438269,0.24478826,16.0,0.05034163,528.67,59.4314,5165.0,0.8801,0.8123,1,Cluster 1,1.1743809158158018,1,False,Normal
HIP 77900 b,HIP 77900,Imaging,2024,,12.1,1.08,6674.396547,21.0,2507.0,150.862,13646.0,,,0,Cluster 0,2.47682530802847,-1,True,Potential Outlier
2MASS J11011926-7732383 b,2MASS J11011926-7732383,Imaging,2024,,11.9,1.06,8899.195396,28.0,2677.0,,,,,0,Cluster 0,1.1335219655222253,1,False,Normal
SPECULOOS-3 b,SPECULOOS-3,Transit,2024,0.71912603,0.977,0.08716225,0.894,0.00281,553.0,,2800.0,0.1009,0.123,1,Cluster 1,1.3409799596605823,1,False,Normal
KMT-2023-BLG-1431L b,KMT-2023-BLG-1431L,Microlensing,2024,,3.76,0.335,13.6,0.04279039,,6800.0,,0.57,,5,Cluster 5,0.9980998114679005,1,False,Normal
TOI-3071 b,TOI-3071,Transit,2024,1.266938,7.16,0.63877351,68.2,0.2145812,2155.0,485.219,6177.0,1.29,1.31,1,Cluster 1,1.8227501831810766,-1,True,Potential Outlier
TOI-1246 e,TOI-1246,Transit,2022,37.92548,3.5141875,0.31351535,14.5,0.0456221,463.98,169.422,5213.0,0.8889,0.8649,1,Cluster 1,1.1215871191465983,1,False,Normal
TOI-2019 b,TOI-2019,Transit,2024,15.3444,5.33275337,0.47575721,34.4,0.1082345,917.46,198.007,5626.0,1.1832,1.7457,1,Cluster 1,1.313469236461875,1,False,Normal
TIC 139270665 c,TIC 139270665,Radial Velocity,2024,1010.0,12.9,1.15,1554.18091023,4.89,200.0,189.875,5844.0,1.035,1.016,0,Cluster 0,1.016320589141191,1,False,Normal
HD 48948 b,HD 48948,Radial Velocity,2024,7.34013,2.06,0.183,4.88,0.0153542,957.0,16.9043,4593.0,0.686,0.679,1,Cluster 1,1.0301130679338726,1,False,Normal
HD 93963 A c,HD 93963 A,Transit,2022,3.6451389,3.11976057,0.27832688,18.4,0.05789287,1212.45,82.3432,5908.0,1.0844,1.0311,1,Cluster 1,1.1423724733448863,1,False,Normal
HD 93963 A b,HD 93963 A,Transit,2022,1.0376109,1.46954368,0.13110413,2.8,0.00880979,1842.23,82.3432,5908.0,1.0844,1.0311,1,Cluster 1,1.0420042567681733,1,False,Normal
TOI-815 c,TOI-815,Transit,2024,34.976145,2.62,0.23374115,23.5,0.07393927,469.0,59.7117,4869.0,0.776,0.77,1,Cluster 1,1.279505100428432,1,False,Normal
HD 48948 c,HD 48948,Radial Velocity,2024,38.06,2.6,0.232,7.27,0.02287398,553.0,16.9043,4593.0,0.686,0.679,1,Cluster 1,0.9833936139586583,1,False,Normal
HD 48948 d,HD 48948,Radial Velocity,2024,151.92,3.24,0.289,10.59,0.03331987,349.0,16.9043,4593.0,0.686,0.679,1,Cluster 1,1.1105298249599227,1,False,Normal
HIP 8152 c,HIP 8152,Transit,2023,19.60562,2.52442508,0.22521451,10.7,0.03366596,650.68,101.694,5618.0,0.9373,0.9603,1,Cluster 1,1.1465041511923288,1,False,Normal
HIP 8152 b,HIP 8152,Transit,2023,10.751014,2.53625843,0.22627021,8.9,0.02800253,794.96,101.694,5618.0,0.9373,0.9603,1,Cluster 1,1.1719066630262038,1,False,Normal
TOI-1669 b,TOI-1669,Radial Velocity,2023,500.0,14.1,1.26,191.0,0.60095321,241.72,111.276,5497.0,0.9867,1.0561,0,Cluster 0,0.9829075235007185,1,False,Normal
OGLE-2014-BLG-0221L b,OGLE-2014-BLG-0221L,Microlensing,2024,,12.9,1.15,1382.55357045,4.35,,3680.0,,0.69,,0,Cluster 0,1.039125463154733,1,False,Normal
TOI-329 b,TOI-329,Transit,2024,5.70439,4.94057819,0.44076962,40.4,0.12711262,1213.02,284.388,5614.0,1.0678,1.5326,1,Cluster 1,1.1713191065468131,1,False,Normal
TOI-480 b,TOI-480,Transit,2024,6.866196,2.85372018,0.2545923,20.8,0.06544412,1198.94,54.5306,6174.0,1.2793,1.4877,1,Cluster 1,1.0300586384939596,1,False,Normal
TOI-1410 c,TOI-1410,Radial Velocity,2024,47.56,5.63,0.502,27.0,0.0849515,397.45,72.7512,4635.0,0.7941,0.7558,1,Cluster 1,1.4940918181859313,1,False,Normal
TOI-757 b,TOI-757,Transit,2024,17.46819,2.5,0.22303545,10.5,0.03303669,641.0,60.3418,5278.0,0.8,0.78,1,Cluster 1,1.1287277164810081,1,False,Normal
GJ 900 b,GJ 900 A,Imaging,2024,,12.4,1.11,3496.112477,11.0,1.48,20.8065,3976.0,1.08,0.716187,0,Cluster 0,7.6278580486632395,-1,True,Potential Outlier
TOI-1450 A c,TOI-1450 A,Transit,2024,5.0688,1.13,0.101,1.527,0.00480448,533.0,22.4467,3437.0,0.48,0.483,1,Cluster 1,1.0403411347974034,1,False,Normal
TOI-1855 b,TOI-1855,Transit,2024,1.36414864,18.49481816,1.65,360.09958513,1.133,1701.0,176.833,5359.0,0.987,1.041,0,Cluster 0,1.2493998101651829,1,False,Normal
TOI-3261 b,TOI-3261,Transit,2024,0.8831331,3.82,0.34079816,30.3,0.09533446,1722.0,300.141,5068.0,0.861,0.849,1,Cluster 1,1.4443442758680862,1,False,Normal
TOI-669 b,TOI-669,Transit,2023,3.945152,2.58606487,0.23071365,10.0,0.03146352,1124.85,142.867,5597.0,0.9245,0.9882,1,Cluster 1,1.06671433937426,1,False,Normal
HD 25463 b,HD 25463,Transit,2023,7.0491423,2.54535814,0.22708203,8.7,0.02737326,1198.46,45.6181,6353.0,1.251,1.4182,1,Cluster 1,1.0304399584711512,1,False,Normal
HD 73344 b,HD 73344,Transit,2024,15.611,2.884,0.25729369,10.48,0.03297377,911.0,35.26,6252.6,1.2,1.22,1,Cluster 1,1.0421964460283994,1,False,Normal
TOI-2368 b,TOI-2368,Transit,2024,5.1750073,10.83908434,0.967,206.58846455,0.65,1000.0,210.915,5360.0,0.897,0.846,0,Cluster 0,0.9912779573137931,1,False,Normal
TOI-2107 b,TOI-2107,Transit,2024,2.4545467,13.57407563,1.211,263.79757781,0.83,1397.0,236.705,5627.0,0.961,0.932,0,Cluster 0,1.0062389346767753,1,False,Normal
TOI-1248 b,TOI-1248,Transit,2024,4.3601561,6.8084859,0.60741347,27.4,0.08621004,952.09,168.735,5205.0,0.9042,0.8686,1,Cluster 1,1.050671681397935,1,False,Normal
TOI-837 b,TOI-837,Transit,2020,8.3249113,9.16894621,0.818,120.45696625,0.379,995.3,142.488,5995.0,1.142,1.052,0,Cluster 0,1.0163082225745472,1,False,Normal
SWEEPS-11 b,SWEEPS-11,Transit,2006,1.796,12.666,1.13,3082.82,9.7,,8500.0,,1.1,1.45,0,Cluster 0,1.3457770798328994,1,False,Normal
Kepler-24 c,Kepler-24,Transit,2011,12.33,2.514,0.22428444,9.99,0.03143206,915.0,1156.81,6028.0,1.06,1.099,1,Cluster 1,1.0808713811523287,1,False,Normal
Kepler-57 b,Kepler-57,Transit,2012,5.72,3.135,0.27968645,25.06,0.07884758,850.0,644.14,5187.9,0.859,0.826,1,Cluster 1,1.0686514344733113,1,False,Normal
TOI-3894 b,TOI-3894,Transit,2024,4.33454,15.27784069,1.363,260.61929374,0.82,1531.0,417.365,6000.0,1.138,1.502,0,Cluster 0,0.9977587585600597,1,False,Normal
TOI-3321 b,TOI-3321,Transit,2024,3.6525145,15.55806521,1.388,176.07693748,0.554,1616.0,285.895,5850.0,1.041,1.549,0,Cluster 0,1.0707195024685707,1,False,Normal
TOI-1744.01,TOI-1744,Transit,2024,22.341702927,2.68,0.239094,7.65,0.0241,598.0,114.39,6179.0,1.18,1.14,1,Cluster 1,0.983427010187102,1,False,Normal
K2-360 c,EPIC 201595106,Radial Velocity,2024,9.79692,4.02,0.359,15.23,0.04791894,912.0,232.1,5679.0,0.958,0.98,1,Cluster 1,1.1631628339562257,1,False,Normal
WASP-132 b,WASP-132,Transit,2016,7.1335164,10.09929161,0.901,136.0305582,0.428,682.0,122.91,4686.0,0.789,0.758,0,Cluster 0,1.037679596896599,1,False,Normal
TOI-469.01,TOI-469,Transit,2021,13.6308205,3.41,0.30422035,9.1,0.0286318,716.0,68.192,5289.0,0.901,0.98,1,Cluster 1,1.1731735220443433,1,False,Normal
K2-260 b,K2-260,Transit,2018,2.62669762,18.41635529,1.643,546.66486004,1.72,2090.0,663.834,6860.0,1.637,1.755,0,Cluster 0,1.06286837514373,1,False,Normal
K2-237 b,K2-237,Transit,2018,2.18053332,16.06246934,1.433,434.15360396,1.366,1759.0,314.995,6180.0,1.256,1.236,0,Cluster 0,0.981740811968213,1,False,Normal
TOI-1772.01,TOI-1772,Transit,2024,8.054246874,2.905,0.25916719,8.78,0.0276,877.67,97.7562,5583.0,0.99,0.995,1,Cluster 1,1.0639463237391324,1,False,Normal
WASP-132 c,WASP-132,Transit,2022,1.01153624,1.841,0.1642433,6.26,0.01969616,1329.0,122.91,4686.0,0.789,0.758,1,Cluster 1,1.0217433642573188,1,False,Normal
BD-17 63 b,BD-17 63,Radial Velocity,2008,655.57,12.8,1.15,1639.99458012,5.16,168.92,34.4603,4714.0,0.741,0.74,0,Cluster 0,1.1113790355749786,1,False,Normal
K2-261 b,K2-261,Transit,2018,11.6334681,9.26982704,0.827,68.96876432,0.217,1036.0,213.283,5490.0,1.107,1.663,0,Cluster 0,1.0365822287612219,1,False,Normal
K2-321 b,K2-321,Transit,2020,2.2979749,2.05124347,0.183,4.86,0.0153,830.0,77.6888,3750.0,0.578,0.595,1,Cluster 1,1.0390303434197274,1,False,Normal
TOI-1777.01,TOI-1777,Transit,2024,14.650111974,2.246,0.20037504,5.67,0.0178,580.0,79.7665,5859.0,1.06,0.98,1,Cluster 1,0.9651495267741506,1,False,Normal
HD 20794 d,HD 20794,Radial Velocity,2011,89.68,2.04,0.182,4.8,0.015,388.0,6.00278,5368.0,0.79,0.93,1,Cluster 1,1.120512710744285,1,False,Normal
HD 175167 b,HD 175167,Radial Velocity,2009,1175.0,12.3,1.09,4703.8604236,14.8,232.03,71.0863,5635.0,1.09,1.75,0,Cluster 0,1.0295030496145543,1,False,Normal
Kepler-289 d,Kepler-289,Transit,2014,66.0282,3.03,0.27031896,5.33,0.01677006,502.81,704.438,5990.0,1.08,1.0,1,Cluster 1,1.1688379816591803,1,False,Normal
Kepler-289 c,Kepler-289,Transit,2014,125.8723,11.23,1.00187522,157.18,0.49,394.0,704.438,5990.0,1.08,1.0,0,Cluster 0,1.1231790339156666,1,False,Normal
K2-167 b,K2-167,Transit,2018,9.978541,2.36509493,0.211,6.5,0.02045129,1220.0,80.8994,6310.0,1.084,1.499,1,Cluster 1,1.244904002203134,1,False,Normal
K2-265 b,K2-265,Transit,2018,2.36902,1.70824866,0.1524,7.3418362,0.0231,1366.0,138.671,5420.0,0.901,0.92,1,Cluster 1,1.0599023584122018,1,False,Normal
Kepler-289 b,Kepler-289,Transit,2014,34.5383,2.49,0.2221433,3.7,0.0116415,607.0,704.438,5990.0,1.08,1.0,1,Cluster 1,1.1941489644690628,1,False,Normal
KELT-24 b,KELT-24,Transit,2019,5.55149296,12.71098411,1.134,1458.83238813,4.59,1391.0,96.5173,6426.0,1.268,1.338,0,Cluster 0,1.1102837515585955,1,False,Normal
TOI-3568 b,TOI-3568,Transit,2024,4.417965,5.3,0.483,26.4,0.083,899.0,197.906,4969.0,0.78,0.719,1,Cluster 1,1.1335307441726652,1,False,Normal
K2-57 b,K2-57,Transit,2016,9.0073,2.30905002,0.206,5.94,0.0187,635.8,264.213,4413.0,0.699,0.671,1,Cluster 1,1.0024079298095834,1,False,Normal
K2-54 b,K2-54,Transit,2016,9.7833,2.6116925,0.233,7.33,0.0231,560.0,174.955,3990.0,0.615,0.643,1,Cluster 1,1.0099156869313788,1,False,Normal
TOI-4638.01,TOI-4638,Transit,2024,10.283918787,2.933,0.26166518,8.92,0.0281,779.83,168.248,5700.0,1.02,0.895,1,Cluster 1,1.0342371974922782,1,False,Normal
TOI-5076 b,TOI-5076,Transit,2024,23.443162,3.48935569,0.3113,16.14568308,0.0508,550.0,82.857,4780.0,0.789,0.844,1,Cluster 1,1.2369406563553877,1,False,Normal
TOI-4562 b,TOI-4562,Transit,2023,225.1064,12.53,1.118,732.0,2.3,318.0,339.605,6096.0,1.192,1.152,0,Cluster 0,1.1148613333008783,1,False,Normal
K2-77 b,K2-77,Transit,2016,8.2000844,2.4996027,0.223,603.877,1.9,806.0,141.731,5160.0,0.847,0.792,1,Cluster 1,2.495557174049151,-1,True,Potential Outlier
K2-180 b,K2-180,Transit,2018,8.865663,2.46597575,0.22,11.41003981,0.0359,797.5,203.896,5365.0,0.735,0.719,1,Cluster 1,1.154534949101651,1,False,Normal
TOI-2458 c,TOI-2458,Radial Velocity,2024,16.553,3.18,0.283,10.22,0.03215572,922.76,112.958,6005.0,1.05,1.31,1,Cluster 1,1.0204473908589555,1,False,Normal
TOI-4562 c,TOI-4562,Transit Timing Variations,2024,3990.0,12.8,1.14,1833.86990839,5.77,138.11,339.605,6096.0,1.192,1.152,0,Cluster 0,1.0097428651055402,1,False,Normal
K2-97 b,K2-97,Transit,2016,8.407115,13.45077684,1.2,174.48779544,0.549,1566.0,878.43,4673.0,1.17,4.14,0,Cluster 0,2.2098854548849385,-1,True,Potential Outlier
K2-182 b,K2-182,Transit,2018,4.7369696,2.71257333,0.242,20.97667486,0.066,965.8,154.83,5128.0,0.823,0.789,1,Cluster 1,1.0935133834131137,1,False,Normal
NGTS-33 b,NGTS-33,Transit,2024,2.827972,18.38272835,1.64,1153.71711741,3.63,1991.0,437.855,7437.0,1.6,1.47,0,Cluster 0,1.2188567141220654,1,False,Normal
Kepler-105 b,Kepler-105,Transit,2013,5.4122034,2.53,0.22571187,10.8,0.0339806,1418.0,459.223,5933.0,0.991,1.026,1,Cluster 1,1.1145915282929129,1,False,Normal
TOI-2537 b,TOI-2537,Transit,2024,94.1022,11.25381662,1.004,415.40172795,1.307,338.0,184.986,4870.0,0.771,0.771,0,Cluster 0,1.1957204023125505,1,False,Normal
K2-98 b,K2-98,Transit,2016,10.1367349,5.06645928,0.452,34.00763955,0.107,1185.0,518.625,6260.0,1.246,1.518,1,Cluster 1,1.30824329930577,1,False,Normal
K2-114 b,K2-114,Transit,2017,11.390931,10.59248676,0.945,638.83509807,2.01,701.4,475.758,4899.0,0.863,0.832,0,Cluster 0,1.158558226249024,1,False,Normal
TOI-4994 b,TOI-4994,Transit,2024,21.491984,8.54124329,0.762,88.99195396,0.28,717.6,329.304,5640.0,1.005,1.055,0,Cluster 0,0.9977262489295475,1,False,Normal
Kepler-105 c,Kepler-105,Transit,2014,7.12592,1.44,0.12846842,5.6,0.01761957,997.0,459.223,5933.0,0.991,1.026,1,Cluster 1,1.476838225141441,1,False,Normal
TOI-2295 c,TOI-2295,Radial Velocity,2024,966.5,12.8,1.14,1783.01736327,5.61,234.9,126.279,5730.0,1.168,1.459,0,Cluster 0,1.0663761645976069,1,False,Normal
TOI-5110 b,TOI-5110,Transit,2024,30.158577,11.98240037,1.069,921.7023803,2.9,976.0,392.259,6160.0,1.469,2.333,0,Cluster 0,1.1813438952506192,1,False,Normal
TOI-2537 c,TOI-2537,Radial Velocity,2024,1920.0,12.7,1.13,2297.89938261,7.23,123.1,184.986,4870.0,0.771,0.771,0,Cluster 0,1.049848386148463,1,False,Normal
MOA-2008-BLG-310L b,MOA-2008-BLG-310L,Microlensing,2009,,5.18,0.462,23.4,0.0736,,7700.0,,0.21,,5,Cluster 5,1.0238559992887284,1,False,Normal
K2-115 b,K2-115,Transit,2017,20.2729914,11.80305668,1.053,321.00669107,1.01,696.0,413.591,5870.0,0.918,0.855,0,Cluster 0,1.0233601606727374,1,False,Normal
K2-277 b,K2-277,Transit,2018,6.326768,2.18575124,0.195,7.4,0.023283,1049.0,113.123,5680.0,0.974,0.973,1,Cluster 1,1.0821667700062059,1,False,Normal
TOI-406 c,TOI-406,Transit,2024,3.307441,1.32,0.11776272,2.08,0.00654441,584.0,31.0597,3392.0,0.408,0.41,1,Cluster 1,1.0355206011970874,1,False,Normal
TOI-5005 b,TOI-5005,Transit,2024,6.3085044,6.25,0.558,32.7,0.103,1040.0,207.891,5749.0,0.97,0.93,1,Cluster 1,1.073142208786942,1,False,Normal
HD 86728 b,HD 86728,Radial Velocity,2025,31.1515,3.03,0.27,9.43,0.0296701,687.36,14.9202,5610.0,0.967,1.237,1,Cluster 1,1.0292660280919077,1,False,Normal
KMT-2021-BLG-2609L b,KMT-2021-BLG-2609L,Microlensing,2024,,3.17,0.283,10.17050902,0.032,,7480.0,,0.2,,5,Cluster 5,0.9660952143286764,1,False,Normal
TOI-5688 A b,TOI-5688 A,Transit,2024,2.94815527,10.3,0.92,124.0,0.39,742.0,226.318,3713.0,0.6,0.57,0,Cluster 0,0.9673742480980909,1,False,Normal
HD 222237 b,HD 222237,Radial Velocity,2024,14892.0,12.8,1.15,1649.52943233,5.19,58.74,11.4469,4751.0,0.76,0.71,0,Cluster 0,1.1043211261918138,1,False,Normal
HD 21520 b,HD 21520,Transit,2024,25.1292,2.697,0.24061064,17.7,0.05569043,637.0,79.208,5871.0,1.09,1.044,1,Cluster 1,1.179949522082308,1,False,Normal
TOI-2768 b,TOI-2768,Transit,2024,1.50801,2.63,0.23463329,7.41,0.0233,855.0,78.4525,4008.0,0.63,0.657,1,Cluster 1,1.099734396257646,1,False,Normal
TOI-1174 b,TOI-1174,Transit,2024,8.953487683,2.562,0.22856672,32.0,0.10068326,713.83,94.6375,5030.0,0.85,0.76,1,Cluster 1,1.5801025564964248,-1,True,Potential Outlier
TOI-2981 b,TOI-2981,Transit,2024,3.601501,13.4,1.19546999,638.0,2.00737249,1358.0,527.789,5940.0,1.03,1.08,0,Cluster 0,1.2157933258930103,1,False,Normal
TOI-1180 b,TOI-1180,Transit,2024,9.686760378,3.072,0.27406595,10.0,0.03146352,638.18,72.0238,4738.0,0.75,0.73,1,Cluster 1,1.0725284539889899,1,False,Normal
OGLE-2016-BLG-1800L b,OGLE-2016-BLG-1800L,Microlensing,2024,,13.2,1.18,823.17557413,2.59,,6480.0,,0.41,,0,Cluster 0,1.0643755495529958,1,False,Normal
TOI-5713 b,TOI-5713,Transit,2024,10.441989,1.77,0.1579091,3.78,0.0119,347.2,40.8668,3225.0,0.2653,0.2992,1,Cluster 1,0.9711062181083575,1,False,Normal
TOI-6002 b,TOI-6002,Transit,2024,10.904821,1.65,0.14720339,3.36,0.0106,321.4,32.0266,3229.0,0.2101,0.2432,1,Cluster 1,0.9762850052476443,1,False,Normal
HD 135694 b,HD 135694,Transit,2023,15.923475568,2.857,0.25488491,6.1,0.01919275,750.83,73.8713,5712.0,1.02,1.08,1,Cluster 1,1.1301391977241888,1,False,Normal
TOI-1295 b,TOI-1295,Transit,2024,3.1968838,15.69257298,1.4,451.31633794,1.42,2360.0,388.227,6280.0,1.38,1.7,0,Cluster 0,1.1649029259743893,1,False,Normal
TOI-6130 b,TOI-6130,Transit,2024,2.392679,14.3474953,1.28,333.71982735,1.05,1750.0,220.882,6110.0,1.31,1.51,0,Cluster 0,0.9973812064033585,1,False,Normal
TOI-1437 b,TOI-1437,Transit,2024,18.840942,2.24,0.19983976,9.6,0.03020498,794.23,103.297,6008.0,1.1,1.17,1,Cluster 1,1.1890706442763463,1,False,Normal
HD 183579 b,HD 183579,Transit,2021,17.471291,3.49,0.31135748,20.4,0.06418558,752.0,57.2651,5784.0,0.996,0.96,1,Cluster 1,1.0802926617260047,1,False,Normal
KMT-2023-BLG-1866L b,KMT-2023-BLG-1866L,Microlensing,2024,,1.43,0.127,2.63,0.00827491,,6210.0,,0.51,,5,Cluster 5,1.0405778573106337,1,False,Normal
K2-203 b,K2-203,Transit,2018,9.6952,1.26549392,0.1129,2.14,0.00674,738.4,166.147,5026.0,0.793,0.765,1,Cluster 1,0.9974048778670366,1,False,Normal
TOI-6651 b,TOI-6651,Transit,2024,5.056973,5.09,0.45410017,61.0,0.19192746,1493.0,212.128,5940.0,1.323,1.721,1,Cluster 1,1.155830891009428,1,False,Normal
TOI-1630.01,TOI-1630,Transit,2024,12.055734733,2.417,0.21563067,6.42,0.0202,584.0,66.0929,5504.0,0.95,0.83,1,Cluster 1,0.9841693041695023,1,False,Normal
TOI-1467 b,TOI-1467,Transit,2024,5.97114713,1.92,0.17129122,9.0,0.02831717,506.07,37.4418,3834.0,0.489,0.491,1,Cluster 1,1.3089142375166893,1,False,Normal
TOI-1659.01,TOI-1659,Transit,2024,5.877556328,2.255,0.20117797,5.71,0.018,1031.14,122.494,5977.0,1.1,1.006,1,Cluster 1,0.9892226475651624,1,False,Normal
HD 101581 c,HIP 56998,Transit,2025,6.20401,0.99,0.08832204,0.937,0.00295,747.0,12.7781,4675.0,0.653,0.63,1,Cluster 1,1.0699555630728415,1,False,Normal
K2-208 b,K2-208,Transit,2018,4.19097,1.67462172,0.1494,3.45,0.0108,1122.0,256.887,5500.0,0.881,0.872,1,Cluster 1,0.9830758865972692,1,False,Normal
TOI-1716.01,TOI-1716,Transit,2024,8.082376554,3.143,0.28040016,10.0,0.0316,959.0,104.158,5879.0,1.07,1.24,1,Cluster 1,0.9992733351654716,1,False,Normal
TOI-6038 A b,TOI-6038 A,Transit,2025,5.8267311,6.41,0.57186288,78.5,0.24698862,1439.0,179.147,6110.0,1.291,1.648,1,Cluster 1,1.1663207265319506,1,False,Normal
HIP 116454 b,HIP 116454,Transit,2014,9.1004157,2.469,0.22026981,9.7,0.03051961,753.2,62.4491,5048.0,0.8,0.758,1,Cluster 1,1.0710993932679957,1,False,Normal
TOI-2420 b,TOI-2420,Transit,2024,5.842641,15.02003414,1.34,294.62693329,0.927,1571.6,435.174,5707.0,1.158,2.369,0,Cluster 0,1.0637132899869424,1,False,Normal
K2-225 b,K2-225,Transit,2018,15.8723,3.60929179,0.322,12.7,0.0399,923.0,357.778,5520.0,1.482,1.7,1,Cluster 1,1.393970235115132,1,False,Normal
TOI-1739 b,TOI-1739,Transit,2024,8.303341406,1.946,0.17361079,4.45,0.014,755.55,70.9819,4814.0,0.78,0.781,1,Cluster 1,0.979220582723993,1,False,Normal
HD 73344 d,HD 73344,Radial Velocity,2025,5823.0,13.2,1.18,810.46243785,2.55,126.51,35.26,6148.0,1.19,1.22,0,Cluster 0,1.0974135887314622,1,False,Normal
TOI-2485 b,TOI-2485,Transit,2024,11.23479,12.1393261,1.083,766.60211768,2.412,1134.0,397.953,6016.4,1.163,1.72,0,Cluster 0,1.1372330965678379,1,False,Normal
K2-7 b,K2-7,Transit,2015,28.6781,4.03523305,0.36,15.3,0.0482,786.0,738.553,5700.0,1.056,1.533,1,Cluster 1,1.0884035650637656,1,False,Normal
HD 118203 c,HD 118203,Radial Velocity,2024,5103.0,12.4,1.1,3747.19691853,11.79,146.0,92.2589,5742.0,1.27,2.04,0,Cluster 0,1.0802185057789,1,False,Normal
TOI-4734 b,TOI-4734,Transit,2025,6.235633,10.9175472,0.974,61.65871096,0.194,1468.0,563.068,6070.0,1.391,1.857,0,Cluster 0,1.1911004096083437,1,False,Normal
TOI-1453 c,TOI-1453,Transit,2025,6.5886982,2.224,0.19841233,2.95,0.00928174,819.8,78.7415,4975.0,0.715,0.72,1,Cluster 1,1.379012862730824,1,False,Normal
TOI-3493 b,TOI-3493,Transit,2025,8.1594667,3.22,0.28726965,8.97,0.02822278,1102.0,96.7224,5844.0,1.023,1.228,1,Cluster 1,1.0951737387222158,1,False,Normal
TOI-2969 b,TOI-2969,Transit,2025,1.8237146,12.32987877,1.1,368.68095212,1.16,1186.0,163.996,4738.0,0.71,0.7,0,Cluster 0,1.2051234058718305,1,False,Normal
TOI-5300 b,TOI-5300,Transit,2025,2.262196,9.86390302,0.88,190.6970442,0.6,1043.0,162.51,4610.0,0.67,0.65,0,Cluster 0,1.1014445797601276,1,False,Normal
TOI-4794 b,TOI-4794,Transit,2025,3.5658116,14.35870428,1.281,308.29355479,0.97,1673.0,543.008,6390.0,1.25,1.451,0,Cluster 0,0.9782237190486317,1,False,Normal
TOI-2443 b,TOI-2443,Transit,2023,15.66858,2.363,0.2108131,4.8,0.01510249,519.0,23.9258,4375.0,0.642,0.631,1,Cluster 1,1.009038141610052,1,False,Normal
OGLE-2016-BLG-0007L b,OGLE-2016-BLG-0007L,Microlensing,2025,14200.0,1.09,0.0972,1.32,0.00415318,,4300.0,,0.59,,5,Cluster 5,1.3835661845920555,1,False,Normal
TOI-5340 b,TOI-5340,Transit,2025,4.9394392,15.07607904,1.345,270.15414595,0.85,1566.0,532.629,5990.0,1.35,1.842,0,Cluster 0,0.9882501185210911,1,False,Normal
AT2021ueyL b,AT2021ueyL,Microlensing,2025,4168.69,13.6,1.22,425.89006538,1.34,,1040.0,3680.0,0.49,,0,Cluster 0,1.107626309060364,1,False,Normal
Kepler-10 c,Kepler-10,Transit,2011,45.294301,2.355,0.21009939,11.29,0.03552231,579.0,185.506,5708.0,0.91,1.065,1,Cluster 1,1.3041548287202664,1,False,Normal
TOI-2407 b,TOI-2407,Transit,2025,2.702969,4.26,0.3800524,16.8,0.0529,705.0,92.4366,3530.0,0.548,0.567,1,Cluster 1,1.1862958086154038,1,False,Normal
TOI-5386 A b,TOI-5386 A,Transit,2025,3.62156552,14.70618268,1.312,155.10026262,0.488,1488.0,394.486,6094.0,1.165,1.245,0,Cluster 0,0.9764313135991889,1,False,Normal
TOI-2015 c,TOI-2015,Transit Timing Variations,2025,5.582796,2.93,0.261,8.91,0.028034,448.0,47.3444,3297.0,0.3041,0.3273,1,Cluster 1,1.077353792796171,1,False,Normal
TOI-2015 b,TOI-2015,Transit,2023,3.348237,3.309,0.29520972,9.2,0.02894644,530.9,47.3444,3297.0,0.3041,0.3273,1,Cluster 1,1.1734430438078445,1,False,Normal
GJ 3998 b,GJ 3998,Radial Velocity,2016,2.65033,1.39,0.124,2.5,0.00786588,733.5,18.1459,3726.0,0.52,0.5,1,Cluster 1,0.988386300266785,1,False,Normal
Kepler-725 b,Kepler-725,Transit,2016,39.64372,10.8,0.96351312,81.6,0.257,514.0,758.469,5395.0,0.95,0.88,0,Cluster 0,1.0224821307931538,1,False,Normal
TOI-1117 b,TOI-1117,Transit,2025,2.22816,2.46,0.21946688,8.9,0.02800253,1538.0,167.598,5635.0,0.97,1.05,1,Cluster 1,1.05817935141687,1,False,Normal
GJ 3998 c,GJ 3998,Radial Velocity,2016,13.727,2.5,0.223,6.82,0.02145812,423.49,18.1459,3726.0,0.52,0.5,1,Cluster 1,0.9668371032658063,1,False,Normal
TOI-640 b,TOI-640,Transit,2021,5.003777,19.2794468,1.72,181.16219199,0.57,1816.0,341.997,6460.0,1.536,2.082,0,Cluster 0,1.1236371776258691,1,False,Normal
K2-157 d,K2-157,Radial Velocity,2025,66.5,5.16,0.461,23.3,0.0732,429.1,298.373,5334.0,0.89,0.86,1,Cluster 1,1.0829121952025857,1,False,Normal
TOI-1117 c,TOI-1117,Radial Velocity,2025,4.579,2.91,0.259,8.78,0.02762497,1210.0,167.598,5635.0,0.97,1.05,1,Cluster 1,1.065754029935777,1,False,Normal
TOI-1117 d,TOI-1117,Radial Velocity,2025,8.665,3.27,0.291,10.71,0.03369743,978.0,167.598,5635.0,0.97,1.05,1,Cluster 1,1.0137313623937814,1,False,Normal
Proxima Cen d,Proxima Cen,Radial Velocity,2025,5.12338,0.692,0.0618,0.26,0.00081805,282.0,1.30119,2900.0,0.1221,0.141,1,Cluster 1,1.059496535602195,1,False,Normal
Proxima Cen b,Proxima Cen,Radial Velocity,2016,11.18465,1.02,0.0913,1.055,0.0033194,218.0,1.30119,2900.0,0.1221,0.141,1,Cluster 1,1.0819933158687634,1,False,Normal
LP 261-75 b,LP 261-75 A,Imaging,2006,,12.1,1.08,6674.396547,21.0,1500.0,33.928,3138.0,0.22,0.308,0,Cluster 0,1.1996261613206172,1,False,Normal
KOI-134 b,KOI-134,Transit,2025,67.1277,12.03844527,1.074,346.43296363,1.09,659.0,1159.21,6160.0,1.407,1.667,0,Cluster 0,1.0841937330221196,1,False,Normal
TIC 88785435 b,TIC 88785435,Transit,2025,10.508843,5.03,0.44874732,22.3,0.0701,635.0,122.386,3998.0,0.724,0.911,1,Cluster 1,1.5410116954165627,-1,True,Potential Outlier
TOI-1238 c,TOI-1238,Transit,2022,3.294736,2.11,0.18824192,8.32,0.02617765,695.0,70.7145,4089.0,0.59,0.58,1,Cluster 1,1.0331450575066916,1,False,Normal
TOI-1238 b,TOI-1238,Transit,2022,0.764597,1.21,0.10794916,3.76,0.01183028,1133.0,70.7145,4089.0,0.59,0.58,1,Cluster 1,1.1265649848392583,1,False,Normal
KOI-1843.03,Kepler-974,Transit,2013,0.1768913,0.61,0.05442065,8.0,0.02517081,1654.0,134.311,3584.0,0.46,0.45,1,Cluster 1,1.719881484256888,-1,True,Potential Outlier
TOI-5143 c,TOI-5143,Transit,2025,5.2097118,16.25302201,1.45,,,904.48,181.38,5183.0,0.864,0.852,0,Cluster 0,1.4792707886687855,1,False,Normal
TOI-1803 b,TOI-1803,Transit,2025,6.293287,2.99,0.26675039,10.32,0.03247035,747.0,119.24,4687.0,0.756,0.715,1,Cluster 1,1.0900502646491286,1,False,Normal
TOI-5882 b,TOI-5882,Transit,2025,7.148972,11.46678726,1.023,6995.40323807,22.01,1515.0,416.104,5920.0,1.334,2.26,0,Cluster 0,1.2075994205975615,1,False,Normal
TOI-4465 b,TOI-4465,Transit,2025,101.94054,14.01122587,1.25,1872.00931723,5.89,427.0,121.139,5545.0,0.93,1.014,0,Cluster 0,1.2483266196925076,1,False,Normal
TOI-1478 b,TOI-1478,Transit,2021,10.1802117,11.99360935,1.07,279.68899816,0.88,918.0,152.892,5597.0,0.947,1.048,0,Cluster 0,1.0388336752710596,1,False,Normal
HIP 67851 b,HIP 67851,Radial Velocity,2015,89.23,13.7,1.22,365.50266805,1.15,840.72,64.1181,4840.0,1.28,5.45,3,Cluster 3,1.8765817065069244,-1,True,Potential Outlier
HIP 67851 c,HIP 67851,Radial Velocity,2015,3128.41,12.7,1.13,2204.77565936,6.937,255.43,64.1181,4840.0,1.28,5.45,0,Cluster 0,1.7486628105317361,-1,True,Potential Outlier
TOI-2346 b,TOI-2346,Transit,2025,3.3312029,16.11851425,1.438,394.10722468,1.24,1689.0,437.484,6480.0,1.271,1.38,0,Cluster 0,0.985207443837899,1,False,Normal
HD 94890 b,HD 94890,Radial Velocity,2025,824.61,13.3,1.19,676.97450691,2.13,533.83,61.7012,4867.0,1.74,10.71,3,Cluster 3,0.9778769733726556,1,False,Normal
HD 87816 b,HD 87816,Radial Velocity,2025,484.17,12.7,1.13,2142.16346318,6.74,567.39,133.233,4989.0,2.41,9.0,3,Cluster 3,1.1854612449797526,1,False,Normal
TOI-2886 b,TOI-2886,Transit,2025,1.60200105,18.6405349,1.663,444.9597698,1.4,1978.0,413.673,6240.0,1.229,1.241,0,Cluster 0,1.0563805367945562,1,False,Normal
TOI-2876 b,TOI-2876,Transit,2025,6.2996431,9.6397234,0.86,54.03082919,0.17,929.0,225.744,5271.0,0.939,0.873,0,Cluster 0,0.9993623390324398,1,False,Normal
TOI-2986 b,TOI-2986,Transit,2025,3.2783662,9.292245,0.829,96.61983573,0.304,1622.0,563.149,5906.0,1.122,1.458,0,Cluster 0,1.1190719036941572,1,False,Normal
WASP-116 b,WASP-116,Transit,2025,6.6132,13.67495645,1.22,203.41018048,0.64,1414.0,559.243,6250.0,1.25,1.426,0,Cluster 0,1.007525031574147,1,False,Normal
HD 102888 b,HD 102888,Radial Velocity,2025,252.06,12.8,1.14,1808.44363583,5.69,688.63,126.484,4990.0,2.42,8.6,3,Cluster 3,1.2050940382606954,1,False,Normal
HD 94890 c,HD 94890,Radial Velocity,2025,2492.19,12.5,1.12,2831.85110637,8.91,369.1,61.7012,4867.0,1.74,10.71,3,Cluster 3,1.0367564758379963,1,False,Normal
TOI-3135 b,TOI-3135,Transit,2025,3.7065585,13.65253849,1.218,327.36325921,1.03,1292.0,221.673,5890.0,1.044,0.985,0,Cluster 0,0.9778799625104307,1,False,Normal
Gaia-4 b,Gaia-4,Astrometry,2025,571.3,12.4,1.1,3750.3752026,11.8,,73.4829,4034.0,0.644,0.624,0,Cluster 0,1.158446450121664,1,False,Normal
WASP-188 b,WASP-188,Transit,2025,5.748916,14.81827249,1.322,458.6263913,1.443,1666.0,675.281,6850.0,1.5,1.83,0,Cluster 0,1.1724619884774348,1,False,Normal
WASP-154 b,WASP-154,Transit,2025,3.811678,10.76062147,0.96,198.96058278,0.626,994.0,215.501,4774.0,0.8,0.823,0,Cluster 0,1.0383263357096058,1,False,Normal
TIC 434398831 b,TIC 434398831,Transit,2025,3.685504,3.51,0.31314176,12.1,0.0381,1250.0,217.011,5638.0,0.992,0.909,1,Cluster 1,1.1643048108871872,1,False,Normal
TOI-3464 b,TOI-3464,Transit,2025,3.6515568,13.7646283,1.228,397.28550875,1.25,1693.0,597.774,6370.0,1.363,1.56,0,Cluster 0,1.0226654726235538,1,False,Normal
HR 858 c,HR 858,Transit,2019,5.973865,1.979,0.17655486,3.8,0.01195614,1309.0,31.964,6354.0,1.204,1.258,1,Cluster 1,1.0567798718164088,1,False,Normal
WASP-197 b,WASP-197,Transit,2025,5.167228,14.44837612,1.289,403.32424848,1.269,1665.0,483.675,6050.0,1.36,2.112,0,Cluster 0,1.0054296727079959,1,False,Normal
WASP-102 b,WASP-102,Transit,2025,2.709813,14.90794433,1.33,197.68926915,0.622,1671.0,535.689,5990.0,1.08,1.375,0,Cluster 0,1.0372655577813112,1,False,Normal
TOI-3486 b,TOI-3486,Transit,2025,2.21778105,10.5700688,0.943,99.16246298,0.312,1190.0,154.715,4930.0,0.837,0.788,0,Cluster 0,1.0385871446762671,1,False,Normal
TOI-2328 b,TOI-2328,Transit,2025,17.10197,9.97599282,0.89,50.85254512,0.16,842.0,231.782,5525.0,0.95,0.9,0,Cluster 0,1.0024815490034715,1,False,Normal
TOI-3837 b,TOI-3837,Transit,2025,11.88865,10.87271128,0.97,187.51876013,0.59,1178.0,311.705,5905.0,0.89,1.2,0,Cluster 0,1.1236569089383075,1,False,Normal
Gl 410 b,Gl 410,Radial Velocity,2025,6.02,2.83,0.253,8.4,0.02642936,592.44,11.9324,3842.0,0.55,0.543,1,Cluster 1,1.049948202376228,1,False,Normal
HD 219666 b,HD 219666,Transit,2018,6.034468,4.898,0.437,17.6,0.055,1076.0,94.1719,5540.0,1.02,1.059,1,Cluster 1,1.117756765951266,1,False,Normal
TOI-3682 b,TOI-3682,Transit,2025,3.3462406,12.80065596,1.142,69.28659273,0.218,1657.0,404.211,5703.0,1.32,1.735,0,Cluster 0,1.1868956488619706,1,False,Normal
TOI-6628 b,TOI-6628,Transit,2025,18.18424,10.98480109,0.98,235.19302118,0.74,833.0,320.527,5463.0,0.97,1.01,0,Cluster 0,0.9986499020396176,1,False,Normal
Kepler-289 e,Kepler-289,Transit,2025,330.0716,2.94,0.26228968,17.4,0.05474652,286.0,704.438,5990.0,1.061,0.985,1,Cluster 1,1.2077830175466755,1,False,Normal
KMT-2022-BLG-2076L b,KMT-2022-BLG-2076L,Microlensing,2025,,13.9,1.24,279.68899816,0.88,,5570.0,,0.67,,0,Cluster 0,1.013871130110814,1,False,Normal
TOI-4214 b,TOI-4214,Transit,2025,3.4913885,10.68215861,0.953,165.27077164,0.52,1642.0,346.881,6370.0,1.382,1.434,0,Cluster 0,1.347152815644343,1,False,Normal
GJ 581 c,GJ 581,Radial Velocity,2007,12.9211,2.5,0.223,6.81,0.02142666,346.13,6.2981,3500.0,0.295,0.302,1,Cluster 1,1.0645393728339276,1,False,Normal
G 192-15 c,G 192-15,Radial Velocity,2025,1219.0,3.87,0.345,14.3,0.04499283,55.9,9.53114,2999.0,0.132,0.170718,1,Cluster 1,1.7623727736042607,-1,True,Potential Outlier
G 268-110 b,G 268-110,Radial Velocity,2025,1.43263,1.13,0.101,1.52,0.00478245,534.0,,,0.137,0.177,5,Cluster 5,1.4935327380168701,1,False,Normal
TOI-2449 b,TOI-2449,Transit,2025,106.14468,11.24,1.002,222.0,0.7,400.0,156.786,6021.0,1.079,1.065,0,Cluster 0,1.0953768543995672,1,False,Normal
KMT-2024-BLG-2242L b,KMT-2024-BLG-2242L,Microlensing,2025,,3.82,0.341,13.98444991,0.044,,7620.0,,0.069,,5,Cluster 5,1.0175326712645767,1,False,Normal
GJ 508.2 b,GJ 508.2,Radial Velocity,2025,5300.0,,,587.98255295,1.85,59.3,16.6374,3720.0,0.54,0.53,1,Cluster 1,1.5713047108748923,-1,True,Potential Outlier
GJ 3512 c,GJ 3512,Radial Velocity,2020,2354.0,14.3,1.27,143.97626837,0.453,42.92,9.48637,3141.0,0.123,0.139,4,Cluster 4,1.2294362611737226,1,False,Normal
HD 28471 b,HD 28471,Radial Velocity,2025,3.1649,1.75,0.156,3.72,0.01170443,1377.0,43.6455,5766.0,0.98,1.08,1,Cluster 1,1.0123808338260054,1,False,Normal
HD 28471 c,HD 28471,Radial Velocity,2025,6.1245,2.26,0.201,5.72,0.01799713,1066.0,43.6455,5766.0,0.98,1.08,1,Cluster 1,0.9860837019531218,1,False,Normal
NGTS-32 b,NGTS-32,Transit,2025,3.31211,15.91675259,1.42,181.16219199,0.57,1750.0,837.457,5680.0,1.07,1.85,0,Cluster 0,1.0439514125513747,1,False,Normal
HD 143811 AB b,HD 143811 A,Imaging,2025,117000.0,15.69257298,1.4,1938.7532827,6.1,1042.0,136.608,6791.0,1.32,1.68398,0,Cluster 0,1.3908633563350825,1,False,Normal
AF Lep b,AF Lep,Imaging,2023,8905.0,13.0,1.16,1147.36054927,3.61,1400.0,26.8564,6140.0,1.218,1.25,0,Cluster 0,1.017886283617295,1,False,Normal
TOI-238 b,TOI-238,Transit,2024,1.273099,1.559,0.1390849,3.37,0.01060321,1378.0,80.5407,5059.0,0.781,0.756,1,Cluster 1,1.0188921503117334,1,False,Normal
HD 152843 b,HD 152843,Transit,2021,11.62071,3.05,0.27210324,9.82,0.03089718,1003.11,107.898,6310.0,1.15,1.43,1,Cluster 1,1.063195746993171,1,False,Normal
MOA-2022-BLG-033L b,MOA-2022-BLG-033L,Microlensing,2025,,3.52,0.314,12.15,0.03822818,,1840.0,,0.51,,5,Cluster 5,0.9955729799014346,1,False,Normal
HD 28471 d,HD 28471,Radial Velocity,2025,11.681,2.06,0.184,4.91,0.01544859,945.0,43.6455,5766.0,0.98,1.08,1,Cluster 1,0.9981974612435925,1,False,Normal
HD 152843 c,HD 152843,Transit,2021,19.502104,5.94,0.52993222,9.67,0.03042522,253.08,107.898,6310.0,1.15,1.43,0,Cluster 0,1.2677143596283436,1,False,Normal
KMT-2023-BLG-1896L b,KMT-2023-BLG-1896L,Microlensing,2025,,4.19,0.374,16.35,0.05144285,,5490.0,,0.72,,5,Cluster 5,1.3001841940648409,1,False,Normal
KMT-2023-BLG-0119L b,KMT-2023-BLG-0119L,Microlensing,2025,,11.0,0.978,83.7,0.26334965,,5410.0,,0.71,,5,Cluster 5,1.1749267202874834,1,False,Normal
TOI-6054.02,TOI-6054,Transit,2024,12.563636,2.82,0.25158398,9.3,0.02926107,1143.0,79.407,6047.0,1.107,1.662,1,Cluster 1,1.1450410973281884,1,False,Normal
WASP-110 b,WASP-110,Transit,2021,3.7784022,13.19297028,1.177,154.78243421,0.487,1158.0,274.96,5392.0,0.814,0.853,0,Cluster 0,1.0684062713562112,1,False,Normal
K2-233 d,K2-233,Transit,2018,24.3681,2.363,0.2108131,10.3,0.03240742,525.0,67.5062,4796.0,0.79,0.71,1,Cluster 1,1.1231177601734212,1,False,Normal
K2-233 c,K2-233,Transit,2018,7.06024,1.272,0.11348043,4.6,0.01447322,794.0,67.5062,4796.0,0.79,0.71,1,Cluster 1,1.5161173864765807,-1,True,Potential Outlier
BEBOP-4 AB b,BEBOP-4 A,Radial Velocity,2025,1823.5,,,8358.8871041,26.3,239.44,234.294,5701.43,1.507,2.75645,0,Cluster 0,1.2601091972950211,1,False,Normal
2MASS J22501512+2325342 b,2MASS J22501512+2325342,Imaging,2018,,11.9,1.06,9534.85221,30.0,1600.0,57.2309,3352.0,0.433173,0.437589,0,Cluster 0,1.2164058710420758,1,False,Normal
WASP-4 b,WASP-4,Transit,2007,1.338230994,15.12091496,1.349,381.3940884,1.2,1653.0,267.206,5436.0,0.899,0.912,0,Cluster 0,1.1030199551295334,1,False,Normal
Kepler-391 b,Kepler-391,Transit,2014,7.4175,2.5,0.22303545,1100.0,3.46098705,930.0,869.236,5038.0,1.27,2.879,2,Cluster 2,3.5365447944292634,-1,True,Potential Outlier
GJ 251 b,GJ 251,Radial Velocity,2020,14.237,1.79,0.16,3.85,0.01211345,336.0,5.58057,3342.0,0.35,0.36,1,Cluster 1,0.9723684022866808,1,False,Normal
TOI-1438 b,TOI-1438,Transit,2025,5.13967,3.04,0.2712111,9.4,0.02957571,971.0,110.513,5230.0,0.876,0.82,1,Cluster 1,1.0882497913578515,1,False,Normal
GJ 536 c,GJ 536,Radial Velocity,2025,32.761,2.3,0.205,5.89,0.01853201,290.5,10.4092,3641.0,0.528,0.529,1,Cluster 1,1.0042004459161313,1,False,Normal
TOI-1438 c,TOI-1438,Transit,2025,9.428089,2.75,0.24533899,10.6,0.03335133,794.0,110.513,5230.0,0.876,0.82,1,Cluster 1,1.0417686785502829,1,False,Normal
Kepler-391 c,Kepler-391,Transit,2014,20.501,2.88,0.25693683,450.0,1.41585834,662.0,869.236,5038.0,1.27,2.879,2,Cluster 2,3.725805795047094,-1,True,Potential Outlier
TOI-756 b,TOI-756,Transit,2025,1.2392495,2.81,0.25069184,9.83,0.03092864,934.0,86.1759,3657.0,0.505,0.505,1,Cluster 1,1.169834253681113,1,False,Normal
TOI-756 c,TOI-756,Radial Velocity,2025,149.4,13.0,1.16,1287.20504835,4.05,194.0,86.1759,3657.0,0.505,0.505,4,Cluster 4,1.0010119132113477,1,False,Normal
HD 224018 d,HD 224018,Transit,2025,138.0731,2.4,0.21411403,4.2,0.01321468,411.0,105.48,5784.0,1.013,1.147,1,Cluster 1,1.2294019720789087,1,False,Normal
TOI-2141 c,TOI-2141,Radial Velocity,2025,5.4624,2.35,0.21,6.14,0.0193186,1095.0,77.682,5635.0,0.896,0.95,1,Cluster 1,1.0265450100380984,1,False,Normal
TOI-6448 b,TOI-6448,Transit,2025,14.844261,8.47398941,0.756,54.0,0.17,745.0,386.879,5910.0,1.03,0.897,0,Cluster 0,1.0045289887222186,1,False,Normal
K2-214 b,K2-214,Transit,2018,8.59656,2.51,0.22392759,6.85,0.0215,1001.0,300.64,5875.0,1.03,1.236,1,Cluster 1,1.01320778752362,1,False,Normal
51 Eri b,51 Eri,Imaging,2015,9100.0,,,3464.3296363,10.9,807.0,29.7575,7422.0,1.75,1.45,6,Cluster 6,1.6806210188966433,-1,True,Potential Outlier
TOI-1203.01,TOI-1203,Transit,2021,25.502672,2.918,0.26032697,7.39,0.02325154,743.6,64.9943,5737.0,0.886,1.179,1,Cluster 1,1.2274419706874056,1,False,Normal
TOI-2093 c,TOI-2093,Transit,2025,53.81149,2.3,0.20519261,15.8,0.04971236,329.0,82.7982,4426.0,0.745,0.729,1,Cluster 1,1.1958555401775117,1,False,Normal
KMT-2024-BLG-1209L b,KMT-2024-BLG-1209L,Microlensing,2025,,13.2,1.18,839.06699448,2.64,,3930.0,,0.77,,0,Cluster 0,1.0372852826090302,1,False,Normal
HD 135344 A b,HD 135344 A,Imaging,2025,,16.25302201,1.45,3178.28407,10.0,1585.0,141.595,9540.0,2.32,1.5,0,Cluster 0,1.6508566425683149,-1,True,Potential Outlier
K2-10 b,K2-10,Transit,2015,19.30553,3.773,0.33660509,25.2,0.07928807,649.0,272.36,5533.0,0.88,0.956,1,Cluster 1,1.1521492976575656,1,False,Normal
TOI-1203 b,TOI-1203,Radial Velocity,2025,4.1572888,1.52,0.13560555,3.51,0.0110437,1361.2,64.9943,5737.0,0.886,1.179,1,Cluster 1,1.1351067370487797,1,False,Normal
TOI-1203 c,TOI-1203,Radial Velocity,2025,13.0766,2.2,0.196,5.46,0.01717908,,64.9943,5737.0,0.886,1.179,1,Cluster 1,1.0443804289656893,1,False,Normal
HIP 18606 b,HIP 18606,Radial Velocity,2025,674.94,14.0,1.25,244.72787339,0.77,405.91,47.0288,4860.0,1.21,4.83,3,Cluster 3,1.0581340987433274,1,False,Normal
HIP 111909 c,HIP 111909,Radial Velocity,2025,893.63,13.9,1.24,257.44100967,0.81,357.64,88.077,4891.0,1.28,4.53,3,Cluster 3,0.9939784393365679,1,False,Normal
TIC 257060897 b,TIC 257060897,Transit,2021,3.66003639,17.26183028,1.54,201.50321004,0.634,1775.0,505.703,5993.0,1.187,1.863,0,Cluster 0,1.0095152849887365,1,False,Normal
OGLE-2016-BLG-1266L b,OGLE-2016-BLG-1266L,Microlensing,2018,,12.4,1.1,3813.940884,12.0,,3080.0,,0.015,,0,Cluster 0,1.2284844121130654,1,False,Normal
BD+37 3172 b,BD+37 3172,Radial Velocity,2023,1887.76,12.4,1.11,3368.9811142,10.6,713.25,454.251,4500.0,3.75,50.24,3,Cluster 3,1.5056385676679185,-1,True,Potential Outlier
TOI-654.01,TOI-654,Transit,2024,1.527561,2.378,0.21215132,8.71,0.02740472,794.0,57.7553,3521.0,0.419,0.43,1,Cluster 1,1.0518476612120176,1,False,Normal
K2-37 b,K2-37,Transit,2016,4.4434,1.39,0.12400771,2.51,0.0079,949.0,179.943,5352.0,0.84,0.809,1,Cluster 1,0.9977838941625334,1,False,Normal
K2-37 d,K2-37,Transit,2016,14.09229,2.31,0.20608475,12.5,0.0393294,646.0,179.943,5352.0,0.84,0.809,1,Cluster 1,1.226587429911912,1,False,Normal
K2-55 b,K2-55,Transit,2016,2.849271,4.43,0.39521881,44.0,0.13843948,900.0,159.522,4300.0,0.688,0.715,1,Cluster 1,1.371154195538521,1,False,Normal
TOI-5261 b,TOI-5261,Transit,2025,4.1509768,11.60129502,1.035,3651.84839643,11.49,1244.0,377.054,5790.0,1.037,1.021,0,Cluster 0,1.086933201645659,1,False,Normal
TOI-4773 b,TOI-4773,Transit,2025,1.7452851,15.22179579,1.358,1687.66884117,5.31,2255.0,492.888,6740.0,1.452,1.55,0,Cluster 0,1.52571688039924,-1,True,Potential Outlier
BD+42 2315 b,BD+42 2315,Radial Velocity,2023,123.05,14.2,1.26,174.80562385,0.55,1247.58,610.715,4500.0,1.38,17.85,3,Cluster 3,1.4939229012952358,1,False,Normal
Ross 176 b,Ross 176,Transit,2025,5.0066338,1.84,0.16415409,4.57,0.01437883,682.0,46.4488,4041.0,0.577,0.569,1,Cluster 1,1.0327550882540641,1,False,Normal
K2-62 c,K2-62,Transit,2016,16.19697,1.99,0.17753621,4.62,0.0145,495.0,112.467,4455.0,0.67,0.696,1,Cluster 1,0.9608607267249051,1,False,Normal
K2-61 b,K2-61,Transit,2016,2.57336,1.92,0.17129122,4.35,0.0137,1325.0,405.732,5748.0,0.97,0.995,1,Cluster 1,0.9965646361328953,1,False,Normal
TOI-6420 b,TOI-6420,Transit,2025,6.961508,11.93756445,1.065,2606.1929374,8.2,1213.0,634.712,6020.0,1.165,1.312,0,Cluster 0,1.1495213405651514,1,False,Normal
TOI-5350 b,TOI-5350,Transit,2025,7.581367,12.41955062,1.108,2094.48920213,6.59,1195.0,277.419,6220.0,1.167,1.263,0,Cluster 0,1.1695427442197595,1,False,Normal
TOI-5817 b,TOI-5817,Transit,2025,15.61031,3.08,0.27477967,10.3,0.03240742,950.0,80.7542,5770.0,0.97,1.427,1,Cluster 1,1.2749746939951283,1,False,Normal
K2-73 b,K2-73,Transit,2016,7.49556,2.58,0.23017258,9.2,0.02894644,968.0,269.183,5867.0,1.02,1.058,1,Cluster 1,1.1410823382597735,1,False,Normal
TOI-5799 b,TOI-5799,Transit,2024,4.164507,1.733,0.15460817,3.65,0.0115,505.0,27.8123,3452.0,0.325,0.321,1,Cluster 1,0.9933129106274032,1,False,Normal
TOI-1346 b,TOI-1346,Transit,2025,1.7622538,2.39,0.21322189,6.3,0.0198,1324.0,115.45,5099.0,0.82,0.78,1,Cluster 1,1.0636936551118246,1,False,Normal
TOI-1346 c,TOI-1346,Transit,2025,5.502558,2.23,0.19894762,5.6,0.0176,928.0,115.45,5099.0,0.82,0.78,1,Cluster 1,1.0083239567788977,1,False,Normal
K2-105 b,K2-105,Transit,2017,8.26726,3.4,0.30332821,15.4,0.04845382,805.0,197.989,5373.0,0.94,0.905,1,Cluster 1,1.1244926816196605,1,False,Normal
TOI-5799 c,TOI-5799,Transit,2025,14.010449,1.76,0.15701695,3.75,0.0118,337.0,27.8123,3452.0,0.325,0.321,1,Cluster 1,0.9736275871290717,1,False,Normal
TOI-6223 b,TOI-6223,Transit,2025,3.855219,5.07,0.45231588,22.6,0.0711,714.0,133.122,3895.0,0.582,0.576,1,Cluster 1,1.0918216584870761,1,False,Normal
KOI-351 g,KOI-351,Transit,2013,210.73514,7.718,0.68855503,15.0,0.04719528,342.0,848.254,6031.13,1.242,1.185,0,Cluster 0,1.1699136998183974,1,False,Normal
HD 63433 c,HD 63433,Transit,2020,20.5438281,2.692,0.24,15.539,0.04889116,678.92,22.4035,5553.0,0.956,0.934,1,Cluster 1,1.1630790735215422,1,False,Normal
HD 17156 b,HD 17156,Radial Velocity,2007,21.2164294,12.26262489,1.094,1036.12060682,3.26,888.0,78.0863,6046.0,1.285,1.517,0,Cluster 0,1.0920358596248612,1,False,Normal
TOI-6000 b,TOI-6000,Transit,2025,0.448959,0.94,0.08386133,0.779,0.00245,1120.0,75.7664,3419.0,0.37,0.38,1,Cluster 1,1.243323558438913,1,False,Normal
K2-189 c,K2-189,Transit,2018,6.67932,2.31,0.20608475,5.95,0.0187,877.0,242.113,5442.0,0.85,0.879,1,Cluster 1,1.0047127165080532,1,False,Normal
KMT-2024-BLG-0404L b,KMT-2024-BLG-0404L,Microlensing,2025,,11.9,1.06,8657.64580668,27.24,,7210.0,,0.09,,0,Cluster 0,1.1061148671023155,1,False,Normal
KMT-2024-BLG-1281L b,KMT-2024-BLG-1281L,Microlensing,2025,,4.59,0.409,19.06970442,0.06,,7180.0,,0.32,,5,Cluster 5,1.0049064807257673,1,False,Normal
GJ 317 b,GJ 317,Radial Velocity,2007,695.69,13.3,1.18,794.5,2.5,100.32,15.1968,3496.0,0.402,0.403,4,Cluster 4,1.0592181515887302,1,False,Normal
TOI-6303 b,TOI-6303,Transit,2025,9.485236,11.59,1.034,2493.0,7.84,541.0,152.219,3977.0,0.644,0.609,0,Cluster 0,1.3415326732942479,1,False,Normal
LHS 1903 d,LHS 1903,Transit,2026,12.566287,2.5,0.22303545,5.96,0.01875226,442.0,35.6917,3664.0,0.538,0.539,1,Cluster 1,1.0150756583810239,1,False,Normal
LHS 1903 e,LHS 1903,Transit,2026,29.31773,1.732,0.15451896,5.79,0.01821738,333.0,35.6917,3664.0,0.538,0.539,1,Cluster 1,1.052320153817393,1,False,Normal
WASP-120 b,WASP-120,Transit,2016,3.61126721,15.58048317,1.39,1541.4755,4.85,1749.0,381.174,6450.0,1.393,1.68443,0,Cluster 0,1.2874932523051832,1,False,Normal
WASP-140 b,WASP-140,Transit,2016,2.23598448,14.23540549,1.27,775.5052,2.44,1270.0,117.598,5300.0,0.9,0.87,0,Cluster 0,1.308365828670469,1,False,Normal
HD 85426 c,TOI-1774,Radial Velocity,2026,35.73,3.19,0.285,10.3,0.03240742,640.0,53.974,5746.0,0.991,1.1303,1,Cluster 1,1.0187018699888672,1,False,Normal
TOI-1774.01,TOI-1774,Transit,2021,16.70988,2.78,0.24801541,8.5,0.02674399,824.0,53.974,5746.0,0.991,1.1303,1,Cluster 1,1.03075577140809,1,False,Normal
HD 176986 b,HD 176986,Radial Velocity,2017,6.49164,,,1487.75477317,4.681,767.0,27.7843,4931.0,0.789,0.782,6,Cluster 6,1.2473881865533634,1,False,Normal
KOINTREAU-3 b,ISO-Oph 96,Imaging,2026,,13.1,1.17,1080.6165838,3.4,8.74,140.563,3920.0,0.41,0.730795,4,Cluster 4,1.7205011989852044,-1,True,Potential Outlier
PDS 70 b,PDS 70,Imaging,2018,43500.0,21.96960217,1.96,1017.0509024,3.2,1392.0,113.064,4109.0,0.982,1.26,0,Cluster 0,2.0312556773998747,-1,True,Potential Outlier
HD 176986 d,HD 176986,Radial Velocity,2026,61.376,2.49,0.222,6.76,0.02126934,363.0,27.7843,4931.0,0.789,0.782,1,Cluster 1,0.9740749241685345,1,False,Normal
TOI-6692 b,TOI-6692,Transit,2026,131.125,11.67975789,1.042,197.05361234,0.62,467.0,312.903,5890.0,1.047,1.385,0,Cluster 0,1.0796239086709807,1,False,Normal
TOI-4342 b,TOI-4342,Transit,2023,5.5382592,2.329,0.20777982,7.3,0.02296837,639.0,61.5204,3866.0,0.587,0.598,1,Cluster 1,1.0647059580558185,1,False,Normal
PDS 70 c,PDS 70,Imaging,2019,,22.19378179,1.98,2383.7130525,7.5,1054.0,113.064,4109.0,0.982,1.26,0,Cluster 0,2.241316972903515,-1,True,Potential Outlier
V2376 Ori b,V2376 Ori,Imaging,2025,,87.20586985,7.78,6356.56814,20.0,2100.0,,,0.45,,0,Cluster 0,5.244616167677753,-1,True,Potential Outlier
TOI-5489 b,TOI-5489,Transit,2025,3.15222,1.4,0.12489985,2.54,0.008,624.0,45.0907,3547.0,0.41,0.42,1,Cluster 1,1.0181267058557932,1,False,Normal
HD 208487 b,HD 208487,Radial Velocity,2004,129.36,14.3,1.27,146.20106722,0.46,437.59,45.147,6134.0,1.15,1.16,0,Cluster 0,1.0582245777102224,1,False,Normal
HD 181433 b,HD 181433,Radial Velocity,2008,9.3745,,,1708.64551603,5.376,732.52,26.8762,4918.0,0.86,0.79,6,Cluster 6,1.1364719490094257,1,False,Normal
TOI-1135 b,TOI-1135,Transit,2024,8.0277327,9.91994792,0.885,58.79825529,0.185,1171.0,114.048,6320.0,1.119,1.202,0,Cluster 0,1.0763998823261893,1,False,Normal
TOI-5716 b,TOI-5716,Transit,2025,6.7663,0.96,0.08564561,0.84,0.00264,400.0,39.4122,3436.0,0.19,0.22,1,Cluster 1,0.9915478035053621,1,False,Normal
HD 181433 d,HD 181433,Radial Velocity,2008,6896.1,13.2,1.18,858.1366989,2.7,81.19,26.8762,4918.0,0.86,0.79,0,Cluster 0,1.2389948571728875,1,False,Normal
HD 181433 c,HD 181433,Radial Velocity,2008,1018.5,,,2207.00045821,6.944,153.53,26.8762,4918.0,0.86,0.79,6,Cluster 6,1.1524704225747349,1,False,Normal
DMPP-1 b,DMPP-1,Radial Velocity,2019,17.812,4.26,0.38,16.8,0.05285871,877.0,62.5388,6196.0,1.21,1.26,1,Cluster 1,1.1538642748992662,1,False,Normal
TOI-4940 b,TOI-4940,Transit,2025,25.867811,6.61,0.58970572,89.0,0.28002532,643.0,345.659,5504.0,1.012,1.163,1,Cluster 1,1.0765198509010259,1,False,Normal
TOI-5734 b,TOI-5734,Transit,2026,6.1841876,2.1,0.18734977,9.1,0.0286318,688.0,32.5102,4750.0,0.724,0.639,1,Cluster 1,1.0763711066023953,1,False,Normal
GJ 480 b,GJ 480,Radial Velocity,2020,9.5536,2.91,0.26,8.8,0.0276879,406.0,14.2358,3509.0,0.45,0.449,1,Cluster 1,1.0252953471983413,1,False,Normal
DMPP-1 d,DMPP-1,Radial Velocity,2019,3.1417,2.02,0.18,4.72,0.01485078,1632.0,62.5388,6196.0,1.21,1.26,1,Cluster 1,1.026991531981674,1,False,Normal
DMPP-2 b,DMPP-2,Radial Velocity,2019,5.203,14.2,1.27,171.48,0.53953642,1000.0,137.94,6500.0,1.41,1.78,0,Cluster 0,1.171445959238399,1,False,Normal
K2-19 d,K2-19,Transit,2016,2.50827,1.044,0.0931396,6.2,0.01950738,1258.0,289.827,5350.0,0.892,0.824,2,Cluster 2,2.3822053660068976,-1,True,Potential Outlier
NGTS-35 b,NGTS-35,Transit,2025,25.241192,10.9,0.97243454,152.0,0.47824548,451.0,183.078,4717.0,0.789,0.753,0,Cluster 0,1.0856307675204553,1,False,Normal
TOI-2267 c,TOI-2267 A,Transit,2025,3.4950412,1.14,0.10170416,1.55,0.00489,374.0,22.55,3030.0,0.171,0.2075,1,Cluster 1,0.9711903433243192,1,False,Normal
TOI-2267 b,TOI-2267 A,Transit,2025,2.28909,1.0,0.08921418,0.972,0.00306,424.0,22.55,3030.0,0.171,0.2075,1,Cluster 1,0.9801349409936295,1,False,Normal
HD 39194 c,HD 39194,Radial Velocity,2021,14.0309,2.65,0.236,7.49,0.02356618,675.19,26.4131,5205.0,0.86,0.783742,1,Cluster 1,0.9757370567379242,1,False,Normal
DMPP-3 A b,DMPP-3 A,Radial Velocity,2019,5.59,1.44,0.129,2.67,0.00840076,854.0,46.8917,5138.0,0.9,0.91,1,Cluster 1,1.1354678684880066,1,False,Normal
TOI-5007 b,TOI-5007,Transit,2026,2.543371,11.07447293,0.988,211.03806225,0.664,774.0,203.352,3793.0,0.632,0.656,0,Cluster 0,0.9551282497175556,1,False,Normal
TOI-7166 b,TOI-7166,Transit,2025,12.92063621,2.01,0.1793205,4.7,0.0148,249.0,35.4153,3099.0,0.19,0.222,1,Cluster 1,1.0467314567449781,1,False,Normal
TOI-375 b,TOI-375,Transit,2026,9.45469,10.77183045,0.961,236.78216321,0.745,1373.0,396.213,5259.9,1.441,2.9,0,Cluster 0,1.3629671996697703,1,False,Normal
TOI-5422 b,TOI-5422,Transit,2026,5.377219,9.10169233,0.812,8899.195396,28.0,1369.0,346.141,5820.0,1.066,1.474,0,Cluster 0,1.1628151607097954,1,False,Normal
HD 28185 b,HD 28185,Radial Velocity,2001,385.92,12.8,1.14,1859.29618095,5.85,271.95,39.3809,5602.0,0.974,1.048,0,Cluster 0,1.0255426868127193,1,False,Normal
XO-3 b,XO-3,Transit,2007,3.19152309,14.79585452,1.32,4217.58296089,13.27,1890.0,213.053,6970.0,1.449,1.523,0,Cluster 0,1.197828352064109,1,False,Normal
DMPP-6 c,DMPP-6,Radial Velocity,2026,36.441,3.74,0.334,13.47,0.04238136,715.27,54.6303,6182.09,1.079,1.27,1,Cluster 1,1.135847616011779,1,False,Normal
TOI-7510 b,TOI-7510,Transit,2025,11.530869,7.31,0.652,18.1,0.0571,878.0,249.006,5720.0,1.063,1.035,1,Cluster 1,1.0420930119011216,1,False,Normal
TOI-5788 c,TOI-5788,Transit,2026,16.213362,2.272,0.20269461,6.4,0.02013665,667.0,97.614,5615.0,0.87,0.87,1,Cluster 1,1.1718412028715761,1,False,Normal
TOI-5788 b,TOI-5788,Transit,2026,6.340758,1.528,0.13631926,3.72,0.01170443,910.0,97.614,5615.0,0.87,0.87,1,Cluster 1,1.2092729775650102,1,False,Normal
DMPP-9 b,DMPP-9,Radial Velocity,2026,12.733,3.89,0.347,14.43,0.04540186,995.58,109.539,6092.0,1.1,1.26,1,Cluster 1,1.115939034993455,1,False,Normal
HD 72659 c,HD 72659,Radial Velocity,2022,35500.0,12.1,1.08,6165.8710958,19.4,71.91,51.8949,5929.0,1.033,1.36,0,Cluster 0,1.0312757981612937,1,False,Normal
KMT-2020-BLG-0202L b,KMT-2020-BLG-0202L,Microlensing,2026,,12.4,1.1,3902.93283796,12.28,,3840.0,,0.81,,0,Cluster 0,1.2037843020501593,1,False,Normal
KMT-2022-BLG-1551L b,KMT-2022-BLG-1551L,Microlensing,2026,,13.2,1.17,940.77208472,2.96,,6900.0,,0.54,,0,Cluster 0,0.994203118600001,1,False,Normal
HD 95338 b,HD 95338,Radial Velocity,2020,55.082694,4.27174254,0.3811,42.9,0.135,443.0,36.9941,5097.0,0.848,0.868,1,Cluster 1,1.1355103411146856,1,False,Normal
KMT-2022-BLG-1818L b,KMT-2022-BLG-1818L,Microlensing,2026,,13.0,1.16,1271.313628,4.0,,5300.0,,0.79,,0,Cluster 0,1.0523564716814138,1,False,Normal
TOI-1243 b,TOI-1243,Transit,2026,4.6594779,2.33,0.20786903,7.7,0.02422691,450.0,43.1865,3515.0,0.515,0.511,1,Cluster 1,1.0678447192464353,1,False,Normal
TOI-5938 b,TOI-5938,Transit,2026,2.260424,3.82,0.34079816,14.0,0.044,1077.0,114.035,4650.0,0.744,0.712,1,Cluster 1,1.2675284739166,1,False,Normal
TOI-7009 b,TOI-7009,Transit,2026,2.3206612,3.71,0.3309846,13.3,0.0418,872.0,184.12,4080.0,0.583,0.564,1,Cluster 1,1.3240228085085461,1,False,Normal
KMT-2025-BLG-0121L b,KMT-2025-BLG-0121L,Microlensing,2026,,12.6,1.13,2469.52672239,7.77,,6200.0,,0.61,,0,Cluster 0,1.2385831822544924,1,False,Normal
HD 28109 b,HD 28109,Transit,2022,22.891054,2.69,0.23998614,6.2,0.01950738,867.0,139.611,6189.0,1.227,1.425,1,Cluster 1,1.1004894064273103,1,False,Normal
TOI-5388.01,TOI-5388,Transit,2024,2.5946748,0.99,0.08832204,2.2,0.00692197,488.0,18.5226,3440.0,0.292,0.3,1,Cluster 1,1.1081829336887261,1,False,Normal
KMT-2024-BLG-2087L b,KMT-2024-BLG-2087L,Microlensing,2026,,12.9,1.15,1395.26670673,4.39,,7190.0,,0.48,,0,Cluster 0,1.0576885254812358,1,False,Normal
HD 100508 b,HD 100508,Radial Velocity,2026,5681.0,13.7,1.22,381.3940884,1.2,106.66,32.7548,5419.0,0.94,1.0179,0,Cluster 0,1.0539156436002444,1,False,Normal
HD 114386 c,HD 114386,Radial Velocity,2026,444.0,13.4,1.2,117.59651059,0.37,200.82,27.9243,4895.0,0.8,0.76,0,Cluster 0,1.007470641637763,1,False,Normal
HD 28109 d,HD 28109,Transit,2022,84.2899,3.11,0.27745609,5.8,0.01824884,561.0,139.611,6189.0,1.227,1.425,1,Cluster 1,1.119568709447409,1,False,Normal
KMT-2020-BLG-0414L b,KMT-2020-BLG-0414L,Microlensing,2021,,1.2,0.107,1.87,0.00588368,,1220.0,,0.49,,5,Cluster 5,1.055140637405192,1,False,Normal
TOI-6716 b,TOI-6716,Transit,2026,4.7185898,0.982,0.0876,0.911,0.00287,369.0,18.8873,3110.0,0.223,0.231,1,Cluster 1,0.9605987741600375,1,False,Normal
HD 154345 b,HD 154345,Radial Velocity,2006,3280.0,13.7,1.22,376.9444907,1.186,119.21,18.284,5468.0,0.89,0.85,0,Cluster 0,1.0405550701041706,1,False,Normal
HD 217107 b,HD 217107,Radial Velocity,1998,7.1270166,13.6,1.21,459.57987652,1.446,1105.84,20.0619,5622.0,1.045,1.2245,0,Cluster 0,1.114030837515037,1,False,Normal
TOI-1472 b,TOI-1472,Transit,2024,6.36338574,4.058,0.362,18.05,0.057,891.0,121.84,5100.0,0.87,0.84,1,Cluster 1,1.1863993105640371,1,False,Normal
TOI-1648 b,TOI-1648,Transit,2025,7.331602,2.54,0.227,7.4,0.0233,799.0,69.835,4850.0,0.83,0.81,1,Cluster 1,1.1543902085704072,1,False,Normal
HD 164604 b,HD 164604,Radial Velocity,2009,653.9,12.3,1.1,4195.3349724,13.2,170.16,39.3633,4663.0,0.77,0.78,0,Cluster 0,1.1963053710462694,1,False,Normal
HD 164604 c,HD 164604,Radial Velocity,2026,5387.0,12.5,1.12,3019.3698665,9.5,84.25,39.3633,4663.0,0.77,0.78,0,Cluster 0,1.1185495934549976,1,False,Normal
HIP 54515 b,HIP 54515,Imaging,2026,33000.0,12.2,1.08,5625.5628039,17.7,100.72,82.8101,8100.0,1.9,1.64915,0,Cluster 0,1.805099682476413,-1,True,Potential Outlier
TOI-1518 b,TOI-1518,Transit,2021,1.90261131,21.05046575,1.878,581.62598481,1.83,2546.0,225.888,7299.0,1.88,1.942,0,Cluster 0,1.4365867890712467,1,False,Normal
GJ 4274 b,GJ 4274,Radial Velocity,2026,1.6339,1.53,0.137,2.97,0.00934467,548.53,7.23556,3228.0,0.18,0.19,1,Cluster 1,1.0691219477615803,1,False,Normal
LHS 1903 b,LHS 1903,Transit,2026,2.1555098,1.382,0.12329399,3.28,0.01032003,796.0,35.6917,3664.0,0.538,0.539,1,Cluster 1,1.0094578202328899,1,False,Normal
LHS 1903 c,LHS 1903,Transit,2026,6.226185,2.046,0.18253221,4.55,0.0143159,559.0,35.6917,3664.0,0.538,0.539,1,Cluster 1,1.0287283447342446,1,False,Normal
TOI-1080 b,TOI-1080,Transit,2026,3.9652482,1.2,0.10705701,10.7,0.03366596,368.0,25.559,3065.0,0.1667,0.2019,1,Cluster 1,0.9987453440590262,1,False,Normal
TOI-2145 b,TOI-2145,Transit,2023,10.261128,12.24020692,1.092,1805.26535176,5.68,1484.0,224.731,6206.0,1.71,2.75,0,Cluster 0,1.526107184213887,-1,True,Potential Outlier
TIC 231949697 b,TIC 231949697,Transit,2026,0.90720448719,1.52831855,0.13634768,2.95,0.00928,982.91,50.2408,3451.32,0.490679,0.492584,1,Cluster 1,1.1108263500007154,1,False,Normal
CWISEP J193518.59-154620.3 b,CWISEP J193518.59-154620.3,Imaging,2025,,12.2,1.09,4926.3403085,15.5,390.0,14.43,,0.024,,0,Cluster 0,1.135620796894232,1,False,Normal
HD 202772 A b,HD 202772 A,Transit,2019,3.3088775,18.2370116,1.627,323.54931833,1.018,2181.0,161.498,6442.0,1.721,2.554,0,Cluster 0,1.1308743736919895,1,False,Normal
TOI-4588 b,TOI-4588,Transit,2026,13.11881173651,2.92922558,0.26132845,8.9,0.028,1768.0,225.181,7746.12,2.018,1.57458,1,Cluster 1,2.300030610207443,-1,True,Potential Outlier
TOI-4513 b,TOI-4513,Transit,2026,9.76042253684,2.34587608,0.20928541,6.11,0.0192,653.0,102.609,5623.93,0.979,0.796628,1,Cluster 1,0.996124608138785,1,False,Normal
TIC 24750448 b,TIC 24750448,Transit,2026,3.59159193029,2.43722231,0.21743479,6.51,0.0205,,178.146,4545.43,0.69,0.713599,1,Cluster 1,0.996982679952884,1,False,Normal
TOI-4127 b,TOI-4127,Transit,2023,56.3987,12.07,1.08,743.71847238,2.34,556.0,319.632,6096.0,1.23,1.293,0,Cluster 0,1.2159980846061833,1,False,Normal
TOI-697 b,TOI-697,Transit,2026,8.60788713593,2.35859364,0.21041999,6.16,0.0194,839.8,93.7714,5681.95,0.97,0.968149,1,Cluster 1,0.978392079356642,1,False,Normal
TOI-4561 b,TOI-4561,Transit,2026,8.93547936706,1.77789214,0.15861319,3.81,0.012,789.81,179.008,5537.93,1.0,0.851957,1,Cluster 1,1.1101887726378228,1,False,Normal
TIC 24750448 c,TIC 24750448,Transit,2026,10.14385270726,3.09028272,0.27569703,9.75,0.0307,,178.146,4545.43,0.69,0.713599,1,Cluster 1,1.0501194289270686,1,False,Normal
GJ 1137 c,HD 93083,Radial Velocity,2026,9.6412,2.11,0.189,5.12,0.01610932,768.51,28.5159,5033.8,0.836,0.837,1,Cluster 1,0.977840365375798,1,False,Normal
TIC 87422071 b,TIC 87422071,Transit,2026,11.364929,10.8615023,0.969,409.99864503,1.29,1110.0,384.758,6150.0,1.239,1.489,0,Cluster 0,1.0764423816002335,1,False,Normal
TOI-883 b,TOI-883,Transit,2026,10.05771848538,7.17166228,0.63981396,40.7,0.128,861.0,102.637,5713.15,1.003,1.01477,1,Cluster 1,1.0367403592344169,1,False,Normal
TOI-4640 b,TOI-4640,Transit,2026,2.68566015238,2.84326517,0.25365957,8.46,0.0266,1378.86,245.089,5743.01,1.1,1.06715,1,Cluster 1,1.1164682748412926,1,False,Normal
TIC 38828280 b,TIC 38828280,Transit,2026,4.85558984762,2.62701629,0.2343671,7.4,0.0233,,286.415,5046.63,0.84,0.741147,1,Cluster 1,1.0067243795593972,1,False,Normal
TIC 147027702 b,TIC 147027702,Transit,2026,44.40523,10.92875618,0.975,346.43296363,1.09,863.0,457.186,6410.0,1.406,2.136,0,Cluster 0,1.1274272113194181,1,False,Normal
TIC 245076932 b,TIC 245076932,Transit,2026,21.61389,10.87271128,0.97,162.09248757,0.51,845.0,303.96,6130.0,1.117,1.288,0,Cluster 0,1.0134185207432265,1,False,Normal
TOI-921 b,TOI-921,Transit,2026,5.12871907628,3.53409617,0.31529149,12.2,0.0385,951.0,294.015,6011.66,1.13,1.14165,1,Cluster 1,1.0675562268075924,1,False,Normal
TOI-4930 b,TOI-4930,Transit,2026,6.78130241498,6.93277225,0.61850158,38.4,0.121,1169.0,413.757,5624.72,1.04,1.15926,1,Cluster 1,1.0725686282127462,1,False,Normal
TIC 62895484 b,TIC 62895484,Transit,2026,2.83985434327,3.49391667,0.3117069,12.0,0.0378,,294.857,5520.79,0.98,0.874291,1,Cluster 1,1.0929230516591133,1,False,Normal
TOI-941 b,TOI-941,Transit,2026,8.51460888787,6.51165317,0.58093179,34.6,0.109,982.42,263.386,5745.88,1.078,1.1849,1,Cluster 1,1.0450279876114648,1,False,Normal
TOI-5159 b,TOI-5159,Transit,2026,5.83639428843,1.54732112,0.13804298,3.01,0.00948,866.29,55.1788,5156.16,0.9,0.854084,1,Cluster 1,1.0982025712124788,1,False,Normal
TIC 86380416 b,TIC 86380416,Transit,2026,6.0408643461,2.4123612,0.21521682,6.4,0.0201,,244.68,5723.74,1.07,0.989724,1,Cluster 1,1.0154128790956596,1,False,Normal
K2-19 b,K2-19,Transit,2015,7.9193,7.0,0.62449925,30.8,0.09690764,857.0,289.827,5322.0,0.88,0.82,1,Cluster 1,1.0300540388046688,1,False,Normal
TOI-5335 b,TOI-5335,Transit,2026,3.61365988443,4.02422162,0.35901762,15.3,0.048,1048.0,331.289,5528.92,0.945,0.916633,1,Cluster 1,1.1625435424062731,1,False,Normal
TIC 88692598 b,TIC 88692598,Transit,2026,2.64909436758,1.81295951,0.16174169,3.94,0.0124,,73.5258,3483.17,0.529218,0.532473,1,Cluster 1,0.9915944251542829,1,False,Normal
TOI-1752 b,TOI-1752,Transit,2026,0.9351861,1.693,0.1510396,3.51,0.011,1036.0,103.021,3762.0,0.524,0.53,1,Cluster 1,1.075909239442498,1,False,Normal
TOI-1269 c,TOI-1269,Transit,2026,9.23786144195,2.22999162,0.19894687,5.6,0.0176,757.0,172.138,5554.02,0.9027,0.848906,1,Cluster 1,0.9745758438647343,1,False,Normal
TOI-5486 b,TOI-5486,Transit,2026,2.02470073205,3.96824928,0.3540241,14.9,0.0469,752.0,89.6811,3750.17,0.548138,0.553216,1,Cluster 1,1.1219726549711315,1,False,Normal
TIC 139702105 b,TIC 139702105,Transit,2026,6.83601903383,2.45316949,0.2188575,6.59,0.0207,,91.7884,5742.35,0.9,1.25423,1,Cluster 1,1.0463408681442306,1,False,Normal
TOI-5624 c,TOI-5624,Transit,2026,7.885385,2.474,0.22071588,4.8,0.01510249,857.0,101.913,5327.0,0.858,0.82,1,Cluster 1,1.051285958813059,1,False,Normal
TOI-1718 b,TOI-1718,Transit,2026,5.58703768615,4.10824994,0.36651414,15.8,0.0497,948.0,52.3044,5304.91,0.93,0.939285,1,Cluster 1,1.1904311065228024,1,False,Normal
TOI-5532 b,TOI-5532,Transit,2026,5.6539659431,2.52763693,0.22550105,6.93,0.0218,617.33,90.9985,4208.45,0.636083,0.662052,1,Cluster 1,0.9947174831971685,1,False,Normal
TIC 161045582 b,TIC 161045582,Transit,2026,8.85577189959,2.24566738,0.20034537,5.67,0.0178,,162.246,5683.87,1.04,1.07976,1,Cluster 1,0.9727676442884186,1,False,Normal
TOI-1232 c,TOI-1232,Transit Timing Variations,2026,30.356,8.88,0.792,58.48042689,0.184,660.05,328.604,5823.0,1.058,1.072,0,Cluster 0,0.9998535216097192,1,False,Normal
TOI-1732 b,TOI-1732,Transit,2026,4.11923678339,2.49549787,0.22263379,6.78,0.0213,657.79,74.7599,4201.93,0.613891,0.632571,1,Cluster 1,1.016563241261994,1,False,Normal
TOI-5605 b,TOI-5605,Transit,2026,5.91340454843,2.52611303,0.2253651,6.92,0.0218,669.0,95.0735,4583.79,0.68,0.736044,1,Cluster 1,1.0041091285421655,1,False,Normal
TOI-1756 b,TOI-1756,Transit,2026,2.78301736297,1.94225664,0.17327683,4.43,0.0139,696.39,86.7159,3891.86,0.556454,0.562607,1,Cluster 1,0.9975834572042522,1,False,Normal
TOI-5630 b,TOI-5630,Transit,2026,3.22118452536,2.37117553,0.21154248,6.22,0.0196,1541.0,134.047,5385.64,0.934,0.933361,1,Cluster 1,1.1083276288441097,1,False,Normal
TIC 206466666 b,TIC 206466666,Transit,2026,9.10486865159,2.14817673,0.19164782,5.26,0.0165,,127.837,4620.3,0.76,0.667193,1,Cluster 1,0.9835540528286042,1,False,Normal
TOI-198 b,TOI-198,Transit,2023,10.215213,1.36,0.12133128,3.17,0.00997394,456.0,23.7262,3801.0,0.417,0.418,1,Cluster 1,1.1527943596229069,1,False,Normal
KMT-2024-BLG-2005L b,KMT-2024-BLG-2005L,Microlensing,2026,,8.18,0.729,50.85254512,0.16,,7720.0,,0.12,,5,Cluster 5,1.1393643664592905,1,False,Normal
TOI-1839 b,TOI-1839,Transit,2026,1.42378440907,2.21895097,0.19796189,5.56,0.0175,1405.35,116.086,5315.91,0.934,0.848099,1,Cluster 1,1.07676792331332,1,False,Normal
TOI-5926 b,TOI-5926,Transit,2026,3.81122794237,7.56807148,0.67517928,44.6,0.14,987.0,275.103,5388.92,0.946,0.890046,0,Cluster 0,1.017637343578127,1,False,Normal
TIC 290487717 b,TIC 290487717,Transit,2026,3.400818229,6.63777941,0.59218403,35.7,0.112,,395.574,5328.97,0.92,0.943767,1,Cluster 1,1.0793886037175544,1,False,Normal
TOI-672 b,TOI-672,Transit,2023,3.633581,5.31,0.47372729,50.9,0.16014931,699.5,66.9071,3810.0,0.54,0.54,1,Cluster 1,1.1078491332781262,1,False,Normal
TOI-2071 b,TOI-2071,Transit,2026,5.67395386982,2.56484195,0.22882027,7.1,0.0224,1029.33,231.311,5755.41,1.063,1.00286,1,Cluster 1,1.0308954369671723,1,False,Normal
TOI-4156 c,TOI-4156,Transit,2026,12.82282706375,2.92303762,0.2607764,8.87,0.0279,809.32,213.719,5971.64,1.1,1.03963,1,Cluster 1,1.0442020224848174,1,False,Normal
TIC 356227008 b,TIC 356227008,Transit,2026,2.96147448702,2.39024009,0.21324331,6.3,0.0198,,387.609,5731.86,1.02,0.959792,1,Cluster 1,0.975223021363173,1,False,Normal
TOI-2518 b,TOI-2518,Transit,2026,6.89797425216,2.26838675,0.20237226,5.77,0.0181,1095.0,160.825,5751.2,1.11,0.993374,1,Cluster 1,1.103324251243394,1,False,Normal
TOI-6393 b,TOI-6393,Transit,2026,9.53176110329,2.75958542,0.24619414,8.04,0.0253,696.0,186.229,5008.2,0.835,0.766023,1,Cluster 1,1.0522774248096176,1,False,Normal
EPIC 220674823 b,EPIC 220674823,Transit,2016,0.57130782,1.606,0.14327797,7.54,0.02372349,2324.0,244.59,5578.0,0.913,0.99,1,Cluster 1,1.1131636279954322,1,False,Normal
EPIC 220674823 c,EPIC 220674823,Transit,2016,13.340603,2.712,0.24194885,7.9,0.02485618,838.0,244.59,5578.0,0.913,0.99,1,Cluster 1,1.1389399766489223,1,False,Normal
TOI-2654 b,TOI-2654,Transit,2026,2.96760425926,7.94454164,0.70876575,48.4,0.152,819.0,248.964,4594.08,0.69,0.756095,0,Cluster 0,1.0411844341351162,1,False,Normal
TOI-6699 b,TOI-6699,Transit,2026,5.32005926761,2.32645266,0.20755256,6.02,0.0189,976.0,85.8463,4705.1,0.75,0.75309,1,Cluster 1,1.090102790962216,1,False,Normal
TOI-1839 c,TOI-1839,Transit,2026,4.02393854207,2.40867246,0.21488773,6.39,0.0201,,116.086,5315.91,0.934,0.848099,1,Cluster 1,1.0054892288764423,1,False,Normal
K2-111 c,K2-111,Radial Velocity,2020,15.6748,3.34,0.298,11.1,0.03492451,923.0,200.394,5775.0,0.84,1.25,1,Cluster 1,1.293073576791316,1,False,Normal
TOI-4156 b,TOI-4156,Transit,2026,4.46189034133,2.53823825,0.22644684,6.98,0.022,1289.0,213.719,5971.64,1.1,1.03963,1,Cluster 1,1.048831375837247,1,False,Normal
TOI-7333 b,TOI-7333,Transit,2026,6.26449803661,2.09469416,0.18687642,5.04,0.0159,755.0,157.217,4586.87,0.721,0.666066,1,Cluster 1,0.9643494238224151,1,False,Normal
rho CrB e,rho CrB,Radial Velocity,2023,12.904,1.75,0.156,3.71,0.01167297,1004.88,17.4671,5817.0,1.0,1.3617,1,Cluster 1,1.0020072677990572,1,False,Normal
MOA-2007-BLG-192L b,MOA-2007-BLG-192L,Microlensing,2008,,3.58,0.319,12.49,0.03929793,,2160.0,,0.28,,5,Cluster 5,0.9669856274204053,1,False,Normal
K2-79 b,K2-79,Transit,2016,10.995039,4.15,0.37023884,5.9,0.01856348,1033.0,256.011,5897.0,1.06,1.269,1,Cluster 1,1.1441818460989723,1,False,Normal
K2-111 b,K2-111,Transit,2017,5.3518963,1.837,0.16388645,5.35,0.01683298,1293.0,200.394,5775.0,0.84,1.25,1,Cluster 1,1.3256751300233316,1,False,Normal
TOI-4363 b,TOI-4363,Transit,2026,2.11867592279,1.76689273,0.15763188,3.77,0.0119,884.71,77.7751,4278.45,0.62,0.69132,1,Cluster 1,1.036370850892733,1,False,Normal
HD 5388 b,HD 5388,Radial Velocity,2010,772.5,13.1,1.17,1017.0509024,3.2,316.59,53.0661,6297.0,1.21,1.91,0,Cluster 0,1.0963170479461006,1,False,Normal
Kepler-79 b,Kepler-79,Transit,2012,13.48451,3.51,0.31314176,7.6,0.02391227,929.0,1020.72,6389.0,1.244,1.316,1,Cluster 1,1.1014767620249382,1,False,Normal
Kepler-79 c,Kepler-79,Transit,2012,27.4026,3.76,0.33544531,4.6,0.01447322,734.0,1020.72,6389.0,1.244,1.316,1,Cluster 1,1.1916856962760267,1,False,Normal
eps Ind A b,eps Ind A,Radial Velocity,2019,25450.0,12.7,1.13,2065.8846455,6.5,275.0,3.63857,4700.0,0.8,0.713,0,Cluster 0,1.1681174363752538,1,False,Normal
HD 16760 b,HD 16760,Radial Velocity,2009,466.08,12.1,1.08,6833.3107505,21.5,226.14,50.17561,5518.0,0.93,0.835,0,Cluster 0,1.0143444054330384,1,False,Normal
TOI-3457 b,TOI-3457,Transit,2026,32.600268,10.64,0.949,797.74930157,2.51,824.2,370.666,6300.0,1.04,1.474,0,Cluster 0,1.2234194348009528,1,False,Normal
TOI-6884 b,TOI-6884,Transit,2026,4.808264,10.39072511,0.927,8365.24367224,26.32,1652.0,562.376,6330.0,1.41,1.84,0,Cluster 0,1.1177992965348555,1,False,Normal
TOI-4602.01,TOI-4602,Transit,2024,3.9812999,2.45,0.219,5.53,0.0174,1344.0,63.0637,5966.0,0.9,1.08,1,Cluster 1,1.2925991230675988,1,False,Normal
TOI-791 b,TOI-791,Transit,2026,139.29931,11.13051784,0.993,9.5,0.02989034,434.3,341.221,6294.0,1.28,1.474,0,Cluster 0,1.2553317934560764,1,False,Normal
eps Eri b,eps Eri,Radial Velocity,2000,2680.0,13.8,1.23,317.828407,1.0,112.26,3.2026,5020.38,0.82,0.759106,0,Cluster 0,1.006379873066211,1,False,Normal
TOI-791 c,TOI-791,Transit,2026,232.0157,12.94637271,1.155,18.6,0.05852214,362.8,341.221,6294.0,1.28,1.474,0,Cluster 0,1.0044572376907623,1,False,Normal
HD 190360 b,HD 190360,Radial Velocity,2003,2887.5,13.5,1.2,537.0,1.68959095,150.0,16.0069,5560.0,0.996,1.14,0,Cluster 0,1.0803118200413748,1,False,Normal
HD 190360 c,HD 190360,Radial Velocity,2005,17.11625,5.53,0.494,26.2,0.08243442,794.55,16.0069,5560.0,0.996,1.14,1,Cluster 1,1.0430777085369762,1,False,Normal
HD 190360 d,HD 190360,Radial Velocity,2026,88.69,3.48,0.31,11.9,0.03744159,459.21,16.0069,5560.0,0.996,1.14,1,Cluster 1,1.1794649701825215,1,False,Normal
TOI-3664 b,TOI-3664,Transit,2026,3.2974839,13.69737442,1.222,114.41822652,0.36,1232.0,464.748,5593.0,0.98,1.11,0,Cluster 0,0.9747749548144189,1,False,Normal
TOI-4034 b,TOI-4034,Transit,2026,1.8020932,17.71018951,1.58,276.51071409,0.87,1907.0,745.145,5891.0,1.19,1.83,0,Cluster 0,1.0263023384589567,1,False,Normal
HD 126105 b,HD 126105,Radial Velocity,2026,524.0,13.5,1.2,530.77343969,1.67,413.6,82.8811,4875.0,1.2,4.21,3,Cluster 3,1.0992265213476236,1,False,Normal
TIC 52059926 b,TIC 52059926,Transit,2026,175.532,10.71,0.955,5380.0,16.9,229.6,216.581,4505.0,0.73,0.72,0,Cluster 0,1.1219537510545632,1,False,Normal
TOI-4427 b,TOI-4427,Transit,2026,4.6182621,13.09208946,1.168,87.72064033,0.276,1040.0,198.251,5347.0,0.9,0.89,0,Cluster 0,1.0036251830022294,1,False,Normal
TOI-2049 b,TOI-2049,Transit,2026,5.303468,16.64533634,1.485,486.27746271,1.53,1869.0,571.487,6164.0,1.57,3.2,0,Cluster 0,1.1055898059793035,1,False,Normal
TOI-4458 b,TOI-4458,Transit,2026,3.9393792,12.40834163,1.107,552.06794296,1.737,1759.0,505.432,6151.0,1.47,1.96,0,Cluster 0,1.2082448226317744,1,False,Normal
TOI-159 b,TOI-159,Transit,2026,3.7628396,18.18,1.622,1110.0,3.49,1891.0,347.593,7287.0,1.661,1.62,0,Cluster 0,1.2167155966651833,1,False,Normal
COCONUTS-2 b,COCONUTS-2 A,Imaging,2021,402000000.0,12.57647635,1.122,2383.7130525,7.5,493.0,10.8864,3552.0,0.4,0.366,0,Cluster 0,18.869471981896957,-1,True,Potential Outlier
HD 30177 c,HD 30177,Radial Velocity,2016,11320.0,12.9,1.15,1484.25866069,4.67,87.87,55.5867,5680.0,0.98,1.019,0,Cluster 0,0.9984952125451013,1,False,Normal
TOI-1710 b,TOI-1710,Transit,2022,24.28336,5.06,0.45142374,19.1,0.06009532,602.99,81.2271,5775.0,1.02,0.93,1,Cluster 1,1.153108279240572,1,False,Normal
K2-370 b,K2-370,Transit,2022,2.1408093,2.67,0.23820186,11.1,0.03492451,1267.0,144.202,5662.0,0.962,0.945,1,Cluster 1,1.1292536460736724,1,False,Normal
HIP 8923 b,HIP 8923,Radial Velocity,2026,5160.0,12.5,1.11,3171.92750186,9.98,136.48,65.9957,5980.0,1.01,1.32164,0,Cluster 0,0.9748515872466577,1,False,Normal
TOI-201 c,TOI-201,Transit Timing Variations,2025,2890.0,10.4,0.92782745,4990.0,15.70029579,169.58,113.825,6423.0,1.32,1.31,0,Cluster 0,1.0663140006389666,1,False,Normal
KMT-2023-BLG-0332L b,KMT-2023-BLG-0332L,Microlensing,2026,,12.0,1.07,6992.224954,22.0,,6500.0,,0.54,,0,Cluster 0,1.0906009811532584,1,False,Normal
XO-2 S d,XO-2 S,Radial Velocity,2024,4696.0,13.0,1.16,1179.14338997,3.71,110.98,151.398,5325.0,0.98,1.02,0,Cluster 0,1.0561749128681384,1,False,Normal
TOI-237 c,TOI-237,Transit,2026,1.74486147,1.206,0.1075923,1.9,0.00598,515.0,38.0749,3226.0,0.1698,0.2056,1,Cluster 1,1.0483818866063843,1,False,Normal
bet Pic b,bet Pic,Imaging,2008,8682.0,18.49485,1.65,2765.1071409,8.7,1612.0,19.7442,8038.68,1.789,1.54416,0,Cluster 0,1.3439007711639814,1,False,Normal
bet Pic c,bet Pic,Radial Velocity,2019,1202.0,12.5,1.12,2765.1071409,8.7,1250.0,19.7442,8038.68,1.789,1.54416,0,Cluster 0,1.1812048900837748,1,False,Normal
bet Pic d,bet Pic,Imaging,2026,33200.0,14.12331568,1.26,762.7881768,2.4,600.0,19.7442,8038.68,1.789,1.54416,0,Cluster 0,1.946806163701784,-1,True,Potential Outlier
Kepler-484 b,Kepler-484,Transit,2016,10.045569313,2.28,0.20340798,5.82,0.0183,766.0,382.136,5668.0,0.96,0.87,1,Cluster 1,0.9693443532588102,1,False,Normal
Kepler-758 c,Kepler-758,Transit,2016,4.75793986,1.69,0.1507717,3.5,0.011,1372.0,1502.32,6228.0,1.16,1.42,1,Cluster 1,1.0316625488707198,1,False,Normal
TOI-4311 b,TOI-4311,Transit,2026,0.9902738,1.376,0.12275871,4.5,0.01415858,1664.0,134.988,5063.0,0.816,0.8441,1,Cluster 1,1.0190978361439504,1,False,Normal
TOI-2147 b,TOI-2147,Transit,2026,26.20518,10.5,0.93674887,116.0,0.36497682,820.0,282.108,5983.0,0.99,1.39,0,Cluster 0,1.0112909820110023,1,False,Normal
TOI-6019 b,TOI-6019,Transit,2026,14.547952,12.3,1.09733439,149.0,0.46880643,1095.0,260.342,5561.0,1.13,2.02,0,Cluster 0,1.1710715818699016,1,False,Normal
Kepler-929 b,Kepler-929,Transit,2016,0.921032135,1.11,0.09902757,1.41,0.00444,2362.0,1311.23,5869.0,1.01,1.02,1,Cluster 1,1.1186271840257516,1,False,Normal
Kepler-1767 b,Kepler-1767,Transit,2021,59.65829849,3.01299077,0.26880149,9.34,0.0294,393.0,820.506,5243.0,0.887,0.831,1,Cluster 1,1.0130147893680956,1,False,Normal
Kepler-223 e,Kepler-223,Transit,2014,19.72567,4.6,0.41038451,4.8,0.01510241,751.0,1859.71,5803.0,1.125,1.72,1,Cluster 1,1.1988814181263532,1,False,Normal
Kepler-1127 b,Kepler-1127,Transit,2016,5.12330347,1.96,0.17485949,4.5,0.0142,994.0,842.459,5664.0,0.97,0.95,1,Cluster 1,0.9891430746354928,1,False,Normal
Kepler-1793 b,Kepler-1793,Transit,2021,8.779999733,3.79037518,0.33815521,13.8,0.0434,713.0,1189.88,5191.0,0.85,0.764,1,Cluster 1,1.1545428644242892,1,False,Normal
HD 141937 b,HD 141937,Radial Velocity,2002,662.37,12.4,1.11,3591.4609991,11.3,231.49,33.3622,5870.0,1.09,1.03,0,Cluster 0,1.047232979762813,1,False,Normal
TOI-1272 b,TOI-1272,Transit,2022,3.3159765,4.26,0.3800524,24.1,0.07582708,1051.0,137.572,4985.0,0.828,0.8,1,Cluster 1,1.2986286556452433,1,False,Normal
Kepler-1367 b,Kepler-1367,Transit,2016,1.574090272,0.92,0.0820769,0.721,0.00227,998.0,401.484,4106.0,0.62,0.6,1,Cluster 1,1.0580915970286644,1,False,Normal
Kepler-1900 b,Kepler-1900,Transit,2021,2.986229897,1.62314676,0.1448077,3.27,0.0103,1356.0,1540.43,6173.0,1.104,1.041,1,Cluster 1,1.0050561620179728,1,False,Normal
Kepler-1364 b,Kepler-1364,Transit,2016,13.32196237,2.15,0.19181015,5.27,0.0166,1299.0,1056.9,6805.0,1.49,1.79,1,Cluster 1,1.2556649653248693,1,False,Normal
Kepler-482 b,Kepler-482,Transit,2016,56.35418576,2.36,0.2105451,6.17,0.0194,352.0,313.068,4871.0,0.75,0.72,1,Cluster 1,0.9766221372925953,1,False,Normal
Kepler-1646 b,Kepler-1646,Transit,2016,4.48558383,1.23,0.10973325,2.04,0.00642,365.0,127.591,3299.0,0.24,0.26,1,Cluster 1,0.9781862883428166,1,False,Normal
HD 6718 b,HD 6718,Radial Velocity,2009,2476.0,13.3,1.18,762.7881768,2.4,148.94,51.3444,5746.0,0.96,1.02,0,Cluster 0,1.0540167902803832,1,False,Normal
Kepler-32 c,Kepler-32,Transit,2011,8.7522,2.0,0.178,158.9,0.5,451.0,323.847,3900.0,0.58,0.53,1,Cluster 1,0.9806066192678644,1,False,Normal
K2-177 b,K2-177,Transit,2018,14.155185,2.1162048,0.18879515,5.13,0.0161,,492.167,6063.0,1.210525,1.213565,1,Cluster 1,1.0074908637315942,1,False,Normal
Kepler-259 c,Kepler-259,Transit,2014,36.924931,2.7,0.241,7.75,0.0244,530.0,1002.14,5938.0,0.867,0.898,1,Cluster 1,1.3570459012342617,1,False,Normal
K2-183 b,K2-183,Transit,2018,0.469285,1.1,0.0981356,1.37,0.0043,,329.041,5482.0,0.942219,0.87,1,Cluster 1,0.9960155465706169,1,False,Normal
Kepler-222 d,Kepler-222,Transit,2014,28.081912,3.69,0.329,13.2,0.0415,522.0,758.854,5433.0,0.933,0.869,1,Cluster 1,1.1110338066080998,1,False,Normal
Kepler-165 c,Kepler-165,Transit,2014,15.31299,2.23,0.199,5.6,0.0176,581.0,560.885,5211.0,0.746,0.77,1,Cluster 1,1.0924715444356246,1,False,Normal
K2-263 b,K2-263,Transit,2018,50.819172,2.513,0.22419523,15.4,0.04845382,482.0,162.481,5368.0,0.88,0.85,1,Cluster 1,1.1999700176317813,1,False,Normal
Kepler-166 d,Kepler-166,Transit,2016,1.554003928,1.73,0.15434026,3.64,0.0115,1313.0,603.53,5350.0,0.88,0.83,1,Cluster 1,1.0312069207159484,1,False,Normal
Kepler-52 b,Kepler-52,Transit,2012,7.8773565,2.1,0.187,135.0,0.4247575,553.0,321.542,4075.0,0.54,0.52,1,Cluster 1,1.0319174307346184,1,False,Normal
K2-186 b,K2-186,Transit,2018,41.474219,3.17207779,0.28299383,10.2,0.0321,,330.739,5784.0,1.018617,0.98083,1,Cluster 1,1.0297563105499772,1,False,Normal
K2-195 c,K2-195,Transit,2018,28.482786,2.57581891,0.22979917,7.16,0.0225,,315.014,5712.0,0.963364,0.906367,1,Cluster 1,0.9716435568440452,1,False,Normal
K2-187 e,K2-187,Transit,2018,13.606629,1.9,0.16950694,4.27,0.0134,698.0,330.916,5438.0,0.966999,0.83,1,Cluster 1,1.1045832475313873,1,False,Normal
K2-187 c,K2-187,Transit,2018,2.871512,1.4,0.12489985,2.54,0.008,1173.0,330.916,5438.0,0.966999,0.83,1,Cluster 1,1.0331667069142996,1,False,Normal
K2-189 b,K2-189,Transit,2018,2.58812,1.403,0.12516749,2.55,0.00803,1203.0,242.113,5442.0,0.85,0.879,1,Cluster 1,1.017311486077281,1,False,Normal
K2-280 b,K2-280,Transit,2018,19.89526,7.5,0.66910634,37.1,0.11672965,787.0,391.537,5500.0,1.03,1.28,1,Cluster 1,1.00176220370551,1,False,Normal
K2-381 c,K2-381,Transit,2022,16.034656,2.0,0.17842836,4.66,0.0147,,145.701,4473.0,0.754,0.675,1,Cluster 1,1.0043688203436671,1,False,Normal
Kepler-229 b,Kepler-229,Transit,2014,6.252972,2.2,0.196,5.48,0.0172,823.0,826.265,5120.0,0.808,0.728,1,Cluster 1,0.9917959841721021,1,False,Normal
K2-222 b,K2-222,Transit,2018,15.3889274,2.275,0.20296226,7.5,0.02359764,803.0,101.321,5942.0,0.94,1.072,1,Cluster 1,1.2925170400057768,1,False,Normal
K2-220 b,K2-220,Transit,2018,13.68186,2.37,0.2114376,6.21,0.0195,761.0,233.514,5612.0,0.91,1.026,1,Cluster 1,1.0000067453608736,1,False,Normal
Kepler-491 b,Kepler-491,Transit,2016,4.225384512,8.92,0.7957891,59.0,0.186,1111.0,630.785,5582.0,1.04,1.03,0,Cluster 0,1.0144910975764274,1,False,Normal
Kepler-197 b,Kepler-197,Transit,2014,5.599308,1.02,0.091,1.04,0.00328,1142.0,330.575,6004.0,0.857,1.12,1,Cluster 1,1.5110456738960345,-1,True,Potential Outlier
Kepler-216 b,Kepler-216,Transit,2014,7.693641,2.35,0.21,6.12,0.0193,1069.0,1187.47,6091.0,1.126,1.26,1,Cluster 1,1.011142182322331,1,False,Normal
K2-176 b,K2-176,Transit,2018,5.329439,1.49090097,0.13300928,2.83,0.0089,,247.302,5428.0,0.938545,0.86416,1,Cluster 1,0.9913435428295628,1,False,Normal
K2-223 b,K2-223,Transit,2018,0.50557,0.89,0.07940062,0.64,0.00201,2271.0,198.604,5859.0,1.06,1.0,1,Cluster 1,1.0318326002666853,1,False,Normal
Kepler-1732 b,Kepler-1732,Transit,2021,32.31240082,4.09903273,0.36569184,15.7,0.0496,699.0,1289.41,5821.0,1.043,1.494,1,Cluster 1,1.0838379440366706,1,False,Normal
14 Her b,14 Her,Radial Velocity,2002,1766.41,12.5,1.12,2828.6728223,8.9,147.32,17.9323,5338.0,0.97,0.93,0,Cluster 0,0.9702875182954254,1,False,Normal
16 Cyg B b,16 Cyg B,Radial Velocity,1996,798.5,13.5,1.2,565.7374,1.78,228.76,21.1397,5750.0,1.08,1.13,0,Cluster 0,0.9712093997045714,1,False,Normal
K2-368 d,K2-368,Transit,2022,20.201085,1.948,0.17378922,4.45,0.014,,206.608,4663.0,0.746,0.663,1,Cluster 1,0.9698413565295934,1,False,Normal
Kepler-261 b,Kepler-261,Transit,2014,10.381227,2.18,0.194,5.39,0.017,672.0,317.499,5098.0,0.834,0.794,1,Cluster 1,1.0230928689575864,1,False,Normal
1RXS J160929.1-210524 b,1RXS J160929.1-210524,Imaging,2008,,18.647,1.664,3000.0,8.0,1700.0,139.135,4060.0,0.85,1.31316,0,Cluster 0,1.9100729819698774,-1,True,Potential Outlier
CoRoT-4 b,CoRoT-4,Transit,2008,9.20205,13.34,1.19,228.83,0.72,1074.0,726.412,6190.0,1.16,1.17,0,Cluster 0,1.143351130220571,1,False,Normal
K2-224 c,K2-224,Transit,2018,10.09489,2.41,0.2150058,6.39,0.0201,764.0,275.255,5620.0,0.91,0.84,1,Cluster 1,0.9906619611917863,1,False,Normal
K2-368 c,K2-368,Transit,2022,9.660186,1.361,0.1214205,2.42,0.00762,,206.608,4663.0,0.746,0.663,1,Cluster 1,0.9882540547240233,1,False,Normal
24 Sex c,24 Sex,Radial Velocity,2010,883.0,13.9,1.24,273.32,0.86,377.31,72.0691,5098.0,1.54,4.9,3,Cluster 3,1.0848250818342593,1,False,Normal
CoRoT-7 b,CoRoT-7,Transit,2009,0.85359163,1.68135,0.15,4.07660518,0.01282637,1756.0,159.906,5275.0,0.82,0.83,1,Cluster 1,0.9912821469029856,1,False,Normal
K2-226 b,K2-226,Transit,2018,3.27109,1.53899305,0.1373,2.98,0.00939,1187.0,211.265,5288.0,0.856,0.889,1,Cluster 1,1.008222049967966,1,False,Normal
K2-227 b,K2-227,Transit,2018,13.621832,1.66551298,0.14858712,3.41,0.0107,,187.234,5673.0,0.950811,0.890666,1,Cluster 1,0.9769929343665653,1,False,Normal
2MASS J12073346-3932539 b,2MASS J12073346-3932539,Imaging,2004,,15.69257298,1.4,1652.7077164,5.2,1163.0,64.308,2825.0,0.188001,0.21887,0,Cluster 0,2.82459977485104,-1,True,Potential Outlier
CoRoT-7 c,CoRoT-7,Radial Velocity,2009,3.698,2.83,0.253,8.4,0.02642922,1098.59,159.906,5256.0,0.899,0.864273,1,Cluster 1,1.0821412957949474,1,False,Normal
eps Tau b,eps Tau,Radial Velocity,2006,585.82,12.7,1.13,2285.18624633,7.19,603.08,47.52852,4877.0,2.57,12.35,3,Cluster 3,1.3444201124642272,1,False,Normal
gam1 Leo b,gam1 Leo,Radial Velocity,2009,428.5,12.5,1.12,2790.43,8.78,1080.7,39.8883,4330.0,1.23,31.88,3,Cluster 3,1.0836897161381112,1,False,Normal
K2-229 b,K2-229,Transit,2018,0.584216,1.0,0.08921418,2.55,0.0080232,1818.0,102.564,5315.0,0.87,0.79,1,Cluster 1,0.9843110801734035,1,False,Normal
Kepler-752 b,Kepler-752,Transit,2016,18.82747265,2.81,0.25069141,8.3,0.0261,632.0,1232.29,5373.0,0.87,0.83,1,Cluster 1,1.002802284822269,1,False,Normal
CoRoT-9 b,CoRoT-9,Transit,2009,95.272656,11.948794,1.066,266.9772,0.84,420.0,412.98,5625.0,0.96,0.96,0,Cluster 0,1.1029526488214316,1,False,Normal
K2-343 b,K2-343,Transit,2021,2.787174,1.65,0.14720339,3.36,0.0106,653.0,166.169,3804.0,0.49,0.46,1,Cluster 1,0.9804382331780364,1,False,Normal
51 Peg b,51 Peg,Radial Velocity,1995,4.2307966,14.1,1.26,193.87532827,0.61,1328.93,15.4614,5761.0,1.07,1.19,0,Cluster 0,0.9673010085009999,1,False,Normal
K2-331 c,K2-331,Transit,2021,22.996591,2.72,0.24266256,7.85,0.0247,673.0,211.43,5994.0,1.1,1.06,1,Cluster 1,1.011297185176096,1,False,Normal
EPIC 212624936 c,EPIC 212624936,Transit,2021,11.811437,2.3,0.20519261,5.9,0.0186,,561.929,5765.0,1.0,0.93,1,Cluster 1,0.9647718880677434,1,False,Normal
K2-334 b,K2-334,Transit,2021,5.113981,5.65,0.50406011,27.2,0.0854,1380.0,371.823,6502.0,1.36,1.49,1,Cluster 1,1.2750498485160677,1,False,Normal
K2-379 b,K2-379,Transit,2022,8.777247,2.181,0.19457612,5.4,0.017,,182.207,4603.0,0.856,0.751,1,Cluster 1,1.3122176200838105,1,False,Normal
61 Vir d,61 Vir,Radial Velocity,2009,123.01,5.11,0.456,22.9,0.072,382.51,8.50332,5577.0,0.942,0.963,1,Cluster 1,1.1108908748126924,1,False,Normal
K2-202 b,K2-202,Transit,2018,3.405164,2.30165603,0.20534,5.91,0.0186,,300.397,5491.0,0.971461,0.910685,1,Cluster 1,1.0066729742592972,1,False,Normal
K2-343 c,K2-343,Transit,2021,7.676972,2.02,0.18021264,4.74,0.0149,465.0,166.169,3804.0,0.49,0.46,1,Cluster 1,0.9849346081753423,1,False,Normal
K2-342 b,K2-342,Transit,2021,11.561052,2.03,0.18110478,4.78,0.015,861.0,208.357,5920.0,1.01,1.09,1,Cluster 1,1.0072809460826084,1,False,Normal
Kepler-260 b,Kepler-260,Transit,2014,8.187399,2.01,0.179,4.7,0.0148,782.0,627.365,5250.0,1.013,0.862,1,Cluster 1,1.5127976271399874,-1,True,Potential Outlier
K2-381 d,K2-381,Transit,2022,26.803023,1.689,0.15068275,3.5,0.011,,145.701,4473.0,0.754,0.675,1,Cluster 1,0.9883175854120367,1,False,Normal
K2-381 b,K2-381,Transit,2022,7.9389334,1.075,0.09590524,1.26,0.00396,,145.701,4473.0,0.754,0.675,1,Cluster 1,1.0699907108421218,1,False,Normal
K2-348 b,K2-348,Transit,2021,4.688418,3.26,0.29083822,10.7,0.0336,908.0,201.856,5077.0,0.83,0.85,1,Cluster 1,1.0901997358604958,1,False,Normal
K2-384 d,K2-384,Transit,2022,6.679582,1.392,0.12418614,2.52,0.00792,,82.6603,3623.0,0.33,0.348,1,Cluster 1,1.0092470365403454,1,False,Normal
81 Cet b,81 Cet,Radial Velocity,2008,1005.57,13.1,1.17,1051.05854195,3.307,526.92,101.26,4734.0,1.23,11.21,3,Cluster 3,0.9810464400607982,1,False,Normal
K2-352 c,K2-352,Transit,2021,8.234885,1.92,0.17129122,4.35,0.0137,885.0,176.051,5791.0,0.98,0.95,1,Cluster 1,0.9925921907122474,1,False,Normal
K2-384 c,K2-384,Transit,2022,4.194766,1.191,0.10625409,1.82,0.00572,,82.6603,3623.0,0.33,0.348,1,Cluster 1,1.005531817557315,1,False,Normal
BD+14 4559 b,BD+14 4559,Radial Velocity,2009,268.94,13.8,1.23,330.5432,1.04,246.28,49.352,4864.0,0.49,0.86,0,Cluster 0,1.256563378723642,1,False,Normal
K2-204 b,K2-204,Transit,2018,7.055908,3.17214154,0.283,10.2,0.0321,1148.0,577.235,5783.0,1.076,1.253,1,Cluster 1,1.065958424344977,1,False,Normal
Kepler-1736 b,Kepler-1736,Transit,2021,37.81029892,3.8765856,0.3458464,14.3,0.0451,566.0,1430.0,6085.0,0.976,0.973,1,Cluster 1,1.2354534701087665,1,False,Normal
K2-205 b,K2-205,Transit,2018,26.672263,1.99552771,0.17802906,4.64,0.0146,,405.301,5890.0,0.951027,1.077574,1,Cluster 1,1.0624943909174065,1,False,Normal
Kepler-8 b,Kepler-8,Transit,2010,3.5224991,15.871944,1.416,187.5197,0.59,1680.0,1021.87,6213.0,1.213,1.486,0,Cluster 0,0.9626036175170155,1,False,Normal
K2-209 b,K2-209,Transit,2018,2.080615,0.86850263,0.07748261,0.586,0.00184,,76.4986,4720.0,0.74479,0.712365,1,Cluster 1,1.0410964078996676,1,False,Normal
Kepler-745 b,Kepler-745,Transit,2016,9.93143556,2.16,0.19270229,5.31,0.0167,931.0,1780.38,5849.0,1.04,1.04,1,Cluster 1,0.977111855069001,1,False,Normal
K2-211 b,K2-211,Transit,2018,0.669561,1.33162691,0.1188,2.33,0.00735,1873.0,272.297,5117.0,0.851,0.818,1,Cluster 1,1.004328288710026,1,False,Normal
Kepler-262 c,Kepler-262,Transit,2014,21.853722,1.64,0.146,3.33,0.0105,618.0,613.129,5841.0,0.816,0.881,1,Cluster 1,1.108884525796691,1,False,Normal
Kepler-119 b,Kepler-119,Transit,2014,2.422082,3.6,0.321,12.6,0.0398,1213.0,701.996,5595.0,0.918,0.839,1,Cluster 1,1.1172793553518072,1,False,Normal
K2-394 b,K2-394,Transit,2022,5.095717,1.692,0.15095039,3.51,0.011,643.0,98.0152,4938.0,0.478,0.631,1,Cluster 1,1.5036342568067869,-1,True,Potential Outlier
CoRoT-19 b,CoRoT-19,Transit,2011,3.89713,14.46,1.29,352.78,1.11,2000.0,790.663,6090.0,1.21,1.65,0,Cluster 0,1.0535098704982286,1,False,Normal
Kepler-748 b,Kepler-748,Transit,2016,7.40742793,2.52,0.22481934,6.9,0.0217,938.0,1705.99,5934.0,1.07,1.1,1,Cluster 1,0.9968050651318381,1,False,Normal
HD 113538 b,HD 113538,Radial Velocity,2010,663.2,13.2,1.18,114.41,0.36,140.67,16.2817,4462.0,0.585,0.53,0,Cluster 0,1.0875087552908413,1,False,Normal
Kepler-112 b,Kepler-112,Transit,2014,8.408878,2.36,0.211,6.17,0.0194,809.0,513.206,5544.0,0.782,0.841,1,Cluster 1,1.1008586486076315,1,False,Normal
HD 114386 b,HD 114386,Radial Velocity,2003,937.70001,13.6,1.21,464.02947422,1.46,154.56,27.9243,4836.0,0.6,0.76,0,Cluster 0,1.1627698772273762,1,False,Normal
HD 136418 b,HD 136418,Radial Velocity,2009,464.29999,13.3,1.19,680.1562,2.14,411.81,105.168,4989.0,1.48,3.78,3,Cluster 3,1.1234780199730534,1,False,Normal
GJ 676 A b,GJ 676 A,Radial Velocity,2010,1051.44521,12.8,1.14,1840.86213334,5.792,113.55,16.0272,3734.0,0.626,0.69,0,Cluster 0,1.2550501212696146,1,False,Normal
HAT-P-31 b,HAT-P-31,Transit,2011,5.00542,12.21781,1.09,721.4741,2.27,1450.0,344.05,6065.0,1.31,1.39,0,Cluster 0,1.096191854694347,1,False,Normal
HD 11506 b,HD 11506,Radial Velocity,2007,1617.7,12.9,1.15,1551.00262616,4.88,193.57,51.261,6123.0,1.22,1.24,0,Cluster 0,1.0229451032424637,1,False,Normal
HD 11506 c,HD 11506,Radial Velocity,2008,223.92,14.0,1.25,127.1313628,0.4,374.44,51.261,6123.0,1.22,1.24,0,Cluster 0,0.9931517233903968,1,False,Normal
GJ 581 e,GJ 581,Radial Velocity,2009,3.1481,1.38,0.123,2.48,0.00780295,554.37,6.2981,3500.0,0.295,0.302,1,Cluster 1,1.018794035949718,1,False,Normal
HAT-P-35 b,HAT-P-35,Transit,2011,3.646706,14.930388,1.332,335.62848,1.056,1581.0,506.965,6096.0,1.236,1.435,0,Cluster 0,0.9658413356285254,1,False,Normal
HD 116029 b,HD 116029,Radial Velocity,2011,670.0,13.6,1.21,444.962,1.4,400.04,123.245,4819.0,0.83,4.89,3,Cluster 3,2.167127412635309,-1,True,Potential Outlier
HD 142245 b,HD 142245,Radial Velocity,2011,1299.0,13.1,1.17,975.7381,3.07,306.3,97.2305,4922.0,3.5,4.63,3,Cluster 3,2.2580321959243386,-1,True,Potential Outlier
GJ 876 b,GJ 876,Radial Velocity,1998,61.1166,13.3,1.19,723.2235,2.2756,190.6,4.67517,3293.74,0.32,0.3,4,Cluster 4,1.0802210832305597,1,False,Normal
HD 118203 b,HD 118203,Radial Velocity,2005,6.1349779,12.778238,1.14,680.15279098,2.14,1361.0,92.2589,5742.0,1.27,2.04,0,Cluster 0,1.157319778025384,1,False,Normal
HD 142 b,HD 142,Radial Velocity,2001,351.43394,12.7,1.13,2256.5816897,7.1,358.19,26.1853,6245.0,1.21,1.47,0,Cluster 0,1.0672609578878827,1,False,Normal
GJ 876 d,GJ 876,Radial Velocity,2005,1.93778,2.51,0.224,6.83,0.021,603.09,4.67517,3293.74,0.32,0.3,1,Cluster 1,1.1049620564085374,1,False,Normal
HD 125595 b,HD 125595,Radial Velocity,2011,9.6737,,,3531.07360177,11.11,687.97,28.1989,4691.0,0.29,0.74,6,Cluster 6,1.256315478442199,1,False,Normal
GQ Lup b,GQ Lup,Imaging,2004,,33.6,3.0,6356.0,20.0,2650.0,151.169,4360.0,0.7,1.94153,0,Cluster 0,1.4716538271508595,1,False,Normal
GJ 876 e,GJ 876,Radial Velocity,2010,124.26,3.92,0.35,14.6,0.046,150.46,4.67517,3293.74,0.32,0.3,1,Cluster 1,1.3787355851898693,1,False,Normal
HD 100655 b,HD 100655,Radial Velocity,2011,157.57001,13.5,1.21,511.7063,1.61,907.14,137.178,4891.0,2.28,10.06,3,Cluster 3,1.1117737440252256,1,False,Normal
Kepler-744 b,Kepler-744,Transit,2016,12.06222443,1.62,0.14452672,3.26,0.0102,750.0,449.964,5594.0,0.94,0.93,1,Cluster 1,0.9780119471729064,1,False,Normal
HD 10180 f,HD 10180,Radial Velocity,2010,122.744,5.24,0.468,23.9,0.0752,427.54,38.9607,5911.0,1.06,1.109,0,Cluster 0,1.2226683074330758,1,False,Normal
HD 126614 b,HD 126614,Radial Velocity,2009,1257.25303,12.7,1.14,107.74382997,0.339,209.54,73.0961,5568.0,0.96,1.369794,0,Cluster 0,1.0076481229177339,1,False,Normal
HD 10180 g,HD 10180,Radial Velocity,2010,604.67,,,3375.33768234,10.62,251.27,38.9607,5911.0,1.06,1.109,6,Cluster 6,1.7561812053338255,-1,True,Potential Outlier
HD 12661 b,HD 12661,Radial Velocity,2000,262.70862,13.3,1.18,772.3269,2.43,325.35,37.8478,5645.0,1.2,1.2,0,Cluster 0,1.0298242328203409,1,False,Normal
HAT-P-15 b,HAT-P-15,Transit,2010,10.8635,11.88154,1.06,616.5902,1.94,904.0,192.516,5568.0,1.0,1.07,0,Cluster 0,1.1390158291618433,1,False,Normal
HAT-P-16 b,HAT-P-16,Transit,2010,2.77596727,14.68376472,1.31,1341.56043,4.221,1566.0,226.637,6140.0,1.218,1.158,0,Cluster 0,1.1113445962811699,1,False,Normal
Kepler-764 b,Kepler-764,Transit,2016,7.33683936,1.64,0.146311,3.33,0.0105,875.0,1047.84,5557.0,0.92,0.89,1,Cluster 1,1.0376533393733118,1,False,Normal
Kepler-123 b,Kepler-123,Transit,2014,17.232366,2.94,0.262,55.3,0.174,817.0,1021.66,6089.0,1.079,1.264,1,Cluster 1,1.7493127451885584,-1,True,Potential Outlier
HD 104985 b,HD 104985,Radial Velocity,2003,199.68,12.8,1.14,1766.80811451,5.559,901.01,100.576,4738.0,1.22,11.12,3,Cluster 3,0.9799745189059289,1,False,Normal
HD 104067 b,HD 104067,Radial Velocity,2011,55.851,9.2,0.82,62.1,0.19538845,407.83,20.3632,4952.0,0.82,0.78,0,Cluster 0,1.021380933924444,1,False,Normal
HD 13189 b,HD 13189,Radial Velocity,2005,471.60001,12.4,1.11,3480.2385,10.95,1115.98,497.823,4175.0,2.24,38.41,3,Cluster 3,1.0971059800868241,1,False,Normal
HD 106252 b,HD 106252,Radial Velocity,2002,1535.0,12.5,1.11,3178.28407,10.0,178.13,38.185,5874.0,1.05,1.05,0,Cluster 0,0.9803509550361659,1,False,Normal
HD 132406 b,HD 132406,Radial Velocity,2007,908.0,12.8,1.14,1887.90073758,5.94,228.73,70.7832,5766.0,0.973,1.34,0,Cluster 0,1.005843920466274,1,False,Normal
HD 108874 c,HD 108874,Radial Velocity,2005,1624.0,13.8,1.23,314.64,0.99,168.21,59.5175,5551.0,0.95,1.05,0,Cluster 0,0.9869881257014779,1,False,Normal
HD 10647 b,HD 10647,Radial Velocity,2006,989.2,13.8,1.23,298.75,0.94,221.54,17.3357,6218.0,1.11,1.1,0,Cluster 0,1.0424107207188225,1,False,Normal
HD 134060 b,HD 134060,Radial Velocity,2019,3.2696,3.16,0.282,10.1,0.0318,1473.18,24.0125,5966.0,1.095,1.164285,1,Cluster 1,1.1234363719962022,1,False,Normal
HAT-P-21 b,HAT-P-21,Transit,2010,4.12448,12.44199,1.11,1547.8321,4.87,1367.0,277.278,5588.0,1.24,1.21,0,Cluster 0,1.108325860805575,1,False,Normal
HD 215152 b,HD 215152,Radial Velocity,2018,5.75999,,,565.41673605,1.779,846.89,21.5974,4935.0,0.77,0.73,1,Cluster 1,2.1544051249065435,-1,True,Potential Outlier
HD 37124 c,HD 37124,Radial Velocity,2002,885.5,14.1,1.25,207.22516,0.652,204.73,31.6634,5698.64,0.85,0.949168,0,Cluster 0,1.0561799693940583,1,False,Normal
HD 159868 b,HD 159868,Radial Velocity,2006,1184.1,13.3,1.19,704.94694,2.218,255.69,55.8503,5534.0,1.19,2.13,0,Cluster 0,1.1765843475771902,1,False,Normal
HD 187085 b,HD 187085,Radial Velocity,2006,1019.74,13.9,1.24,265.70588,0.836,229.38,45.8993,6117.0,1.189,1.27,0,Cluster 0,0.9956701101688064,1,False,Normal
HD 216437 b,HD 216437,Radial Velocity,2002,1359.0,13.0,1.16,1334.8793094,4.2,209.85,26.6902,5909.0,1.22,1.394,0,Cluster 0,1.0194184357771268,1,False,Normal
HD 187123 c,HD 187123,Radial Velocity,2008,3810.0,13.2,1.18,912.16752809,2.87,135.42,45.9548,5790.0,1.04,1.15043,0,Cluster 0,1.0276243275699488,1,False,Normal
HD 216770 b,HD 216770,Radial Velocity,2003,118.45,14.1,1.26,181.1631,0.57,370.18,36.6625,5399.0,0.74,0.93,0,Cluster 0,1.2200371541914767,1,False,Normal
HD 18742 b,HD 18742,Radial Velocity,2011,766.0,13.1,1.17,1080.622,3.4,399.93,162.685,4940.0,1.36,5.13,3,Cluster 3,0.9780539495374312,1,False,Normal
HD 21693 c,HD 21693,Radial Velocity,2019,53.7357,4.34,0.387,17.37,0.0547,492.36,33.255,5430.0,0.8,0.914378,1,Cluster 1,1.2225147776187852,1,False,Normal
HD 162020 b,HD 162020,Radial Velocity,2002,8.4282,12.5,1.11,3127.4472,9.84,650.0,30.8248,4723.0,0.42,0.75,0,Cluster 0,1.8537222040014594,-1,True,Potential Outlier
HD 190647 b,HD 190647,Radial Velocity,2007,1176.45,13.4,1.19,630.89255,1.985,214.19,54.4738,5656.0,1.069,1.376,0,Cluster 0,0.9809091079963512,1,False,Normal
HD 190984 b,HD 190984,Radial Velocity,2009,4885.0,13.0,1.16,1137.82569706,3.58,152.29,148.187,5988.0,0.91,1.53,0,Cluster 0,1.0094493716025166,1,False,Normal
HD 192263 b,HD 192263,Radial Velocity,1999,24.3556,14.2,1.26,177.9848,0.56,486.0,19.6359,4976.0,0.66,0.74,0,Cluster 0,1.3584101891690625,1,False,Normal
HD 217786 b,HD 217786,Radial Velocity,2011,1301.36009,12.3,1.1,4402.55909376,13.852,207.3,55.4847,5966.0,1.14,1.27,0,Cluster 0,1.016756961938139,1,False,Normal
HD 217107 c,HD 217107,Radial Velocity,2005,5138.7,12.9,1.15,1388.91013859,4.37,123.27,20.0619,5622.0,1.045,1.2245,0,Cluster 0,0.9907959739529201,1,False,Normal
HD 41004 B b,HD 41004 B,Radial Velocity,2003,1.3283,12.1,1.08,5838.29,18.37,,41.5504,5036.0,0.4,1.04137,0,Cluster 0,1.8736072047775,-1,True,Potential Outlier
HD 163607 c,HD 163607,Radial Velocity,2012,1272.0,13.3,1.19,699.54383,2.201,228.5,67.7855,5522.0,1.12,1.76,0,Cluster 0,1.1087732374509782,1,False,Normal
HD 192310 c,HD 192310,Radial Velocity,2011,525.8,5.25,0.469,24.0,0.076,185.0,8.79687,5166.0,0.8,0.857922,1,Cluster 1,1.453406150602508,1,False,Normal
HD 4208 b,HD 4208,Radial Velocity,2001,832.97,13.9,1.24,257.4423,0.81,196.68,34.1937,5717.0,0.883,0.846,0,Cluster 0,1.0243977613658746,1,False,Normal
HD 164922 b,HD 164922,Radial Velocity,2005,1207.0,13.3,1.19,116.0,0.36497499,159.4,22.0016,5390.0,0.926,0.946,0,Cluster 0,0.9853231903570021,1,False,Normal
HD 197037 b,HD 197037,Radial Velocity,2012,1035.7,13.9,1.24,251.0,0.79,216.67,33.1944,6150.0,1.11,1.105,0,Cluster 0,1.0291951029605557,1,False,Normal
HD 4308 b,HD 4308,Radial Velocity,2005,15.56,4.12,0.368,15.8915,0.05,799.37,22.0158,5686.0,0.93,1.02,1,Cluster 1,1.156827320572217,1,False,Normal
Kepler-272 c,Kepler-272,Transit,2014,6.057342,1.79,0.16,97.8,0.308,947.0,889.608,5297.0,0.91,0.929,2,Cluster 2,1.2110216482708573,1,False,Normal
HD 4313 b,HD 4313,Radial Velocity,2009,356.21,13.4,1.2,612.45841,1.927,502.39,136.308,4943.0,1.63,5.14,3,Cluster 3,1.0947623998831173,1,False,Normal
HD 168746 b,HD 168746,Radial Velocity,2002,6.404,11.1,0.993,85.8141,0.27,900.0,41.5681,5570.0,1.07,1.09,0,Cluster 0,1.0168873587634406,1,False,Normal
HD 148156 b,HD 148156,Radial Velocity,2009,1027.0,13.9,1.24,270.144,0.85,213.76,57.1289,6308.0,1.22,1.21,0,Cluster 0,1.040348695565561,1,False,Normal
HD 17092 b,HD 17092,Radial Velocity,2007,359.89999,12.5,1.11,3219.6179,10.13,671.64,228.422,4326.0,6.73,13.58,3,Cluster 3,4.679426292766021,-1,True,Potential Outlier
HD 27894 b,HD 27894,Radial Velocity,2005,18.01939,14.1,1.26,196.73578393,0.619,627.88,43.8214,4875.0,0.81,0.891767,0,Cluster 0,1.1451910969122134,1,False,Normal
HD 28254 b,HD 28254,Radial Velocity,2010,1333.0,13.0,1.16,1207.7479466,3.8,212.28,55.2884,5664.0,1.1,1.48,0,Cluster 0,0.9907063097131598,1,False,Normal
HD 148427 b,HD 148427,Radial Velocity,2009,331.9,13.7,1.22,381.3940884,1.2,451.86,71.3499,5025.0,1.64,3.86,3,Cluster 3,1.1277183517612976,1,False,Normal
HD 171028 b,HD 171028,Radial Velocity,2007,550.0,13.2,1.18,832.7146,2.62,374.07,111.659,5671.0,1.53,2.47,0,Cluster 0,1.2488522220586566,1,False,Normal
HD 204313 c,HD 204313,Radial Velocity,2015,34.95875,4.31,0.385,17.16273398,0.054,634.95,47.7945,5767.0,1.03,1.1,1,Cluster 1,1.108509708889579,1,False,Normal
HD 30177 b,HD 30177,Radial Velocity,2002,2539.0,12.6,1.12,2622.08435775,8.25,148.0,55.5867,5680.0,0.98,1.019,0,Cluster 0,0.9611062486194454,1,False,Normal
HD 290327 b,HD 290327,Radial Velocity,2009,2443.0,13.3,1.18,772.3269,2.43,139.7,56.433,5505.0,0.84,0.95,0,Cluster 0,1.008982417183861,1,False,Normal
HD 152581 b,HD 152581,Radial Velocity,2011,686.5,13.4,1.2,594.02427,1.869,426.55,165.76,5027.0,1.3,5.14,3,Cluster 3,0.9616381605561795,1,False,Normal
HD 177830 b,HD 177830,Radial Velocity,1999,410.10001,13.5,1.2,537.1327,1.69,399.64,62.7674,4901.0,1.7,3.26,3,Cluster 3,1.2512628249185689,1,False,Normal
HD 20794 b,HD 20794,Radial Velocity,2011,18.314,1.45,0.129,2.7,0.0085,660.0,6.00278,5368.0,0.79,0.93,1,Cluster 1,1.1534495301892647,1,False,Normal
HD 31253 b,HD 31253,Radial Velocity,2010,466.0,14.1,1.26,197.0546,0.62,348.36,58.1438,6130.0,1.7,1.75,0,Cluster 0,1.5658515134532447,-1,True,Potential Outlier
HD 178911 B b,HD 178911 B,Radial Velocity,2001,71.484,12.6,1.12,2552.1749,8.03,480.24,40.9727,5588.0,1.24,1.08,0,Cluster 0,1.252605643699306,1,False,Normal
HD 155358 b,HD 155358,Radial Velocity,2007,194.3,13.8,1.23,314.6517,0.99,421.43,43.6197,5905.0,1.15,1.38,0,Cluster 0,1.003131240332582,1,False,Normal
HD 154857 b,HD 154857,Radial Velocity,2004,408.60001,13.3,1.18,778.6835,2.45,359.86,63.4482,5589.0,1.96,2.3,0,Cluster 0,1.7811714871840425,-1,True,Potential Outlier
HD 155358 c,HD 155358,Radial Velocity,2007,391.9,13.9,1.24,261.0,0.82,330.92,43.6197,5900.0,0.92,1.38,0,Cluster 0,1.1740846371247695,1,False,Normal
HD 210702 b,HD 210702,Radial Velocity,2007,355.5,13.6,1.21,481.5100366,1.515,485.86,54.1963,4912.0,1.33,4.54,3,Cluster 3,0.9655868625835853,1,False,Normal
HD 3651 b,HD 3651,Radial Velocity,2003,62.25,10.1,0.899,72.46524,0.228,432.84,11.1336,5221.0,0.799,0.871954,0,Cluster 0,1.0133939848303966,1,False,Normal
HD 156668 b,HD 156668,Radial Velocity,2010,4.6455,1.87,0.167,4.15,0.013,887.48,24.3323,4850.0,0.772,0.72,1,Cluster 1,1.032947531205838,1,False,Normal
HD 156411 b,HD 156411,Radial Velocity,2009,842.2,14.0,1.25,235.18,0.74,304.95,56.8655,5900.0,1.25,2.16,0,Cluster 0,1.0341445028891956,1,False,Normal
HD 183263 b,HD 183263,Radial Velocity,2004,624.87404,13.1,1.17,1103.1824007,3.471,263.26,54.1955,5948.0,1.06,1.23,0,Cluster 0,1.004291831692181,1,False,Normal
HD 63454 b,HD 63454,Radial Velocity,2005,2.81805,12.31,1.098,79.4575,0.25,1018.06,37.6894,4812.0,0.42,0.77,0,Cluster 0,1.8360671419736252,-1,True,Potential Outlier
HD 89307 b,HD 89307,Radial Velocity,2009,2166.0,13.4,1.19,642.01338214,2.02,166.55,32.0104,5955.0,1.27,1.1,0,Cluster 0,1.372151000400741,1,False,Normal
rho CrB b,rho CrB,Radial Velocity,1997,39.849,13.7,1.23,347.995,1.09491472,614.0,17.4671,5817.0,1.0,1.3617,0,Cluster 0,1.002738665847862,1,False,Normal
HD 66428 b,HD 66428,Radial Velocity,2005,2269.81726,12.4,1.11,3478.94974302,10.946,159.02,53.2817,5716.0,1.01,1.13,0,Cluster 0,1.006155636712983,1,False,Normal
HD 93083 b,HD 93083,Radial Velocity,2005,144.72,14.3,1.28,143.34061156,0.451,311.57,28.5159,5033.8,0.836,0.837,0,Cluster 0,1.072556343771962,1,False,Normal
HD 69830 b,HD 69830,Radial Velocity,2006,8.667,3.17,0.283,10.2,0.0321,872.84,12.5591,5385.0,0.86,0.886947,1,Cluster 1,1.0082681061248973,1,False,Normal
TrES-3 b,TrES-3,Transit,2007,1.30618581,14.975,1.336,607.03,1.91,1638.0,231.337,5650.0,0.928,0.829,0,Cluster 0,1.0398758035226243,1,False,Normal
WASP-50 b,WASP-50,Transit,2011,1.9551,13.069694,1.166,466.828704,1.4688,1394.84,184.848,5400.0,0.892,0.843,0,Cluster 0,1.0453554923741417,1,False,Normal
HD 69830 d,HD 69830,Radial Velocity,2006,197.0,4.45,0.397,18.1,0.057,308.1,12.5591,5385.0,0.86,0.886947,1,Cluster 1,1.0539208541122496,1,False,Normal
HD 96127 b,HD 96127,Radial Velocity,2011,638.9,13.0,1.16,1207.7479466,3.8,947.29,587.659,3943.0,0.91,35.0,3,Cluster 3,1.1316953202557316,1,False,Normal
HD 70573 b,HD 70573,Radial Velocity,2007,851.8,12.8,1.14,1900.0,6.1,206.11,59.182,5737.0,1.0,0.976919,0,Cluster 0,1.0177139572228533,1,False,Normal
HD 97658 b,HD 97658,Radial Velocity,2010,9.4897116,2.12,0.18913406,8.3,0.02611472,751.0,21.5618,5212.0,0.85,0.728,1,Cluster 1,1.103732928746878,1,False,Normal
V0391 Peg b,V0391 Peg,Pulsation Timing Variations,2007,1170.0,13.1,1.17,1017.056,3.2,519.69,1195.98,29300.0,0.5,0.23,7,Cluster 7,3.8214051585370243,-1,True,Potential Outlier
WASP-8 b,WASP-8,Transit,2010,8.15872,12.66617,1.13,807.2882,2.54,1059.0,89.9606,5600.0,1.34,1.03,0,Cluster 0,1.1475087937495654,1,False,Normal
WASP-10 b,WASP-10,Transit,2008,3.0927616,12.106,1.08,1001.12,3.15,1370.0,140.998,4675.0,0.75,0.698,0,Cluster 0,1.4816646381789629,1,False,Normal
XO-2 N b,XO-2 N,Transit,2007,2.61585906,11.130537,0.993,199.91507,0.629,1328.0,154.273,5290.0,0.96,0.998,0,Cluster 0,1.0107416694220697,1,False,Normal
HD 74156 b,HD 74156,Radial Velocity,2003,51.63564,13.5,1.2,532.36258173,1.675,679.63,57.603,6068.0,1.1,1.510576,0,Cluster 0,1.0562782865333462,1,False,Normal
HD 99706 b,HD 99706,Radial Velocity,2011,841.0,13.7,1.22,390.9309,1.23,391.46,146.6,4862.0,1.46,5.52,3,Cluster 3,1.0593057395001781,1,False,Normal
HIP 12961 b,HIP 12961,Radial Velocity,2010,57.435,13.2,1.18,114.4188,0.36,303.32,23.371,3901.0,0.69,0.65,0,Cluster 0,1.1379970537571362,1,False,Normal
HD 45184 b,HD 45184,Radial Velocity,2019,5.8854,3.52,0.314,12.19,0.0384,1156.34,21.9532,5869.0,1.03,1.075139,1,Cluster 1,1.073469837385813,1,False,Normal
WASP-16 b,WASP-16,Transit,2009,3.1186,13.67498,1.22,394.1092,1.24,1389.0,194.134,5700.0,1.78,1.14,0,Cluster 0,1.510708434477095,-1,True,Potential Outlier
HD 45364 b,HD 45364,Radial Velocity,2008,225.79,9.03,0.805,60.16491745,0.1893,301.69,34.354,5466.0,0.82,0.89,0,Cluster 0,1.0405954085648002,1,False,Normal
HD 75898 b,HD 75898,Radial Velocity,2007,422.82,13.2,1.18,810.46243785,2.55,335.16,78.0505,6122.0,1.295,1.55,0,Cluster 0,0.9983007389797877,1,False,Normal
HD 7924 b,HD 7924,Radial Velocity,2008,5.39792,,,2058.25676373,6.476,825.9,16.9922,5131.0,0.65,0.78,6,Cluster 6,1.0647405486136177,1,False,Normal
Kepler-746 b,Kepler-746,Transit,2016,3.48159251,1.11,0.09902757,1.41,0.00444,1156.0,450.0,5418.0,0.91,0.93,1,Cluster 1,0.9872632210892396,1,False,Normal
HD 79498 b,HD 79498,Radial Velocity,2011,1807.0,13.6,1.22,425.8922,1.34,164.53,48.9489,5748.0,1.08,1.05,0,Cluster 0,0.9843646876574617,1,False,Normal
HD 48265 b,HD 48265,Radial Velocity,2008,778.51,12.6,1.13,2351.9302118,7.4,283.0,90.5446,5733.0,1.312,1.901,0,Cluster 0,1.138555619739318,1,False,Normal
HD 49674 b,HD 49674,Radial Velocity,2002,4.94737,6.2,0.553,31.783,0.1,1113.78,43.0399,5602.0,1.03,1.02,1,Cluster 1,1.0700776475406664,1,False,Normal
HIP 57274 c,HIP 57274,Radial Velocity,2011,32.03,14.2,1.27,130.0,0.40902369,437.32,25.8618,4640.0,0.73,0.68,0,Cluster 0,1.2832727404737192,1,False,Normal
HD 52265 b,HD 52265,Radial Velocity,2000,119.27,13.7,1.22,384.5743,1.21,405.0,29.9803,6136.0,1.204,1.32,0,Cluster 0,0.9939053250445328,1,False,Normal
HR 8799 e,HR 8799,Imaging,2010,20815.6,13.11453,1.17,3178.3,10.0,1150.0,41.2441,7400.0,1.51,1.49338,0,Cluster 0,1.1290614388338593,1,False,Normal
HD 5891 b,HD 5891,Radial Velocity,2011,177.11,12.6,1.13,2425.0429,7.63,918.78,283.502,4673.0,1.93,10.64,3,Cluster 3,1.001997924265653,1,False,Normal
HD 85390 b,HD 85390,Radial Velocity,2011,799.52,6.16,0.55,31.46517,0.099,190.89,33.5225,5186.0,0.758,0.8,1,Cluster 1,1.4764305933783213,1,False,Normal
xi Aql b,xi Aql,Radial Velocity,2007,136.97,13.4,1.2,616.90493799,1.941,973.07,56.1858,4841.0,1.74,10.86,3,Cluster 3,0.9907893071280149,1,False,Normal
WASP-35 b,WASP-35,Transit,2011,3.16158,14.5717,1.3,225.6593,0.71,1338.29,202.218,5990.0,1.05,1.08,0,Cluster 0,0.9837207692207091,1,False,Normal
TOI-1408 b,TOI-1408,Transit,2023,4.42587,25.0,2.23035445,593.0,1.86578665,1293.0,139.484,6117.0,1.312,1.53,0,Cluster 0,2.209299434659082,-1,True,Potential Outlier
TOI-2524 b,TOI-2524,Transit,2023,7.18585,11.2089807,1.0,203.41018048,0.64,1100.0,438.842,5831.0,1.007,1.119,0,Cluster 0,1.0237401863864768,1,False,Normal
HD 219415 b,HD 219415,Radial Velocity,2012,2093.3,13.8,1.23,317.83,1.0,221.26,165.184,4820.0,1.0,2.9,0,Cluster 0,2.0724385418972124,-1,True,Potential Outlier
WD 0806-661 b,WD 0806-661,Imaging,2011,,12.10569916,1.08,2224.798849,7.0,357.0,19.2444,10393.0,0.605,,0,Cluster 0,3.4221134226531866,-1,True,Potential Outlier
WASP-99 b,WASP-99,Transit,2014,5.75251,11.43318,1.02,772.3269,2.43,1480.0,158.66,6150.0,1.21,1.64,0,Cluster 0,1.1614535609799779,1,False,Normal
HD 32963 b,HD 32963,Radial Velocity,2015,2372.0,13.4,1.19,657.90480249,2.07,157.63,38.0786,5727.0,0.94,1.111044,0,Cluster 0,1.028819054327651,1,False,Normal
K2-133 b,K2-133,Transit,2017,3.07133,1.34,0.11954679,2.36,0.00742,665.21,75.1703,3655.0,0.461,0.455,1,Cluster 1,0.993955834063146,1,False,Normal
HATS-53 b,HATS-53,Transit,2017,3.8537768,15.02006,1.34,189.10885,0.595,1312.0,585.77,5644.0,0.964,1.101,0,Cluster 0,1.0420067662504224,1,False,Normal
Kepler-286 b,Kepler-286,Transit,2014,1.796302,1.24,0.111,2.07,0.00651,1367.0,1226.85,5580.0,0.83,0.863,1,Cluster 1,1.1254878575147802,1,False,Normal
TOI-283 b,TOI-283,Transit,2025,17.61745,2.34,0.20876118,6.54,0.02057714,661.0,82.7013,5213.0,0.8,0.85,1,Cluster 1,1.13761169818319,1,False,Normal
TOI-286 c,TOI-286,Transit,2024,39.361826,1.88,0.16772265,3.72,0.01170443,475.0,59.2293,5152.0,0.832,0.78,1,Cluster 1,1.169395033854919,1,False,Normal
Kepler-69 b,Kepler-69,Transit,2013,13.722341,2.24,0.2,5.65,0.0178,779.0,730.625,5638.0,0.81,0.93,1,Cluster 1,1.1088176029875862,1,False,Normal
TOI-2525 b,TOI-2525,Transit,2023,23.2856,8.67575106,0.774,26.69758619,0.084,512.97,395.398,5096.0,0.849,0.785,0,Cluster 0,1.0119820366490893,1,False,Normal
HD 169830 b,HD 169830,Radial Velocity,2000,225.67372,13.2,1.18,804.42369812,2.531,345.0,37.6048,6300.0,1.17,1.935709,0,Cluster 0,1.0263201254509058,1,False,Normal
HD 192699 b,HD 192699,Radial Velocity,2007,340.94,13.4,1.19,666.17168,2.096,495.11,71.8627,5041.0,1.38,4.41,3,Cluster 3,1.0064612241796254,1,False,Normal
Pr0211 b,Pr0211,Radial Velocity,2012,2.1461,13.4,1.2,597.5204,1.88,1304.13,182.714,5300.0,0.935,0.827,0,Cluster 0,1.0014152125862714,1,False,Normal
HATS-3 b,HATS-3,Transit,2013,3.547851,15.48,1.381,340.382,1.071,1648.0,411.211,6351.0,1.209,1.404,0,Cluster 0,0.9827075058797645,1,False,Normal
HD 33844 c,HD 33844,Radial Velocity,2015,916.0,13.5,1.2,556.2025,1.75,360.22,105.779,4861.0,1.78,5.29,3,Cluster 3,1.2137723317658375,1,False,Normal
HATS-29 b,HATS-29,Transit,2016,4.6058749,14.022459,1.251,207.54299,0.653,1212.0,353.891,5670.0,1.032,1.073,0,Cluster 0,0.9767873913596302,1,False,Normal
K2-138 b,K2-138,Transit,2017,2.35309,1.51,0.13471318,3.1,0.00975364,1157.0,202.585,5356.3,0.935,0.863,1,Cluster 1,1.1374032768941058,1,False,Normal
gam Lib c,gam Lib,Radial Velocity,2018,966.49,12.8,1.14,1662.56039702,5.231,543.71,47.4017,4879.0,1.78,12.38,3,Cluster 3,0.9936131299042332,1,False,Normal
TOI-406.01,TOI-406,Transit,2024,13.175682,2.08,0.18556549,6.57,0.02067153,368.0,31.0597,3392.0,0.408,0.41,1,Cluster 1,0.9929299507273323,1,False,Normal
Kepler-282 d,Kepler-282,Transit,2013,24.806,2.46,0.219,61.0,0.192,588.0,1337.61,5656.0,0.97,0.89,1,Cluster 1,2.2141095686991155,-1,True,Potential Outlier
TOI-663 b,TOI-663,Transit,2024,2.598902,2.27,0.20251618,4.45,0.01400127,674.0,64.2308,3681.0,0.514,0.512,1,Cluster 1,1.048638416154401,1,False,Normal
Kepler-283 b,Kepler-283,Transit,2014,11.008151,2.13,0.19,5.18,0.0163,488.0,468.094,4351.0,0.596,0.566,1,Cluster 1,1.0179150538470145,1,False,Normal
HD 195019 b,HD 195019,Radial Velocity,1998,18.20132,13.0,1.16,1264.9634,3.98,901.66,37.6681,5751.0,1.21,1.48,0,Cluster 0,1.0311884809443785,1,False,Normal
BD-06 1339 c,BD-06 1339,Radial Velocity,2013,125.94,8.38,0.747,53.0,0.17,261.91,20.2695,4324.0,0.7,0.686355,0,Cluster 0,1.194208133129481,1,False,Normal
CoRoT-25 b,CoRoT-25,Transit,2013,4.86069,12.11,1.08,85.81,0.27,1330.0,1103.48,6040.0,1.09,1.19,0,Cluster 0,1.020399626325522,1,False,Normal
HD 564 b,HD 564,Radial Velocity,2014,492.3,12.5,1.12,104.88,0.33,261.1,51.1659,5902.0,0.961,1.01,0,Cluster 0,1.1026088416050972,1,False,Normal
HATS-45 b,HATS-45,Transit,2018,4.1876244,14.414774,1.286,222.481,0.7,1518.0,772.11,6450.0,1.272,1.315,0,Cluster 0,0.9799552336519847,1,False,Normal
Kepler-421 b,Kepler-421,Transit,2014,704.1984,4.16,0.371,16.1,0.0508,185.0,348.558,5308.0,0.794,0.757,1,Cluster 1,1.290377280673002,1,False,Normal
TOI-663 d,TOI-663,Transit,2024,7.1027268,1.92,0.17129122,5.2,0.01636103,482.0,64.2308,3681.0,0.514,0.512,1,Cluster 1,1.0335619941980498,1,False,Normal
TOI-1443 b,TOI-1443,Transit,2024,23.540678,2.30381001,0.20553252,30.0,0.09439056,520.66,85.8034,5224.0,0.7663,0.7511,1,Cluster 1,1.7442279487850096,-1,True,Potential Outlier
HAT-P-41 b,HAT-P-41,Transit,2012,2.69405,22.97845,2.05,378.2177,1.19,1941.0,348.185,6390.0,2.56,2.05,0,Cluster 0,1.8007719658684849,-1,True,Potential Outlier
HD 5608 b,HD 5608,Radial Velocity,2012,768.7,13.7,1.22,371.22357938,1.168,403.72,58.1105,4807.0,1.29,5.43,3,Cluster 3,1.0099452216485334,1,False,Normal
HD 13908 b,HD 13908,Radial Velocity,2013,19.382,13.9,1.24,274.91,0.865,993.25,79.5515,6255.0,1.29,1.67,0,Cluster 0,1.103688904479414,1,False,Normal
HD 108341 b,HD 108341,Radial Velocity,2014,1129.0,13.3,1.19,715.11391575,2.25,155.23,48.9102,5122.0,0.843,0.79,0,Cluster 0,1.1644282902374918,1,False,Normal
KELT-12 b,KELT-12,Transit,2017,5.031623,19.95202,1.78,301.9385,0.95,1800.0,368.03,6279.0,1.591,2.37,0,Cluster 0,1.1729981497937139,1,False,Normal
HD 34445 f,HD 34445,Radial Velocity,2017,676.8,6.88,0.613,37.9,0.119,266.14,46.0907,5836.0,1.07,1.38,0,Cluster 0,1.0208409040081143,1,False,Normal
HD 34445 e,HD 34445,Radial Velocity,2017,49.175,4.26,0.38,16.8,0.0529,637.76,46.0907,5836.0,1.07,1.38,1,Cluster 1,1.1075915476256015,1,False,Normal
KELT-19 A b,KELT-19 A,Transit,2017,4.6117093,21.40919,1.91,1293.5681,4.07,1935.0,300.276,7500.0,1.62,1.83,0,Cluster 0,1.437442763216597,1,False,Normal
KOI-1257 b,KOI-1257,Transit,2014,86.647661,10.54,0.94,460.83,1.45,511.0,656.0,5520.0,0.99,1.13,0,Cluster 0,1.0656123262346626,1,False,Normal
TOI-1226 b,TOI-1226,Transit,2026,3.92880881576,2.4101112,0.21501609,6.39,0.0201,1123.44,257.93,5434.91,1.01,0.986943,1,Cluster 1,1.1614006427922412,1,False,Normal
K2-219 d,K2-219,Transit,2018,11.137278,2.57634456,0.22984607,7.16,0.0225,,325.4,5753.0,1.021545,1.189232,1,Cluster 1,0.9940607198518254,1,False,Normal
HD 216435 b,HD 216435,Radial Velocity,2002,1311.0,13.7,1.22,400.4,1.26,242.57,32.9834,5999.0,1.3,1.800029,0,Cluster 0,1.0457776687325828,1,False,Normal
HD 23079 b,HD 23079,Radial Velocity,2001,735.74,13.2,1.18,845.42356262,2.66,237.47,33.4591,5994.0,1.16,1.08,0,Cluster 0,1.0203547512397366,1,False,Normal
BD+49 828 b,BD+49 828,Radial Velocity,2015,2590.0,13.5,1.21,508.5,1.6,320.63,442.042,4943.0,1.52,7.6,3,Cluster 3,1.5940329400662447,-1,True,Potential Outlier
HD 20794 e,HD 20794,Radial Velocity,2017,147.02,2.03,0.181,4.77,0.01500802,352.04,6.00278,5401.0,0.813,0.93,1,Cluster 1,1.0859474964373264,1,False,Normal
K2-239 b,K2-239,Transit,2018,5.24,1.1,0.09813543,1.37,0.0043,502.0,31.0849,3420.0,0.4,0.36,1,Cluster 1,1.0180134733973187,1,False,Normal
TOI-880.02,TOI-880,Transit,2024,2.57571,2.19,0.19537905,5.43,0.0171,1085.0,60.6679,5050.0,0.87,0.83,1,Cluster 1,1.0956625109601812,1,False,Normal
TOI-1232 b,TOI-1232,Transit,2026,14.256,10.92875618,0.975,220.57291446,0.694,785.71,328.604,5823.0,1.058,1.072,0,Cluster 0,1.0086333691199298,1,False,Normal
WASP-71 b,WASP-71,Transit,2012,2.90367,13.22662,1.18,441.7837,1.39,2016.1,362.715,6050.0,0.76,1.82,0,Cluster 0,1.5287672605882583,-1,True,Potential Outlier
HD 159243 c,HD 159243,Radial Velocity,2013,248.4,13.4,1.2,603.9,1.9,349.35,73.3055,6123.0,1.125,1.12,0,Cluster 0,1.0137125606761193,1,False,Normal
HIP 91258 b,HIP 91258,Radial Velocity,2013,5.0505,13.7,1.23,346.4347,1.09,1024.97,45.8846,5519.0,0.97,0.89,0,Cluster 0,1.0337249278144949,1,False,Normal
HIP 109384 b,HIP 109384,Radial Velocity,2016,499.48,13.5,1.21,495.8148,1.56,213.83,58.9582,5180.0,0.78,0.831075,0,Cluster 0,1.0116662011060273,1,False,Normal
HD 27894 c,HD 27894,Radial Velocity,2017,36.07,8.24,0.735,51.48846,0.162,498.89,43.8214,4875.0,0.8,0.891767,0,Cluster 0,1.0391034642855617,1,False,Normal
K2-239 d,K2-239,Transit,2018,10.115,1.1,0.09813543,1.37,0.0043,399.0,31.0849,3420.0,0.4,0.36,1,Cluster 1,1.0312789613467719,1,False,Normal
Kepler-778 b,Kepler-778,Transit,2016,3.75574426,1.68,0.14987956,3.46,0.0109,977.0,938.168,5102.0,0.81,0.77,1,Cluster 1,0.9738067483868104,1,False,Normal
TOI-1244 b,TOI-1244,Transit,2024,6.400316483,2.467,0.22009138,6.6,0.02076592,714.86,102.551,4599.0,0.73,0.721,1,Cluster 1,1.0585627147361047,1,False,Normal
TOI-1466 b,TOI-1466,Transit,2026,1.87190602231,2.46741991,0.22012884,6.65,0.0209,1001.0,86.5783,4435.39,0.66,0.749646,1,Cluster 1,1.0628408547229733,1,False,Normal
K2-157 b,K2-157,Transit,2018,0.3652575,0.935,0.0834,1.14,0.0036,2432.0,298.373,5334.0,0.89,0.86,1,Cluster 1,1.2333134221161652,1,False,Normal
HD 33564 b,HD 33564,Radial Velocity,2005,388.0,12.5,1.12,2892.1,9.1,344.43,20.9531,6250.0,1.25,1.4367,0,Cluster 0,1.0493291370019864,1,False,Normal
WASP-55 b,WASP-55,Transit,2012,4.465631,14.72860064,1.314,186.2474465,0.586,1342.0,297.462,6096.0,1.071,1.09,0,Cluster 0,1.041825143861492,1,False,Normal
ROXs 12 b,ROXs 12,Imaging,2013,,12.2,1.09,5085.0,16.0,13.23,136.65,3850.0,0.87,1.06627,0,Cluster 0,1.2397917987246712,1,False,Normal
bet UMi b,bet UMi,Radial Velocity,2014,522.3,12.7,1.14,1938.7,6.1,1040.63,38.77472,4126.0,1.4,38.3,3,Cluster 3,1.0957295438698205,1,False,Normal
HD 216536 b,HD 216536,Radial Velocity,2015,148.60001,13.8,1.23,333.7215,1.05,897.99,376.233,4639.0,0.81,9.83,3,Cluster 3,1.157316387992705,1,False,Normal
HIP 65407 b,HIP 65407,Radial Velocity,2016,28.125,14.3,1.28,136.03124,0.428,610.68,61.7804,5460.0,0.93,0.952252,0,Cluster 0,0.9965688086747463,1,False,Normal
HD 12484 b,HD 12484,Radial Velocity,2016,58.83,13.2,1.17,947.1334,2.98,524.3,48.3367,5920.0,1.01,1.001848,0,Cluster 0,1.0736119179372547,1,False,Normal
NGTS-1 b,NGTS-1,Transit,2017,2.647298,14.90797,1.33,258.07796,0.812,790.0,218.121,3916.0,0.617,0.573,0,Cluster 0,1.2042795023265738,1,False,Normal
K2-148 b,K2-148,Transit,2018,4.38395,1.33,0.11865465,2.33,0.00733,733.87,124.458,4079.0,0.65,0.632,1,Cluster 1,1.0030465437062246,1,False,Normal
K2-158 b,K2-158,Transit,2018,10.06049,2.64,0.23552502,7.46,0.0235,794.0,197.299,5503.0,0.92,0.95,1,Cluster 1,0.9958936447731072,1,False,Normal
HD 86081 b,HD 86081,Radial Velocity,2006,2.1378431,13.6,1.21,470.3884,1.48,1860.31,103.936,5939.0,1.21,1.46,0,Cluster 0,1.0703386925627376,1,False,Normal
HD 45652 b,HD 45652,Radial Velocity,2008,44.073,14.3,1.28,137.62039,0.433,508.4,34.8541,5294.0,0.92,0.94,0,Cluster 0,1.0816993766071448,1,False,Normal
WASP-62 b,WASP-62,Transit,2012,4.41195,14.79588,1.32,165.2716,0.52,1475.3,175.631,6230.0,1.11,1.23,0,Cluster 0,1.0218679168731315,1,False,Normal
Kepler-419 c,Kepler-419,Transit Timing Variations,2014,675.47,12.6,1.13,2320.1,7.3,315.55,1011.36,6430.0,1.39,1.74,0,Cluster 0,1.1731856588570992,1,False,Normal
HIP 65426 b,HIP 65426,Imaging,2017,,16.8135,1.5,2860.47,9.0,1500.0,108.875,8840.0,1.96,1.77,0,Cluster 0,1.463648130583882,1,False,Normal
K2-148 d,K2-148,Transit,2018,9.7579,1.64,0.146311,3.33,0.0105,562.05,124.458,4079.0,0.65,0.632,1,Cluster 1,0.989549026719281,1,False,Normal
GJ 1265 b,GJ 1265,Radial Velocity,2018,3.6511,2.63,0.234,7.4,0.02328289,424.04,10.2525,3236.0,0.178,0.192,1,Cluster 1,1.172121472811089,1,False,Normal
HD 6061 b,HD 6061,Transit,2023,5.2549,2.42763557,0.21657951,10.0,0.03146352,1075.31,67.6203,5934.0,1.0269,1.0072,1,Cluster 1,1.1185248113670236,1,False,Normal
FU Tau b,FU Tau,Imaging,2008,,12.2,1.09,5085.28,16.0,2375.0,133.4950466,2838.0,0.05,,0,Cluster 0,1.274940958169313,1,False,Normal
Kepler-19 c,Kepler-19,Transit Timing Variations,2011,28.731,3.68,0.328,13.1,0.041217,589.64,218.562,5544.0,0.936,0.859,1,Cluster 1,1.1605806297005006,1,False,Normal
Kepler-25 d,Kepler-25,Radial Velocity,2014,122.4,10.0,0.894,71.9,0.226,544.68,243.249,6354.0,1.165,1.316,0,Cluster 0,1.1096523124771902,1,False,Normal
HIP 8541 b,HIP 8541,Radial Velocity,2016,1852.14387,12.6,1.13,2451.7283316,7.714,305.12,155.121,4672.0,2.009,6.84,3,Cluster 3,1.924425451453229,-1,True,Potential Outlier
K2-113 b,K2-113,Transit,2017,5.817685,12.14,1.08305826,410.0007,1.29,1098.0,635.722,5660.0,1.04,1.24,0,Cluster 0,1.0711676876587126,1,False,Normal
K2-152 b,K2-152,Transit,2018,32.6479,2.29,0.20430012,5.86,0.0184,337.0,108.449,4044.0,0.63,0.61,1,Cluster 1,0.9927984337805343,1,False,Normal
K2-243 c,K2-243,Transit,2018,24.94598,2.01,0.17932019,4.7,0.0148,801.0,266.864,6570.0,1.29,1.39,1,Cluster 1,1.3304885305866272,1,False,Normal
HD 13167 b,HD 13167,Radial Velocity,2018,2613.0,13.1,1.17,1052.0173,3.31,208.79,148.934,5671.0,1.35,2.39,0,Cluster 0,1.2389178185381309,1,False,Normal
TOI-929 b,TOI-929,Transit,2026,5.83015366944,2.68983343,0.23997128,7.7,0.0242,774.0,114.421,4457.16,0.7,0.717414,1,Cluster 1,1.0292395033179258,1,False,Normal
K2-162 b,K2-162,Transit,2018,9.45889,1.44,0.1284682,2.67,0.00839,631.0,124.433,4842.0,0.75,0.69,1,Cluster 1,1.014017102038928,1,False,Normal
K2-161 b,K2-161,Transit,2018,9.283188,6.11721229,0.54574113,31.1,0.0978,,916.319,4972.0,0.986876,2.568173,1,Cluster 1,1.5842309005667292,-1,True,Potential Outlier
KELT-3 b,KELT-3,Transit,2013,2.70339,17.48604,1.56,616.5902,1.94,1816.0,210.252,6304.0,1.96,1.7,0,Cluster 0,1.3676394413160446,1,False,Normal
Kepler-97 c,Kepler-97,Radial Velocity,2014,789.0,,,344.0,1.08,,400.907,5779.0,0.94,0.98,1,Cluster 1,1.475527275671779,1,False,Normal
KELT-14 b,KELT-14,Transit,2016,1.7100566,19.537287,1.743,408.09372,1.284,1970.0,250.121,5720.0,1.239,1.52,0,Cluster 0,1.1399902506770467,1,False,Normal
tau Cet h,tau Cet,Radial Velocity,2017,49.41,1.19,0.106,1.83,0.0057578,473.22,3.60304,5310.0,0.783,0.83,1,Cluster 1,1.3263557475403327,1,False,Normal
K2-154 c,K2-154,Transit,2018,7.95486,2.07,0.18467303,4.94,0.0155,552.0,129.356,4097.0,0.65,0.63,1,Cluster 1,0.9858242282717342,1,False,Normal
K2-246 b,K2-246,Transit,2018,5.76918,3.49,0.31135695,12.0,0.0377,977.0,703.616,5610.0,0.87,0.94,1,Cluster 1,1.1996053813605938,1,False,Normal
TOI-969 b,TOI-969,Transit,2022,1.8237305,2.765,0.2466772,9.1,0.0286318,941.0,77.2554,4435.0,0.734,0.671,1,Cluster 1,1.0934010739049387,1,False,Normal
TOI-1291 b,TOI-1291,Transit,2026,7.1620097551,5.63826391,0.50301308,27.1,0.0851,1649.0,428.123,6139.95,1.2,1.8109,1,Cluster 1,1.2256811842083393,1,False,Normal
HD 220689 b,HD 220689,Radial Velocity,2012,2266.4,13.7,1.22,381.3940884,1.2,160.11,46.8778,5921.0,1.016,1.068,0,Cluster 0,1.1612196135628072,1,False,Normal
GJ 163 b,GJ 163,Radial Velocity,2013,8.63182,3.25,0.29,10.6,0.03335116,438.49,15.1285,3500.0,0.4,0.409738,1,Cluster 1,1.0226282830700912,1,False,Normal
WASP-104 b,WASP-104,Transit,2014,1.7554137,12.745,1.137,404.263,1.272,1516.0,185.932,5475.0,1.076,0.963,0,Cluster 0,1.0634535610854665,1,False,Normal
HAT-P-53 b,HAT-P-53,Transit,2015,1.9616241,14.773462,1.318,471.65972,1.484,1778.0,666.802,5956.0,1.093,1.209,0,Cluster 0,1.028511361399854,1,False,Normal
HD 111591 b,HD 111591,Radial Velocity,2017,1056.4,12.9,1.15,1398.452,4.4,422.08,114.166,4884.0,1.94,8.03,3,Cluster 3,1.0628291614780294,1,False,Normal
K2-155 b,K2-155,Transit,2018,6.342,1.8,0.16058524,3.89,0.0123,708.0,72.7998,4258.0,0.65,0.58,1,Cluster 1,0.9974952938105158,1,False,Normal
HD 180053 b,HD 180053,Radial Velocity,2018,213.72,13.3,1.19,697.31902,2.194,542.98,137.043,5131.0,1.75,4.06,3,Cluster 3,1.2611592784209993,1,False,Normal
TOI-1669 c,TOI-1669,Transit,2024,2.6800535,2.2963977,0.20487123,13.0,0.04090257,1285.16,111.276,5497.0,0.9867,1.0561,1,Cluster 1,1.152910053624944,1,False,Normal
K2-165 d,K2-165,Transit,2018,14.101361,2.64809498,0.23624721,7.5,0.0236,629.38,134.591,5185.0,0.834847,0.803827,1,Cluster 1,0.9681845238568266,1,False,Normal
DENIS-P J082303.1-491201 b,DENIS-P J082303.1-491201,Astrometry,2013,246.36,11.9,1.06,9057.77,28.5,,20.77,,0.075,,0,Cluster 0,1.1493641627087496,1,False,Normal
NGC 2682 YBP 1514 b,NGC 2682 YBP 1514,Radial Velocity,2014,5.118,14.0,1.25,127.132,0.4,,914.221,5725.0,0.96,0.89,0,Cluster 0,0.9930021177292939,1,False,Normal
HD 14067 b,HD 14067,Radial Velocity,2014,2744.0,12.2,1.09,4862.7746271,15.3,360.28,142.024,4815.0,2.4,12.4,0,Cluster 0,1.9912934727121037,-1,True,Potential Outlier
K2-30 b,K2-30,Transit,2016,4.098503,11.646151,1.039,184.02357,0.579,1092.0,333.042,5425.0,0.9,0.844,0,Cluster 0,0.973118918319758,1,False,Normal
YZ Cet d,YZ Cet,Radial Velocity,2017,4.65626,1.03,0.0921,1.09,0.00342952,356.7,3.71207,3151.0,0.142,0.157,1,Cluster 1,0.9702698152206463,1,False,Normal
Kepler-90 i,KOI-351,Transit,2017,14.44912,1.32,0.11776251,2.3,0.00724,709.0,848.254,6015.0,1.12,1.29,1,Cluster 1,1.0937886566889417,1,False,Normal
HD 75784 c,HD 75784,Radial Velocity,2018,7900.0,12.8,1.14,1792.5612,5.64,149.31,85.4321,4867.0,1.26,3.4,3,Cluster 3,1.455111318576797,1,False,Normal
WASP-56 b,WASP-56,Transit,2012,4.6171,10.53646,0.94,143.0235,0.45,1216.0,321.084,5600.0,0.71,0.96,0,Cluster 0,1.368509284904068,1,False,Normal
GJ 667 C g,GJ 667 C,Radial Velocity,2013,256.2,1.99,0.177,4.6,0.014,,7.24396,3350.0,0.33,,1,Cluster 1,1.0320634494103533,1,False,Normal
WASP-135 b,WASP-135,Transit,2015,1.4013794,14.5717,1.3,603.877,1.9,1403.66,298.214,5675.0,0.98,0.96,0,Cluster 0,1.1898850647590546,1,False,Normal
CoRoT-32 b,CoRoT-32,Transit,2018,6.71837,6.38913,0.57,47.6745,0.15,938.0,576.683,5970.0,1.08,0.79,1,Cluster 1,1.0860339212900805,1,False,Normal
TOI-1054.01,TOI-1054,Transit,2021,15.5077855,2.43432,0.21717586,6.5,0.0205,853.0,88.4343,6122.0,1.14,1.17,1,Cluster 1,1.0265894223757217,1,False,Normal
Kepler-504 b,Kepler-504,Transit,2016,9.549275422,1.59,0.1418503,3.15,0.00993,374.0,99.0688,3519.0,0.33,0.33,1,Cluster 1,0.9897033038150592,1,False,Normal
TOI-1694 b,TOI-1694,Transit,2023,3.7701389,5.27,0.47015872,28.24,0.08885298,1037.0,124.68,5005.0,0.828,0.812,1,Cluster 1,1.1752196451548258,1,False,Normal
TOI-1691 b,TOI-1691,Transit,2024,16.736888935,3.66,0.32652389,14.6,0.04593674,703.49,111.445,5759.0,1.03,1.0,1,Cluster 1,1.1286370123394707,1,False,Normal
K2-221 b,K2-221,Transit,2018,2.399094,1.67890272,0.14978167,3.46,0.0109,,318.81,5716.0,1.010842,0.947599,1,Cluster 1,1.0133030059557333,1,False,Normal
GJ 504 b,GJ 504,Imaging,2013,,12.10569916,1.08,1271.3,4.0,510.0,17.5299,6234.0,1.22,1.26,0,Cluster 0,1.1135650027691943,1,False,Normal
WASP-68 b,WASP-68,Transit,2014,5.0843,14.79588,1.32,343.2564,1.08,1490.0,226.399,5910.0,1.49,1.79,0,Cluster 0,1.1797086610987964,1,False,Normal
psi1 Dra B b,psi1 Dra B,Radial Velocity,2015,3117.0,13.5,1.21,486.2799,1.53,159.48,22.7188,6212.0,1.19,1.255735,0,Cluster 0,1.0363215331600666,1,False,Normal
K2-118 b,K2-118,Transit,2017,50.92092,2.54,0.22660362,6.99,0.022,394.64,321.722,4726.29,0.756446,0.734626,1,Cluster 1,0.987774365373053,1,False,Normal
GJ 3942 b,GJ 3942,Radial Velocity,2017,6.905,2.57,0.229,7.14,0.02246484,590.0,16.9287,3867.0,0.63,0.61,1,Cluster 1,1.0426811684683184,1,False,Normal
Kepler-1654 b,Kepler-1654,Transit,2018,1047.8356,9.180171,0.819,158.915,0.5,206.0,568.117,5597.0,1.011,1.179,0,Cluster 0,1.036446157174351,1,False,Normal
TOI-1695 b,TOI-1695,Transit,2022,3.1342791,1.9,0.16950694,6.36,0.0200108,698.0,45.1309,3690.0,0.513,0.515,1,Cluster 1,0.999940483559515,1,False,Normal
Kepler-750 b,Kepler-750,Transit,2016,9.42887179,3.07,0.27388706,9.64,0.0303,1163.0,1296.02,6160.0,1.15,1.23,1,Cluster 1,1.0709195343343965,1,False,Normal
WASP-78 b,WASP-78,Transit,2012,2.17518,21.63337,1.93,352.7913,1.11,2469.7,754.258,6100.0,1.87,2.46,0,Cluster 0,1.437190207995195,1,False,Normal
HD 66141 b,HD 66141,Radial Velocity,2012,480.5,12.8,1.14,1906.9,6.0,880.31,68.1509,4323.0,1.1,21.4,3,Cluster 3,1.2714579898426455,1,False,Normal
HD 203030 b,HD 203030,Imaging,2006,,14.4595851,1.29,3496.112477,11.0,1040.0,39.2503,5603.0,0.94,0.856458,0,Cluster 0,1.366481845749019,1,False,Normal
WASP-88 b,WASP-88,Transit,2014,4.954,16.36514,1.46,133.4886,0.42,1772.0,523.756,6430.0,0.94,1.8,0,Cluster 0,1.2177762265179117,1,False,Normal
KIC 10001893 c,KIC 10001893,Orbital Brightness Modulation,2014,0.32528,,,,,,1672.94,27500.0,0.47,0.18,7,Cluster 7,4.742738176672298,-1,True,Potential Outlier
Wolf 1061 d,Wolf 1061,Radial Velocity,2015,217.21,2.69,0.24,7.7,0.02422679,130.24,4.30592,3342.0,0.294,0.307,1,Cluster 1,1.249938470367857,1,False,Normal
K2-130 b,K2-130,Transit,2017,2.49412,1.25,0.11151753,2.1,0.0066,1013.11,118.011,4356.47,0.69563,0.744261,1,Cluster 1,1.0642682231684253,1,False,Normal
K2-129 b,K2-129,Transit,2017,8.239493,1.04,0.09278259,1.12,0.00352,419.19,27.7957,3459.09,0.360031,0.36001,1,Cluster 1,1.026812740178191,1,False,Normal
HD 147379 b,HD 147379,Radial Velocity,2017,86.58,4.94,0.44,21.6,0.0679612,276.66,10.7643,4090.0,0.58,0.628304,1,Cluster 1,1.33677162929918,1,False,Normal
HATS-42 b,HATS-42,Transit,2018,2.292102,15.6926,1.4,597.5204,1.88,1856.0,800.377,6060.0,1.273,1.48,0,Cluster 0,1.0440228458538163,1,False,Normal
WASP-144 b,WASP-144,Transit,2018,2.2783152,9.52765,0.85,139.8452,0.44,1260.0,355.513,5200.0,0.81,0.81,0,Cluster 0,1.160966240378149,1,False,Normal
TOI-128.01,TOI-128,Transit,2024,4.9404681,2.21898,0.19774964,5.56,0.0175,1344.51,68.4727,6086.0,0.851969,1.13,1,Cluster 1,1.6209782797437011,-1,True,Potential Outlier
HD 83443 c,HD 83443,Radial Velocity,2022,8241.0,13.6,1.21,476.7426105,1.5,89.95,40.8991,5442.0,1.0,0.94,0,Cluster 0,1.145543012045147,1,False,Normal
TOI-1347 c,TOI-1347,Transit,2024,4.841962,1.6,0.14274268,6.4,0.02013665,1000.0,147.476,5464.0,0.913,0.83,1,Cluster 1,1.0709924012681047,1,False,Normal
HD 108147 b,HD 108147,Radial Velocity,2002,10.8985,10.9,0.973,82.95,0.261,890.0,38.92,6255.73,1.22,1.20664,0,Cluster 0,1.0154354671509043,1,False,Normal
CHXR 73 b,CHXR 73,Imaging,2006,,12.3,1.1,3994.486,12.569,,190.374,3099.0,0.35,,0,Cluster 0,1.2023821737074663,1,False,Normal
KIC 8540376 b,KOI-7892,Transit,2015,31.8099,4.1,0.3657775,15.8,0.0496,,1072.3,6474.0,1.04,1.26,1,Cluster 1,1.386760819134368,1,False,Normal
HATS-51 b,HATS-51,Transit,2017,3.3488702,15.80469,1.41,244.09344,0.768,1553.0,389.57,5758.0,1.187,1.44,0,Cluster 0,1.0139038495539323,1,False,Normal
K2-233 b,K2-233,Transit,2018,2.467583,1.315,0.11731664,2.4,0.00755124,1127.0,67.5062,4796.0,0.79,0.71,1,Cluster 1,1.153085257957273,1,False,Normal
Kepler-814 b,Kepler-814,Transit,2016,6.1469851,2.12,0.18913373,5.14,0.0162,1164.0,2055.77,6162.0,1.15,1.22,1,Cluster 1,0.9981041066026117,1,False,Normal
TOI-209 b,TOI-209,Transit,2026,4.37943587445,2.3947209,0.21364306,6.32,0.0199,845.78,113.387,4806.66,0.81,0.742779,1,Cluster 1,1.1168602976647655,1,False,Normal
HD 18599 b,HD 18599,Transit,2022,4.1374354,2.6,0.23195686,24.1,0.07582708,863.0,38.5653,5145.0,0.863,0.767,1,Cluster 1,1.200141413594655,1,False,Normal
Kepler-127 c,Kepler-127,Transit,2014,29.393195,2.66,0.237,7.56,0.0238,698.0,352.794,6106.0,1.248,1.359,1,Cluster 1,1.0486254679221436,1,False,Normal
HIP 55507 b,HIP 55507,Radial Velocity,2022,5138.43727,12.6,1.12,2585.53409095,8.135,76.05,25.4893,4171.0,0.65,0.723643,0,Cluster 0,1.1693611748044492,1,False,Normal
NGC 2682 Sand 1429 b,NGC 2682 Sand 1429,Radial Velocity,2024,77.48,13.4,1.2,572.0911326,1.8,683.0,852.793,6000.0,1.26,2.13,0,Cluster 0,1.0770185739097982,1,False,Normal
Kepler-955 b,Kepler-955,Transit,2016,14.53244172,3.13,0.2792399,9.96,0.0313,664.0,550.383,5350.0,0.89,0.84,1,Cluster 1,1.070509821510833,1,False,Normal
Kepler-962 b,Kepler-962,Transit,2016,12.05707239,1.97,0.17575163,4.54,0.0143,689.0,411.486,5478.0,0.93,0.86,1,Cluster 1,1.0162343870746962,1,False,Normal
TOI-5678 b,TOI-5678,Transit,2023,47.73022,4.91,0.43804161,20.0,0.06292704,513.0,165.393,5485.0,0.905,0.938,1,Cluster 1,1.0744164678561545,1,False,Normal
HD 155918 c,HD 155918,Radial Velocity,2022,17202.19446,12.8,1.14,1878.04805696,5.909,77.38,27.561,5771.84,1.03,1.01906,0,Cluster 0,0.9812926288774507,1,False,Normal
TOI-6034 b,TOI-6034,Transit,2024,2.576184,11.92,1.063,254.0,0.798,714.0,117.992,3635.0,0.514,0.489,0,Cluster 0,0.9842172044870795,1,False,Normal
HD 101581 b,HIP 56998,Transit,2025,4.46569,0.956,0.08528875,0.827,0.0026,834.0,12.7781,4675.0,0.653,0.63,1,Cluster 1,1.083291327963547,1,False,Normal
Kepler-922 b,Kepler-922,Transit,2016,0.938466832,1.42,0.12668391,2.6,0.00819,1876.0,536.323,5671.0,0.95,0.93,1,Cluster 1,1.0493438255494616,1,False,Normal
Barnard c,Barnard's star,Radial Velocity,2025,4.1244,0.743,0.0663,0.335,0.00105403,400.0,1.82655,3195.0,0.162,0.185,1,Cluster 1,0.9812666511198245,1,False,Normal
TIC 32032563 b,TIC 32032563,Transit,2026,13.83460487791,3.47739942,0.31023333,11.9,0.0375,,507.858,5567.93,1.05,1.00188,1,Cluster 1,1.118051790652076,1,False,Normal
Kepler-911 b,Kepler-911,Transit,2016,20.310501,2.6,0.23195646,7.27,0.0229,931.0,556.168,6112.0,1.34,1.99,1,Cluster 1,1.1837834812694417,1,False,Normal
HD 16905 b,HD 16905,Radial Velocity,2022,10256.0,12.4,1.11,3591.4609991,11.3,69.63,39.7401,4866.12,0.85,0.77494,0,Cluster 0,1.0856643142924303,1,False,Normal
HD 184010 b,HD 184010,Radial Velocity,2022,286.6,12.1,1.08,98.52680617,0.31,545.04,60.7993,4971.0,1.35,4.86,3,Cluster 3,1.1972480003688015,1,False,Normal
TOI-6041 b,TOI-6041,Transit,2025,26.04945,4.55,0.40592451,28.9,0.09092957,605.6,72.4731,5445.0,0.885,0.879,1,Cluster 1,1.0725808616728432,1,False,Normal
TOI-6281 b,TOI-6281,Transit,2026,1.05426244177,1.92416074,0.17166242,4.36,0.0137,2240.0,57.7451,4533.23,0.65,0.874219,1,Cluster 1,1.7550501458352592,-1,True,Potential Outlier
TOI-4600 c,TOI-4600,Transit,2023,482.8191,9.42,0.841,2946.26933289,9.27,191.0,216.056,5170.0,0.89,0.81,0,Cluster 0,1.1783370900413481,1,False,Normal
Luhman 16 b,Luhman 16 A,Imaging,2017,9697.0,11.9,1.06,9344.1551658,29.4,,,,0.0338,,0,Cluster 0,1.178787961199266,1,False,Normal
Barnard b,Barnard's star,Radial Velocity,2024,3.1542,0.72,0.0642,0.299,0.00094076,438.0,1.82655,3195.0,0.162,0.185,1,Cluster 1,0.9805882811196327,1,False,Normal
Barnard e,Barnard's star,Radial Velocity,2025,6.7392,0.637,0.0568,0.193,0.00060725,340.0,1.82655,3195.0,0.162,0.185,1,Cluster 1,0.9714779320570454,1,False,Normal
HD 224018 c,HD 224018,Transit,2025,36.57669,2.42,0.21589831,10.4,0.03272206,641.0,105.48,5784.0,1.013,1.147,1,Cluster 1,1.1482163205288187,1,False,Normal
TIC 38825265 b,TIC 38825265,Transit,2026,3.31336980985,2.18869476,0.1952626,5.43,0.0171,,165.638,4375.52,0.64,0.664503,1,Cluster 1,1.001317180856437,1,False,Normal
Kepler-1012 b,Kepler-1012,Transit,2016,5.50860439,1.29,0.11508609,2.21,0.00696,934.0,411.077,5556.0,0.95,0.91,1,Cluster 1,1.017198240066847,1,False,Normal
Kepler-1754 b,Kepler-1754,Transit,2021,8.195949554,2.43996509,0.21767948,6.53,0.0205,672.0,718.945,4723.0,0.734,0.747,1,Cluster 1,1.0044341980389038,1,False,Normal
LHS 1678 d,LHS 1678,Transit,2024,4.9652229,0.981,0.08751911,0.907,0.00285,462.95,19.8782,3490.0,0.345,0.329,1,Cluster 1,1.0162162284364282,1,False,Normal
HD 18143 c,HD 18143,Radial Velocity,2022,28982.41764,12.5,1.11,3177.64841319,9.998,54.55,22.5243,5078.0,0.85,0.87,0,Cluster 0,1.0508166138667425,1,False,Normal
Kepler-935 b,Kepler-935,Transit,2016,4.88083852,1.35,0.12043893,2.39,0.00752,879.0,471.782,4830.0,0.78,0.73,1,Cluster 1,1.010591886087748,1,False,Normal
Kepler-879 c,Kepler-879,Transit,2024,0.646716,0.4,0.03568567,0.0364,0.000115,,802.672,5456.75,0.974,1.022,1,Cluster 1,1.5240724111115191,-1,True,Potential Outlier
ZTF J1230-2655 b,ZTF J1230-2655,Transit,2025,0.23597766,13.78704626,1.23,7024.0077947,22.1,2949.65,186.69,10000.0,0.646,0.0123,0,Cluster 0,1.3809539905653225,1,False,Normal
TIC 270471727 b,TIC 270471727,Transit,2026,10.45623256647,2.75029559,0.24536536,8.0,0.0252,1147.1,182.104,5271.39,0.9,0.997091,1,Cluster 1,1.0764888295804353,1,False,Normal
TIC 65612701 b,TIC 65612701,Transit,2026,10.22467974953,5.07802804,0.4530321,22.7,0.0713,,151.624,5692.29,1.06,1.73709,1,Cluster 1,1.086618362306786,1,False,Normal
Kepler-1014 b,Kepler-1014,Transit,2016,16.57110363,2.39,0.21322152,6.3,0.0198,614.0,624.8,5388.0,0.88,0.84,1,Cluster 1,1.0028200588053586,1,False,Normal
Kepler-1044 b,Kepler-1044,Transit,2016,6.77408868,2.67,0.23820145,7.61,0.0239,1058.0,1278.96,5985.0,1.08,1.11,1,Cluster 1,1.0005115270231129,1,False,Normal
Kepler-66 b,Kepler-66,Transit,2013,17.815815,2.8,0.25,8.25,0.0259,699.0,1202.96,5962.0,1.038,0.966,1,Cluster 1,1.0035559840927177,1,False,Normal
Kepler-857 b,Kepler-857,Transit,2016,85.35129427,6.8,0.60665537,37.2,0.117,390.0,983.502,5773.0,0.99,0.99,0,Cluster 0,0.9968034983003161,1,False,Normal
TOI-6080 b,TOI-6080,Transit,2026,8.05562348084,3.32424168,0.29656949,11.0,0.0347,919.33,188.183,5775.46,1.01,1.06221,1,Cluster 1,1.0542234486155764,1,False,Normal
Wolf 1069 b,Wolf 1069,Radial Velocity,2023,15.564,1.08,0.0959,1.26,0.0039644,250.1,9.58341,3158.0,0.167,0.1813,1,Cluster 1,1.0272991014653847,1,False,Normal
TOI-6330 b,TOI-6330,Transit,2025,6.8500246,10.89,0.972,3179.0,10.0,495.0,139.042,3539.0,0.531,0.49,0,Cluster 0,1.2983285069238542,1,False,Normal
ITG 15 b,ITG 15 A,Imaging,2024,,12.1,1.08,6674.396547,21.0,2601.0,136.37,,,,0,Cluster 0,1.0869509265261375,1,False,Normal
WISPIT 2 b,WISPIT 2,Imaging,2025,,17.93436912,1.6,1541.46777395,4.85,33.46,134.907,4400.0,1.08,1.418,0,Cluster 0,2.25915822981003,-1,True,Potential Outlier
NGTS-38 b,NGTS-38,Transit,2026,180.52797,12.11690814,1.081,1516.04150139,4.77,457.0,268.637,6310.0,1.46,1.88,0,Cluster 0,1.146334805844965,1,False,Normal
TOI-5210 b,TOI-5210,Transit,2025,4.5661061,10.72699453,0.957,81.99972901,0.258,1286.0,302.086,5723.0,1.105,1.209,0,Cluster 0,1.0233551494425224,1,False,Normal
TOI-5726.01,TOI-5726,Transit,2024,5.491125215,2.554,0.22785301,7.05,0.0222,1093.03,108.848,5874.0,1.06,1.106,1,Cluster 1,1.0119111557829403,1,False,Normal
HD 194490 b,HD 194490,Radial Velocity,2022,13092.18348,12.4,1.11,3561.90295725,11.207,90.87,80.2349,5861.32,1.06,1.14911,0,Cluster 0,1.0349773123865067,1,False,Normal
HD 190228 b,HD 190228,Radial Velocity,2022,1143.59858,12.9,1.15,1598.67688721,5.03,267.99,62.7146,5360.0,1.415,2.58658,0,Cluster 0,1.1969388734936832,1,False,Normal
HD 206893 b,HD 206893,Imaging,2021,11100.0,14.01122587,1.25,6197.6539365,19.5,1429.2,40.7583,6500.0,1.31,1.31116,0,Cluster 0,1.3242803379500299,1,False,Normal
HD 112570 b,HD 112570,Radial Velocity,2023,2615.0,13.1,1.17,1086.97315194,3.42,364.01,101.166,4750.0,1.15,9.85,3,Cluster 3,1.4041490757127844,1,False,Normal
HD 154391 b,HD 154391,Radial Velocity,2023,5163.0,12.5,1.12,2892.2385037,9.1,253.57,100.947,4909.0,2.07,8.56,3,Cluster 3,2.037201357616656,-1,True,Potential Outlier
G 196-3 b,G 196-3,Imaging,2024,,12.0,1.07,8263.538582,26.0,1670.0,21.7912,3517.0,0.519782,0.522432,0,Cluster 0,1.1112128521752287,1,False,Normal
Kepler-1026 b,Kepler-1026,Transit,2016,36.5156053,2.21,0.19716299,5.52,0.0174,425.0,351.239,4948.0,0.79,0.75,1,Cluster 1,0.9888796155871604,1,False,Normal
G 261-6 b,G 261-6,Radial Velocity,2025,5.4536,1.1,0.0982,1.37,0.0043105,322.3,10.6267,2907.0,0.118,0.153162,1,Cluster 1,0.9998114488930977,1,False,Normal
TOI-5789 d,TOI-5789,Radial Velocity,2026,29.65,1.91,0.17,4.29,0.01349785,545.0,20.4581,5185.0,0.821,0.833,1,Cluster 1,1.0064797534890042,1,False,Normal
TOI-5789 b,TOI-5789,Radial Velocity,2026,2.76369,1.26,0.112,2.12,0.00667027,1201.0,20.4581,5185.0,0.821,0.833,1,Cluster 1,1.023928126187943,1,False,Normal
TIC 142589416 b,TIC 142589416,Transit,2026,2.09518466313,2.67899519,0.23900435,7.65,0.0241,,168.933,4396.27,0.641,0.713832,1,Cluster 1,1.0225916876627137,1,False,Normal
NGTS-39 b,NGTS-39,Transit,2026,58.20472,12.195371,1.088,466.25427307,1.467,519.0,278.402,6053.0,1.16,1.16,0,Cluster 0,1.1674200684473652,1,False,Normal
Gliese 48 b,Gliese 48,Radial Velocity,2026,39.6299,2.77,0.247,8.11,0.02551691,271.0,8.23366,3450.0,0.47,0.463,1,Cluster 1,1.0327374740665218,1,False,Normal
Kepler-993 b,Kepler-993,Transit,2016,22.08557563,2.97,0.26496565,9.11,0.0287,352.0,324.423,3843.0,0.57,0.54,1,Cluster 1,1.0420018670029911,1,False,Normal
Kepler-80 d,Kepler-80,Transit,2014,3.07222,1.53,0.13649746,6.75,0.02123777,722.0,369.451,4540.0,0.73,0.678,1,Cluster 1,1.1652240606707631,1,False,Normal
K2-411 b,K2-411,Transit,2022,3.2141,0.9898,0.08830419,0.937,0.00295,1428.52,298.219,5711.0,1.018,1.375,1,Cluster 1,1.0127427006810206,1,False,Normal
HD 169142 b,HD 169142,Imaging,2023,,13.1,1.17,953.485221,3.0,71.02,113.6,7246.0,1.85,1.53702,0,Cluster 0,2.0561972103947257,-1,True,Potential Outlier
TOI-6383 A b,TOI-6383 A,Transit,2024,1.79058695,11.29,1.008,331.0,1.04,745.0,171.319,3444.0,0.458,0.457,0,Cluster 0,1.0250195585774136,1,False,Normal
TIC 139270665 b,TIC 139270665,Transit,2024,23.624,7.22979255,0.645,147.15455244,0.463,703.0,189.875,5844.0,1.035,1.016,1,Cluster 1,1.0223123462146202,1,False,Normal
TOI-7149 b,TOI-7149,Transit,2025,2.65206166,13.2,1.18,224.0,0.705,593.0,126.126,3363.0,0.344,0.351,0,Cluster 0,1.245829976737044,1,False,Normal
Kepler-348 b,Kepler-348,Transit,2014,7.05677,1.52,0.136,2.92,0.0092,1196.0,570.783,6177.0,1.189,1.359,1,Cluster 1,0.9904264051898226,1,False,Normal
TOI-5789 e,TOI-5789,Radial Velocity,2026,62.98,3.43,0.306,11.61,0.03652915,424.0,20.4581,5185.0,0.821,0.833,1,Cluster 1,1.0435248644677932,1,False,Normal
TIC 154870955 b,TIC 154870955,Transit,2026,7.9698747128,3.09467466,0.27608886,9.77,0.0307,,226.463,4739.58,0.828,0.724328,1,Cluster 1,1.148552437592293,1,False,Normal
Kepler-332 b,Kepler-332,Transit,2014,7.626324,1.17,0.104,1.71,0.00537,703.0,344.19,4955.0,0.743,0.72,1,Cluster 1,1.0532630527138473,1,False,Normal
TOI-5238 b,TOI-5238,Transit,2022,4.872171,5.22,0.46569801,23.7,0.0747,1042.0,290.646,5631.0,1.0,1.02283,1,Cluster 1,1.1144729382462133,1,False,Normal
Kepler-914 b,Kepler-914,Transit,2016,4.40966548,1.38,0.12311535,2.48,0.0078,1192.0,753.723,5877.0,1.1,1.15,1,Cluster 1,1.0033352733123821,1,False,Normal
K2-413 c,K2-413,Transit,2022,5.3301,1.2327,0.10997432,2.05,0.00644,804.55,285.162,4116.0,0.808,0.7,1,Cluster 1,1.7004810047847054,-1,True,Potential Outlier
TOI-6086 b,TOI-6086,Transit,2024,1.3888725,1.18,0.10527273,1.76,0.00553,634.0,31.4566,3200.0,0.254,0.259,1,Cluster 1,1.0609007726407815,1,False,Normal
Kepler-314 c,Kepler-314,Transit,2014,5.960392,2.9,0.259,8.75,0.0275,890.0,268.881,5378.0,0.99,0.95,1,Cluster 1,1.1623694669800297,1,False,Normal
HIP 29442 c,TOI-469,Radial Velocity,2023,3.5379559,1.551,0.13837119,4.5,0.01415858,1123.0,68.192,5289.0,0.901,0.98,1,Cluster 1,1.110360388612565,1,False,Normal
HD 63433 d,HD 63433,Transit,2023,4.209075,1.073,0.09572681,1.25,0.00394,1040.0,22.4035,5688.0,0.99,0.912,1,Cluster 1,0.9833062518025569,1,False,Normal
Kepler-317 b,Kepler-317,Transit,2014,5.524242,2.09,0.186,109.8,0.345,976.0,940.584,5497.0,0.865,0.941,2,Cluster 2,1.186870091286256,1,False,Normal
TOI-7384 b,TOI-7384,Transit,2026,6.2340258,3.56,0.318,12.4,0.039,378.0,66.7902,3185.0,0.318,0.319,1,Cluster 1,1.2154492158282935,1,False,Normal
Kepler-1768 b,Kepler-1768,Transit,2021,15.13589954,2.23346338,0.1992566,5.62,0.0177,933.0,632.766,6050.0,1.24,1.572,1,Cluster 1,1.0729913473380446,1,False,Normal
Kepler-981 b,Kepler-981,Transit,2016,4.469757736,2.31,0.2060844,5.95,0.0187,1103.0,878.082,5718.0,0.98,0.96,1,Cluster 1,0.994877581881912,1,False,Normal
Kepler-1043 b,Kepler-1043,Transit,2016,38.5053398,2.55,0.22749576,7.04,0.0221,532.0,903.332,5629.0,0.92,0.9,1,Cluster 1,0.9779074041729505,1,False,Normal
TOI-5777 b,TOI-5777,Transit,2026,6.91716177373,3.09551273,0.27616362,9.78,0.0308,602.0,114.277,4408.03,0.658,0.671912,1,Cluster 1,1.015111514222005,1,False,Normal
HIP 113103 b,HIP 113103,Transit,2023,7.610303,1.829,0.16317273,4.0,0.0126,721.0,46.2122,4930.0,0.761,0.742,1,Cluster 1,0.990269202379082,1,False,Normal
UCAC3 113-933 b,UCAC3 113-933,Imaging,2024,,12.1,1.08,6674.396547,21.0,1.79,52.5829,3864.0,0.61,0.564484,0,Cluster 0,4.096004621257338,-1,True,Potential Outlier
HD 73344 c,HD 73344,Radial Velocity,2025,65.94,13.5,1.2,118.54999581,0.373,562.57,35.26,6148.0,1.19,1.22,0,Cluster 0,1.1389776006283223,1,False,Normal
Kepler-139 f,Kepler-139,Transit Timing Variations,2025,355.0,6.67,0.595,36.0,0.11326867,,391.038,5630.0,1.078,1.045,1,Cluster 1,1.054200969926311,1,False,Normal
TIC 249022743 b,TIC 249022743,Transit,2026,2.25719681538,4.79568155,0.42784279,20.6,0.0647,,396.46,5567.58,1.0,1.2084,1,Cluster 1,1.0843024280906948,1,False,Normal
TIC 260969020 b,TIC 260969020,Transit,2026,8.48584501953,2.22686612,0.19866803,5.59,0.0176,,121.222,4572.94,0.75,0.68988,1,Cluster 1,0.9852593577778977,1,False,Normal
Kepler-62 e,Kepler-62,Transit,2013,122.3874,1.61,0.144,36.0,0.113,270.0,300.874,4925.0,0.69,0.64,1,Cluster 1,1.3511064607470344,1,False,Normal
HD 105618 c,HD 105618,Radial Velocity,2022,77114.07158,11.9,1.07,8419.59232984,26.491,51.64,70.0837,5671.0,1.01,1.27399,0,Cluster 0,1.0750392176345505,1,False,Normal
HIP 113103 c,HIP 113103,Transit,2023,14.245648,2.4,0.21411403,6.35,0.02,585.0,46.2122,4930.0,0.761,0.742,1,Cluster 1,0.9773558425510831,1,False,Normal
Kepler-1053 b,Kepler-1053,Transit,2016,2.414351654,0.98,0.08742974,0.904,0.00284,953.0,151.129,4529.0,0.74,0.69,1,Cluster 1,1.0631684322289692,1,False,Normal
Kepler-102 d,Kepler-102,Transit,2014,10.311767,1.154,0.10295316,3.0,0.00943906,686.0,107.796,4909.0,0.803,0.724,1,Cluster 1,1.4037496056992702,1,False,Normal
HD 196067 c,HD 196067,Radial Velocity,2025,4.601088,3.21,0.286,10.4,0.03272206,,39.9346,6072.0,1.16,1.71,1,Cluster 1,1.04260443938407,1,False,Normal
GJ 887 d,GJ 887,Radial Velocity,2026,50.77,2.34,0.209,6.1,0.01919275,241.0,3.28679,3688.0,0.495,0.468,1,Cluster 1,1.026137908145396,1,False,Normal
Kepler-347 b,Kepler-347,Transit,2014,12.79836,1.97,0.176,4.54,0.0143,908.0,1298.88,6088.0,0.922,1.005,1,Cluster 1,1.190346759538413,1,False,Normal
HD 11112 b,HD 11112,Radial Velocity,2022,17244.90764,12.6,1.12,2598.56505563,8.176,94.51,44.3804,5905.64,1.07,1.47368,0,Cluster 0,0.975691509595471,1,False,Normal
Kepler-485 b,Kepler-485,Transit,2016,3.243259796,14.41,1.28557409,,,1243.0,1140.95,5958.0,1.07,1.09,0,Cluster 0,1.0223965095093999,1,False,Normal
TIC 393818343 b,TIC 393818343,Transit,2024,16.24921,12.18416202,1.087,1379.37528638,4.34,805.5,93.7345,5756.0,1.082,1.086,0,Cluster 0,1.11113819762519,1,False,Normal
Kepler-1032 b,Kepler-1032,Transit,2016,3.290117953,1.87,0.16683023,4.16,0.0131,802.0,673.01,4647.0,0.77,0.71,1,Cluster 1,0.9732349316997853,1,False,Normal
HD 284149 AB b,HD 284149 A,Imaging,2017,,12.0,1.07,8352.53053596,26.28,2395.0,117.807,6035.0,1.13,1.36,0,Cluster 0,1.108171776457409,1,False,Normal
WASP-132 d,WASP-132,Radial Velocity,2024,1816.6,12.8,1.15,1639.99458012,5.16,107.0,122.91,4686.0,0.789,0.758,0,Cluster 0,1.068539883844438,1,False,Normal
K2-157 c,K2-157,Radial Velocity,2025,25.942,6.08,0.543,30.8,0.0967,587.0,298.373,5334.0,0.89,0.86,1,Cluster 1,1.1690786786890544,1,False,Normal
KOINTREAU-4 b,2MASS J16262785-2625152,Imaging,2026,,12.2,1.09,4862.7746271,15.3,,145.434,3252.0,,,0,Cluster 0,1.3420264437964673,1,False,Normal
TIC 390586021 b,TIC 390586021,Transit,2026,2.74703755819,2.86009388,0.25516093,8.55,0.0269,,114.558,4434.81,0.648,0.726565,1,Cluster 1,1.0459071963303415,1,False,Normal
HD 113337 c,HD 113337,Radial Velocity,2020,5429.93477,12.1,1.08,6299.67685515,19.821,153.36,36.18,6774.0,1.41,1.5,0,Cluster 0,1.0837959968142834,1,False,Normal
HD 94771 b,HD 94771,Radial Velocity,2023,2164.0,14.2,1.27,169.0,0.53,200.79,57.7807,5631.0,1.2,1.903,0,Cluster 0,1.1386130538554589,1,False,Normal
TOI-6695 b,TOI-6695,Transit,2025,80.389,9.52763359,0.85,66.74396547,0.21,599.0,282.536,6400.0,1.338,1.517,0,Cluster 0,1.0822642743089184,1,False,Normal
Gaia-5 b,Gaia-5,Astrometry,2025,358.62,12.1,1.08,6633.07885409,20.87,,41.1813,3447.0,0.339,0.345,0,Cluster 0,1.1330647644226788,1,False,Normal
DMPP-2 d,DMPP-2,Radial Velocity,2026,16.491,11.6,1.03,91.79,0.28880364,1105.06,137.94,6500.0,1.41,1.78,0,Cluster 0,1.1687735195176,1,False,Normal
TIC 423703298 b,TIC 423703298,Transit,2026,4.03712711976,2.77230429,0.24732885,8.11,0.0255,,136.191,4540.37,0.691,0.729825,1,Cluster 1,1.0148179883567203,1,False,Normal
Kepler-335 b,Kepler-335,Transit,2014,6.562331,3.39,0.302,11.4,0.0359,1290.0,1278.97,5877.0,1.367,1.854,1,Cluster 1,1.2484336110529246,1,False,Normal
Kepler-1023 b,Kepler-1023,Transit,2016,62.1387714,2.63,0.23463288,7.41,0.0233,524.0,694.175,5494.0,0.93,0.89,1,Cluster 1,0.9785128989368603,1,False,Normal
TOI-5592 b,TOI-5592,Transit,2025,2.6085846,17.14974047,1.53,285.72773789,0.899,1789.0,597.026,6237.0,1.194,1.393,0,Cluster 0,1.002664859542763,1,False,Normal
HD 122562 c,HD 122562,Radial Velocity,2022,84.96276,10.1,0.903,73.10053361,0.23,552.02,53.2528,4956.0,1.241,2.16627,0,Cluster 0,1.543179987489505,-1,True,Potential Outlier
HD 115404 A c,HD 115404 A,Radial Velocity,2022,15319.22517,12.5,1.11,3279.67133183,10.319,61.22,10.9816,5019.17,0.83,0.727007,0,Cluster 0,1.0621879692061922,1,False,Normal
GJ 1002 c,GJ 1002,Radial Velocity,2022,21.202,1.1,0.098,1.36,0.00427904,181.7,4.84867,3024.0,0.12,0.137,1,Cluster 1,1.0955306919345915,1,False,Normal
Kepler-932 b,Kepler-932,Transit,2016,1.921437396,1.37,0.12222321,2.45,0.00771,1276.0,465.612,5331.0,0.87,0.84,1,Cluster 1,1.0053476530008503,1,False,Normal
TOI-6707 b,TOI-6707,Transit,2026,3.83479363758,5.72673066,0.51090557,27.8,0.0874,1509.43,641.467,6289.49,1.14,1.58202,1,Cluster 1,1.2243810375068735,1,False,Normal
Kepler-139 e,Kepler-139,Radial Velocity,2023,2047.635373,13.7,1.22,378.0,1.189321,154.06,391.038,5622.0,1.078,1.045,0,Cluster 0,1.1463279736751155,1,False,Normal
Kepler-328 c,Kepler-328,Transit,2013,71.312,5.4,0.482,39.4,0.124,475.0,2213.19,6064.0,1.15,1.06,1,Cluster 1,1.2463700077756246,1,False,Normal
TOI-7510 d,TOI-7510,Transit,2025,48.864468,10.52,0.939,190.0,0.597,542.4,249.006,5720.0,1.063,1.035,0,Cluster 0,1.0372737706098578,1,False,Normal
DMPP-7 b,DMPP-7,Radial Velocity,2026,4.984,9.13,0.815,61.39,0.19315454,1480.51,101.386,5996.82,1.09,1.53949,0,Cluster 0,1.0869877018294403,1,False,Normal
Kepler-1779 b,Kepler-1779,Transit,2021,16.34359932,3.03295685,0.27058275,9.44,0.0297,730.0,908.501,5730.0,1.008,1.056,1,Cluster 1,1.0149454154277457,1,False,Normal
Kepler-973 b,Kepler-973,Transit,2016,49.6077331,1.96,0.17485949,4.5,0.0142,402.0,328.52,5213.0,0.86,0.78,1,Cluster 1,1.0682506485879482,1,False,Normal
TOI-5595 b,TOI-5595,Transit,2026,5.99002553853,4.73740402,0.42264361,20.1,0.0634,621.0,136.955,4417.3,0.645,0.743344,1,Cluster 1,1.4695684974039733,1,False,Normal
HD 203387 b,HD 203387,Radial Velocity,2022,512.5352,13.1,1.17,1106.04285636,3.48,610.0,61.7477,5174.32,2.817,10.5852,3,Cluster 3,1.4209120593813087,1,False,Normal
TOI-6016 b,TOI-6016,Transit,2024,4.023687,13.67495645,1.22,371.85923619,1.17,1890.0,364.715,6110.0,1.31,1.51,0,Cluster 0,1.0995889229455236,1,False,Normal
HIP 99770 b,HIP 99770,Imaging,2023,18600.0,12.2,1.09,5403.082919,17.0,135.17,40.0765,8000.0,1.9,1.93986,0,Cluster 0,1.8752877176685256,-1,True,Potential Outlier
Kepler-1772 b,Kepler-1772,Transit,2021,3.215090036,2.68609988,0.23963819,7.68,0.0242,1155.0,871.564,5541.0,0.942,0.934,1,Cluster 1,1.0250265997303984,1,False,Normal
GJ 2126 b,GJ 2126,Radial Velocity,2025,272.7,13.6,1.22,413.1769291,1.3,203.08,38.129,4159.0,0.65,0.728,0,Cluster 0,1.1269594488624688,1,False,Normal
TOI-5616 b,TOI-5616,Transit,2024,2.002849,10.78,0.961,624.0,1.96332356,939.0,390.415,3996.0,0.666,0.646,0,Cluster 0,1.0758716515085263,1,False,Normal
Kepler-408 b,Kepler-408,Transit,2014,2.46502,0.82,0.073,5.0,0.01573168,1561.0,88.7832,6104.0,1.08,1.23,1,Cluster 1,1.0855826418231853,1,False,Normal
Kepler-138 e,Kepler-138,Transit Timing Variations,2022,38.23,0.797,0.0711,0.43,0.00135293,292.0,66.8624,3841.0,0.535,0.535,1,Cluster 1,1.196047726039934,1,False,Normal
Kepler-10 d,Kepler-10,Radial Velocity,2023,151.06,3.49,0.312,12.0,0.03775622,387.0,185.506,5708.0,0.91,1.065,1,Cluster 1,1.038792612763702,1,False,Normal
GJ 3988 b,GJ 3988,Radial Velocity,2023,6.9442,1.74,0.156,3.69,0.01161004,348.0,9.9105,3273.0,0.1842,0.19734,1,Cluster 1,0.97927021683276,1,False,Normal
TOI-1408 c,TOI-1408,Transit Timing Variations,2024,2.1664,2.22,0.19805548,7.6,0.02391227,1864.0,139.484,6117.0,1.312,1.53,1,Cluster 1,1.0746931406309919,1,False,Normal
HD 68475 b,HD 68475,Radial Velocity,2026,7832.0,12.8,1.15,1639.99458012,5.16,79.88,33.4297,5022.0,0.83,0.79099,0,Cluster 0,1.0749369095089423,1,False,Normal
HD 48265 c,HD 48265,Radial Velocity,2026,10418.0,12.9,1.15,1414.33641115,4.45,124.28,90.5446,5805.0,1.38,2.05,0,Cluster 0,1.1272443418550289,1,False,Normal
Kepler-958 b,Kepler-958,Transit,2016,9.7678805,2.06,0.18378089,4.9,0.0154,749.0,449.773,5421.0,0.91,0.86,1,Cluster 1,0.993328833993762,1,False,Normal
TOI-5624 d,TOI-5624,Transit,2026,13.731468,3.584,0.31974361,4.9,0.01541712,712.6,101.913,5327.0,0.858,0.82,1,Cluster 1,1.141362324801068,1,False,Normal
KOI-351 d,KOI-351,Transit,2013,59.73667,2.87,0.256,8.6,0.0271,520.0,848.254,6080.0,1.2,1.2,1,Cluster 1,1.0222119465583195,1,False,Normal
Kepler-20 e,Kepler-20,Transit,2011,6.0984882,0.821,0.07324484,0.76,0.00239123,1004.0,282.563,5495.0,0.929,0.9164,1,Cluster 1,1.203171350150321,1,False,Normal
nu Oct A b,nu Oct A,Radial Velocity,2016,402.4,13.3,1.19,696.04421133,2.19,477.33,21.1999,4910.0,1.57,5.04,3,Cluster 3,1.325075107410499,1,False,Normal
TOI-1288 c,TOI-1288,Radial Velocity,2022,416.0,11.1,0.992,85.7,0.26964235,245.88,114.865,5388.0,0.9552,0.9583,0,Cluster 0,1.337777563848219,1,False,Normal
Kepler-104 c,Kepler-104,Transit,2014,23.668205,3.13,0.279,7.14430805,0.02247458,668.0,400.785,5711.0,0.818,1.349,1,Cluster 1,1.3578017146238648,1,False,Normal
Kepler-507 b,Kepler-507,Transit,2016,3.568096926,1.3,0.11597823,5.69692195,0.01792452,1407.0,391.644,6113.0,1.16,1.32,1,Cluster 1,1.3537180116930372,1,False,Normal
HN Lib b,HN Lib,Radial Velocity,2023,36.116,2.2,0.196,5.46,0.01717908,234.4,6.24442,3347.0,0.291,0.299,1,Cluster 1,1.0498189246367786,1,False,Normal
Kepler-49 d,Kepler-49,Transit,2014,2.576549,1.6,0.143,235.982,0.7424824,717.0,311.222,4252.0,0.549,0.559,1,Cluster 1,2.035104226426511,-1,True,Potential Outlier
HIP 10090 b,HIP 10090,Radial Velocity,2026,2960.0,13.0,1.16,1229.99593509,3.87,163.17,82.3937,5661.0,0.94,1.38268,0,Cluster 0,1.0016532220391101,1,False,Normal
Kepler-346 b,Kepler-346,Transit,2014,6.511127,2.66,0.237,7.56,0.0238,1008.0,984.105,6033.0,0.943,1.021,1,Cluster 1,1.139259984949334,1,False,Normal
Kepler-265 d,Kepler-265,Transit,2014,43.130617,2.49,0.222,6.76,0.0213,554.0,1280.25,5835.0,0.97,1.103,1,Cluster 1,1.00196814852459,1,False,Normal
Kepler-399 b,Kepler-399,Transit,2014,14.425281,0.96,0.086,0.84,0.00264,773.0,740.537,5502.0,0.902,0.68,1,Cluster 1,1.018630885338332,1,False,Normal
Kepler-110 c,Kepler-110,Transit,2014,31.719775,2.21,0.197,5.52,0.0174,743.0,586.531,5960.0,0.989,1.149,1,Cluster 1,1.05033333824074,1,False,Normal
Kepler-1248 b,Kepler-1248,Transit,2016,7.46725407,1.18,0.10527255,1.76,0.00553,1035.0,593.026,6149.0,1.21,1.21,1,Cluster 1,1.0372017362645192,1,False,Normal
Kepler-1269 b,Kepler-1269,Transit,2016,37.3331536,1.63,0.14541886,3.29,0.0104,657.0,1097.23,5998.0,1.1,1.15,1,Cluster 1,1.0661965161485671,1,False,Normal
Kepler-1314 b,Kepler-1314,Transit,2016,5.424749281,5.11,0.45588366,22.9,0.072,625.0,141.98685057,4188.0,0.6,0.59,1,Cluster 1,1.2810860165653284,1,False,Normal
Kepler-1870 b,Kepler-1870,Transit,2021,3.606940031,2.10143764,0.18747803,5.07,0.0159,1046.0,407.216,5508.0,0.955,0.84,1,Cluster 1,0.9859140548602848,1,False,Normal
Kepler-236 b,Kepler-236,Transit,2014,8.295611,1.57,0.14,3.09,0.00972,469.0,288.763,3750.0,0.596005,0.51,1,Cluster 1,1.0233071272033578,1,False,Normal
Kepler-125 c,Kepler-125,Transit,2014,5.774464,0.74,0.066,0.33,0.00104,529.0,183.365,3810.0,0.542101,0.512,1,Cluster 1,1.0367246054914814,1,False,Normal
Kepler-304 d,Kepler-304,Transit,2014,9.653471,2.75,0.245,8.0,0.0252,611.0,434.684,4731.0,0.737,0.687,1,Cluster 1,1.0143821625937461,1,False,Normal
Kepler-326 d,Kepler-326,Transit,2014,6.766888,1.21,0.108,6.9,0.022,781.0,487.675,5105.0,0.91,0.801,1,Cluster 1,2.2940150260550385,-1,True,Potential Outlier
Kepler-126 c,Kepler-126,Transit,2014,21.869741,1.58,0.141,1.27942148,0.00402415,790.0,237.401,6239.0,1.108,1.358,1,Cluster 1,1.0690173915151135,1,False,Normal
Kepler-400 c,Kepler-400,Transit,2014,17.340824,1.49,0.133,2.83,0.00889,755.0,845.97,5886.0,1.08,1.145,1,Cluster 1,1.0305104967898928,1,False,Normal
Kepler-1089 b,Kepler-1089,Transit,2016,5.132485618,1.83,0.16326166,4.01,0.0126,584.0,259.328,3753.0,0.52,0.49,1,Cluster 1,0.9826134481988561,1,False,Normal
Kepler-102 f,Kepler-102,Transit,2014,27.453592,0.861,0.07681341,4.3,0.01352931,495.0,107.796,4909.0,0.803,0.724,1,Cluster 1,1.7304973060339588,-1,True,Potential Outlier
Kepler-1223 b,Kepler-1223,Transit,2016,16.301259,1.22,0.10884111,1.98,0.00624,557.0,459.957,4870.0,0.8,0.75,1,Cluster 1,1.1507955572033624,1,False,Normal
Kepler-1853 b,Kepler-1853,Transit,2021,48.88819885,1.51862272,0.13548268,2.92,0.00918,386.0,562.348,4821.0,0.765,0.788,1,Cluster 1,1.0536502785617217,1,False,Normal
Kepler-512 b,Kepler-512,Transit,2016,34.43587975,2.69,0.23998573,7.7,0.0242,652.0,467.375,5997.0,1.17,1.3,1,Cluster 1,0.9852872659213021,1,False,Normal
Kepler-369 b,Kepler-369,Transit,2014,2.732756,1.13,0.101,1.51,0.00474,687.0,214.0,3591.0,0.5,0.471,1,Cluster 1,1.0015167430963974,1,False,Normal
Kepler-305 c,Kepler-305,Transit,2013,8.291,3.3,0.294,6.0,0.019,728.0,868.477,5080.0,0.76,0.8,1,Cluster 1,1.1510877410432434,1,False,Normal
Kepler-975 c,Kepler-975,Transit,2023,5.05821338,10.69,0.95369956,80.2,0.252,1168.0,426.088,4883.0,0.951,1.667,0,Cluster 0,1.0993125561407413,1,False,Normal
Kepler-22 b,Kepler-22,Transit,2011,289.863876,2.1,0.18734977,9.1,0.0286318,279.0,194.642,5596.0,0.857,0.869,1,Cluster 1,1.2454555613199223,1,False,Normal
Kepler-1995 b,Kepler-1995,Transit,2023,73.7578875,4.28,0.38183668,16.9,0.0533,375.0,595.331,5029.0,0.847,0.93,1,Cluster 1,1.1117526031050702,1,False,Normal
Kepler-1227 b,Kepler-1227,Transit,2016,94.2887577,2.29,0.20430012,5.86,0.0184,369.0,623.706,5747.0,0.97,0.95,1,Cluster 1,1.0336963517550342,1,False,Normal
Kepler-1272 b,Kepler-1272,Transit,2016,51.1309704,2.37,0.21143724,6.21,0.0195,542.0,1206.37,5926.0,1.06,1.09,1,Cluster 1,0.9800323424869684,1,False,Normal
Kepler-201 c,Kepler-201,Transit,2014,151.884058,2.85,0.254,8.5,0.0267,378.0,636.445,6065.0,1.098,1.229,1,Cluster 1,1.056270676732217,1,False,Normal
Kepler-215 c,Kepler-215,Transit,2014,14.667108,1.77,0.158,3.78,0.0119,675.0,485.997,5739.0,0.788,1.027,1,Cluster 1,1.1211159373256208,1,False,Normal
Kepler-267 c,Kepler-267,Transit,2014,6.87745,2.13,0.19,5.18,0.0163,484.0,264.993,4258.0,0.541571,0.555,1,Cluster 1,1.1349576877015948,1,False,Normal
Kepler-373 c,Kepler-373,Transit,2014,16.725948,1.24,0.111,2.07,0.00651,729.0,1090.45,5787.0,0.981,0.845,1,Cluster 1,1.0912578597977478,1,False,Normal
Kepler-54 d,Kepler-54,Transit,2014,20.995694,1.53,0.136,12.0946,0.03805387,328.0,271.701,4252.0,0.518,0.554,1,Cluster 1,1.3697366080162747,1,False,Normal
Kepler-329 b,Kepler-329,Transit,2014,7.416397,1.4,0.125,2.54,0.008,547.0,439.719,4257.0,0.602,0.523,1,Cluster 1,1.0163788397757187,1,False,Normal
Kepler-279 d,Kepler-279,Transit,2013,54.414,3.1,0.277,37.5,0.118,574.0,1037.4,6689.45,1.1,1.07,1,Cluster 1,1.7399246934532164,-1,True,Potential Outlier
HD 219134 c,HD 219134,Radial Velocity,2015,6.76458,1.511,0.13480239,4.36,0.01371803,782.0,6.53127,4699.0,0.81,0.778,1,Cluster 1,1.2680804189564119,1,False,Normal
Kepler-1198 b,Kepler-1198,Transit,2016,7.6847716,1.47,0.13114462,2.76,0.00869,830.0,743.03,5517.0,0.93,0.9,1,Cluster 1,1.0212401746162405,1,False,Normal
Kepler-161 c,Kepler-161,Transit,2014,7.06424,2.05,0.183,3.61,0.01135833,769.0,434.632,5078.0,0.853,0.806,1,Cluster 1,1.086775747182538,1,False,Normal
Kepler-1294 b,Kepler-1294,Transit,2016,115.6862258,3.19,0.28459274,10.3,0.0324,401.0,1855.7,5776.0,0.99,0.97,1,Cluster 1,1.003200097535836,1,False,Normal
Kepler-1319 b,Kepler-1319,Transit,2016,2.886762645,1.34,0.11954679,2.36,0.00742,557.0,103.917,3655.0,0.56,0.54,1,Cluster 1,1.018375127763482,1,False,Normal
Kepler-275 d,Kepler-275,Transit,2014,35.676062,3.33,0.297,11.1,0.0348,671.0,2034.25,6165.0,1.189,1.383,1,Cluster 1,1.0089240584874064,1,False,Normal
Kepler-374 b,Kepler-374,Transit,2014,1.897806,1.03,0.092,1.08,0.0034,1761.0,1265.61,5977.0,1.033,0.911,1,Cluster 1,1.008866379448006,1,False,Normal
Kepler-306 d,Kepler-306,Transit,2014,17.326644,2.47,0.22,6.66,0.021,535.0,775.679,4954.0,0.75,0.719,1,Cluster 1,0.9958472368663085,1,False,Normal
Kepler-305 e,Kepler-305,Transit,2020,3.20538,1.7938153,0.16003348,3.87,0.0122,1000.0,868.477,4974.0,0.82,0.827279,1,Cluster 1,0.9998027009032985,1,False,Normal
Kepler-11 f,Kepler-11,Transit,2010,46.6888,2.49,0.222,2.0,0.006,513.0,646.346,5663.0,0.961,1.065,1,Cluster 1,1.2725137316327007,1,False,Normal
Kepler-276 d,Kepler-276,Transit,2013,48.648,2.8,0.25,16.3,0.051,489.0,1144.86,5693.0,1.1,1.03,1,Cluster 1,1.3177764635393716,1,False,Normal
Kepler-36 c,Kepler-36,Transit,2012,16.21865,3.679,0.3282184,7.13,0.02243338,928.0,527.956,5979.0,1.034,1.634,1,Cluster 1,1.2521393002437227,1,False,Normal
Kepler-1251 b,Kepler-1251,Transit,2016,45.0904643,1.84,0.1641538,4.04,0.0127,487.0,902.204,5545.0,0.92,0.89,1,Cluster 1,1.0316784683815694,1,False,Normal
Kepler-1843 b,Kepler-1843,Transit,2021,25.54339981,2.70909809,0.24168996,7.8,0.0245,772.0,784.625,5422.0,1.02,1.782,1,Cluster 1,1.6699611186569598,-1,True,Potential Outlier
Kepler-1857 b,Kepler-1857,Transit,2021,8.94340992,1.96065412,0.17491815,4.5,0.0142,946.0,853.275,6074.0,0.873,1.005,1,Cluster 1,1.2963122103794775,1,False,Normal
Kepler-190 c,Kepler-190,Transit,2014,3.763024,1.46,0.13,2.73,0.00859,948.0,433.387,5106.0,0.834,0.795,1,Cluster 1,0.9864552138575192,1,False,Normal
Kepler-123 c,Kepler-123,Transit,2014,26.695074,1.48,0.132,2.79,0.00879,706.0,1021.66,6089.0,1.079,1.264,1,Cluster 1,1.0625402037126133,1,False,Normal
Kepler-380 c,Kepler-380,Transit,2014,7.630004,1.27,0.113,2.15,0.00678,1056.0,813.713,6045.0,0.99,1.224,1,Cluster 1,1.116792992382859,1,False,Normal
Kepler-283 c,Kepler-283,Transit,2014,92.743711,1.82,0.162,3.97,0.0125,240.0,468.094,4351.0,0.596,0.566,1,Cluster 1,1.1091213295469728,1,False,Normal
KELT-6 c,KELT-6,Radial Velocity,2015,1276.0,13.0,1.16,1179.1493,3.71,241.9,240.726,6272.0,1.126,1.529,0,Cluster 0,1.0924015407563645,1,False,Normal
Kepler-85 b,Kepler-85,Transit,2012,8.3,1.778,0.15862281,1.84,0.00578929,809.0,765.025,5505.2,0.928,0.875,1,Cluster 1,1.182934601814281,1,False,Normal
Kepler-799 c,Kepler-799,Transit,2021,15.19419956,2.78068551,0.24807657,8.15,0.0256,893.0,1509.084,5588.0,1.031,1.593,1,Cluster 1,1.2724146957227171,1,False,Normal
Kepler-1884 b,Kepler-1884,Transit,2021,8.988320351,1.81406781,0.16184057,3.95,0.0124,864.0,1443.09,5984.0,0.993,0.906,1,Cluster 1,1.0856560806114766,1,False,Normal
Kepler-381 b,Kepler-381,Transit,2014,5.629021,0.99,0.088,0.937,0.00295,1576.0,267.323,6152.0,1.144,1.568,1,Cluster 1,1.029206020118002,1,False,Normal
Kepler-84 d,Kepler-84,Transit,2014,4.224537,1.38,0.123,2.48,0.0078,1254.0,1023.9,6031.0,1.06,1.169,1,Cluster 1,0.9779229435729156,1,False,Normal
Kepler-334 b,Kepler-334,Transit,2014,5.470319,1.12,0.1,1.46,0.00459,1090.0,426.59,5828.0,1.022,1.068,1,Cluster 1,0.9972254268683164,1,False,Normal
Kepler-285 c,Kepler-285,Transit,2014,6.186676,1.12,0.1,1.46,0.00459,851.0,824.31,5411.0,0.915,0.808,1,Cluster 1,1.0350589564035002,1,False,Normal
Kepler-1232 b,Kepler-1232,Transit,2016,26.7839183,1.93,0.17218307,4.38,0.0138,523.0,632.865,5471.0,0.92,0.89,1,Cluster 1,1.0186288034810767,1,False,Normal
Kepler-1858 b,Kepler-1858,Transit,2021,88.07160187,2.42168247,0.21604841,6.44,0.0203,330.0,833.055,4939.0,0.785,0.819,1,Cluster 1,0.9741461808499547,1,False,Normal
Kepler-204 c,Kepler-204,Transit,2014,25.660593,1.79,0.16,3.86,0.0121,683.0,686.723,5812.0,1.038,1.238,1,Cluster 1,1.041561441198287,1,False,Normal
Kepler-515 b,Kepler-515,Transit,2016,19.96371318,1.46,0.13025248,2.73,0.00859,564.0,255.0,5293.0,0.9,0.83,1,Cluster 1,1.1095039268939733,1,False,Normal
Kepler-221 e,Kepler-221,Transit,2014,18.369917,2.63,0.235,7.86706,0.02475254,582.0,385.231,5243.0,0.854,0.821,1,Cluster 1,1.1055282593215041,1,False,Normal
Kepler-1877 b,Kepler-1877,Transit,2021,2.377569914,0.624086,0.05567732,0.179,0.000564,1278.0,285.312,5615.0,1.022,0.936,1,Cluster 1,1.0829454697578536,1,False,Normal
Kepler-350 d,Kepler-350,Transit,2013,26.136,2.8,0.25,14.9,0.047,782.0,956.859,6492.3,1.0,1.25,1,Cluster 1,1.6204730834330907,-1,True,Potential Outlier
Kepler-414 b,Kepler-414,Transit Timing Variations,2014,4.7,1.71,0.153,3.5,0.011,1024.0,413.46,5536.0,0.89,0.946,1,Cluster 1,1.0964057351017857,1,False,Normal
Kepler-58 e,Kepler-58,Transit,2023,4.45814897,1.61,0.14363483,597.796,1.88087656,1212.0,969.252,6100.0,1.017,1.083,2,Cluster 2,1.5949221637843625,-1,True,Potential Outlier
Kepler-1679 b,Kepler-1679,Transit,2020,9.75376,2.0692036,0.18460198,4.93,0.0155,813.0,909.28,5501.0,0.96,0.873196,1,Cluster 1,1.0461090172620904,1,False,Normal
Kepler-58 c,Kepler-58,Transit,2012,15.5741568,2.86,0.255,53.0,0.16675665,799.0,969.252,5843.0,0.95,1.03,1,Cluster 1,1.6274860505803157,-1,True,Potential Outlier
Kepler-1844 b,Kepler-1844,Transit,2021,3.924510002,3.03648191,0.27089724,9.46,0.0298,1074.0,1804.36,5776.0,0.939,0.849,1,Cluster 1,1.0264601552714248,1,False,Normal
Kepler-1278 b,Kepler-1278,Transit,2016,3.23941344,1.01,0.09010616,1.01,0.00317,1213.0,889.426,6074.0,1.11,1.16,1,Cluster 1,1.009645754447153,1,False,Normal
Kepler-1864 b,Kepler-1864,Transit,2021,3.881510019,0.75408365,0.06727495,0.353,0.00111,1156.0,298.894,5854.0,1.03,0.979,1,Cluster 1,1.0063918314707836,1,False,Normal
Kepler-1324 b,Kepler-1324,Transit,2016,4.115844679,1.51,0.13471318,2.89,0.00909,895.0,481.667,4776.0,0.78,0.73,1,Cluster 1,1.0189336748799913,1,False,Normal
Kepler-462 c,Kepler-462,Transit,2018,207.62,4.0,0.3568561,6.0,0.01887802,453.0,596.625,7500.0,1.59,1.57,1,Cluster 1,1.9251649626130116,-1,True,Potential Outlier
Kepler-226 d,Kepler-226,Transit,2014,8.109044,1.22,0.109,1.98,0.00624,800.0,980.138,5571.0,0.904,0.802,1,Cluster 1,1.0141148257035526,1,False,Normal
Kepler-221 b,Kepler-221,Transit,2014,2.795906,1.71,0.153,5.95575,0.01873889,1090.0,385.231,5243.0,0.854,0.821,1,Cluster 1,1.1623226969918181,1,False,Normal
Kepler-245 c,Kepler-245,Transit,2014,17.460812,2.18,0.194,26.7,0.08400759,568.0,861.527,5100.0,0.856,0.795,1,Cluster 1,1.545092234301515,-1,True,Potential Outlier
Kepler-352 b,Kepler-352,Transit,2014,10.05537,0.86,0.077,0.566,0.00178,694.0,252.733,5212.0,0.798,0.781,1,Cluster 1,1.083189063045602,1,False,Normal
Kepler-382 c,Kepler-382,Transit,2014,12.162701,1.59,0.142,3.15,0.00993,882.0,935.446,5600.0,1.002,0.945,1,Cluster 1,1.0439570771323816,1,False,Normal
Kepler-336 b,Kepler-336,Transit,2014,2.024823,1.02,0.091,1.04,0.00328,1625.0,768.86,5867.0,1.09,1.304,1,Cluster 1,1.002434592145584,1,False,Normal
HD 11755 b,HD 11755,Radial Velocity,2015,433.70001,12.8,1.14,1789.3829,5.63,903.49,235.045,4312.0,0.72,20.58,3,Cluster 3,1.5406567632308914,-1,True,Potential Outlier
Kepler-385 c,Kepler-385,Transit,2014,15.163161,3.04,0.271,13.2,0.042,829.0,1432.61,6326.0,0.992,1.126,1,Cluster 1,1.3688844630468069,1,False,Normal
Kepler-267 d,Kepler-267,Transit,2014,28.464515,2.27,0.203,5.77,0.0182,301.0,264.993,4258.0,0.541571,0.555,1,Cluster 1,1.1104638857841747,1,False,Normal
Kepler-384 c,Kepler-384,Transit,2014,45.348269,1.13,0.101,1.51,0.00474,531.0,895.678,5577.0,0.882,0.882,1,Cluster 1,1.1675988238344925,1,False,Normal
Kepler-299 e,Kepler-299,Transit,2014,38.285489,1.87,0.167,4.16,0.0131,534.0,1052.24,5617.0,1.004,1.032,1,Cluster 1,1.1575390868652473,1,False,Normal
8 UMi b,8 UMi,Radial Velocity,2015,93.31,13.5,1.2,524.41687155,1.65,1126.38,162.552,4847.0,1.51,10.73,3,Cluster 3,1.0093655483158719,1,False,Normal
Kepler-1104 b,Kepler-1104,Transit,2016,5.03728015,1.23,0.10973325,2.04,0.00642,1321.0,530.658,6417.0,1.3,1.41,1,Cluster 1,1.0983790031662672,1,False,Normal
Kepler-1987 e,Kepler-1987,Transit,2023,8.74292005,1.92,0.17129122,4.35,0.0137,643.0,595.683,4769.0,0.799,0.714,1,Cluster 1,1.0064918717790663,1,False,Normal
Kepler-1830 b,Kepler-1830,Transit,2021,56.49330139,3.32992941,0.29707691,11.1,0.0348,681.0,1056.88,6160.0,1.443,2.046,1,Cluster 1,1.1854906546807098,1,False,Normal
Kepler-182 b,Kepler-182,Transit,2014,9.825792,2.58,0.23,7.18,0.0226,935.0,1549.09,6250.0,1.114,1.146,1,Cluster 1,1.047245160870744,1,False,Normal
Kepler-1688 b,Kepler-1688,Transit,2020,5.62012,1.26174569,0.11256541,2.13,0.0067,772.0,567.44687087,4632.11,0.814,0.746,1,Cluster 1,1.096874662338943,1,False,Normal
Kepler-385 b,Kepler-385,Transit,2014,10.043686,2.73,0.244,12.8,0.04,951.0,1432.61,6326.0,0.992,1.126,1,Cluster 1,1.4260958218380992,1,False,Normal
Kepler-55 f,Kepler-55,Transit,2014,10.198545,1.59,0.142,3.15,0.00993,559.0,578.796,4503.0,0.631,0.619,1,Cluster 1,1.012635065751073,1,False,Normal
Kepler-339 d,Kepler-339,Transit,2014,10.558345,1.17,0.104,14.7,0.046,796.0,616.637,5631.0,0.87,0.802,2,Cluster 2,1.250735721999945,1,False,Normal
Kepler-1669 d,Kepler-1669,Transit,2023,4.72941177,1.22,0.1088413,1.98,0.00624,669.0,543.444,4224.0,0.609,0.603,1,Cluster 1,1.0055502478980978,1,False,Normal
Kepler-69 c,Kepler-69,Transit,2013,242.4613,1.71,0.153,3.57,0.0112,299.0,730.625,5638.0,0.81,0.93,1,Cluster 1,1.254151365258391,1,False,Normal
HAT-P-57 b,HAT-P-57,Transit,2015,2.4653,19.50366,1.74,448.1403,1.41,2200.0,279.86,6330.0,2.77,1.85,0,Cluster 0,1.9251862427258608,-1,True,Potential Outlier
Kepler-1067 c,Kepler-1067,Transit,2021,5.425839901,1.74682428,0.15584149,3.7,0.0116,973.0,667.693,5594.0,0.981,0.934,1,Cluster 1,1.0257753132788285,1,False,Normal
Kepler-299 d,Kepler-299,Transit,2014,15.054786,1.86,0.166,4.12,0.013,729.0,1052.24,5617.0,1.004,1.032,1,Cluster 1,1.0381278821306599,1,False,Normal
Kepler-208 c,Kepler-208,Transit,2014,7.466623,1.39,0.124,2.51,0.0079,1141.0,775.328,6092.0,1.082,1.314,1,Cluster 1,1.0379617285814189,1,False,Normal
Kepler-530 b,Kepler-530,Transit,2016,39.30941904,3.01,0.26853421,9.32,0.0293,488.0,457.709,5697.0,0.97,0.89,1,Cluster 1,0.9696998467368549,1,False,Normal
Kepler-354 d,Kepler-354,Transit,2014,24.209842,1.24,0.111,2.07,0.00651,451.0,554.064,4648.0,0.652,0.674,1,Cluster 1,1.0818101266499207,1,False,Normal
Kepler-339 c,Kepler-339,Transit,2014,6.988055,1.15,0.103,7.3,0.023,914.0,616.637,5631.0,0.87,0.802,1,Cluster 1,1.6862878319612566,-1,True,Potential Outlier
Kepler-1114 b,Kepler-1114,Transit,2016,14.97435694,1.35,0.12043893,2.39,0.00752,631.0,418.417,5374.0,0.87,0.83,1,Cluster 1,1.0817288143985602,1,False,Normal
Kepler-114 d,Kepler-114,Transit,2013,11.776,2.53,0.226,3.9,0.012,446.0,259.533,4660.0,0.56,0.54,1,Cluster 1,1.4124733954468478,1,False,Normal
Kepler-303 c,Kepler-303,Transit,2014,7.061149,1.14,0.102,1.55,0.00489,521.0,209.738,3944.0,0.575,0.485,1,Cluster 1,1.0262526600694948,1,False,Normal
Kepler-1212 b,Kepler-1212,Transit,2016,12.94130146,2.14,0.19091801,5.22,0.0164,795.0,1316.57,6051.0,1.1,1.15,1,Cluster 1,1.0000439499394342,1,False,Normal
Kepler-394 c,Kepler-394,Transit,2014,12.130686,1.66,0.148,3.39,0.0107,901.0,1058.72,6402.0,0.87,1.132,1,Cluster 1,1.5704345220749736,-1,True,Potential Outlier
Kepler-393 c,Kepler-393,Transit,2014,14.613612,1.33,0.119,2.33,0.00733,901.0,881.404,6189.0,1.256,1.382,1,Cluster 1,1.1087929118724964,1,False,Normal
Kepler-318 c,Kepler-318,Transit,2014,11.815007,3.68,0.328,13.1,0.0413,762.0,489.141,5746.0,1.073,1.189,1,Cluster 1,1.1119407549575537,1,False,Normal
Kepler-1241 b,Kepler-1241,Transit,2016,18.5525701,2.63,0.23463288,7.41,0.0233,612.0,968.722,5261.0,0.84,0.8,1,Cluster 1,0.9678967907746682,1,False,Normal
Kepler-185 b,Kepler-185,Transit,2014,1.6329,1.17,0.104,1.71,0.00537,1237.0,466.735,5208.0,0.763,0.806,1,Cluster 1,1.1402570360431008,1,False,Normal
Kepler-1283 b,Kepler-1283,Transit,2016,12.9460978,1.91,0.17039879,4.31,0.0136,764.0,2921.99,6175.0,1.16,1.25,1,Cluster 1,0.9884867616669482,1,False,Normal
Kepler-1714 b,Kepler-1714,Transit,2021,10.27530003,3.26437302,0.29122836,10.7,0.0337,1211.0,409.46,6150.0,1.448,2.086,1,Cluster 1,1.2183806337482386,1,False,Normal
Kepler-1331 b,Kepler-1331,Transit,2016,0.789161653,1.05,0.09367473,1.16,0.00364,1244.0,319.197,4508.0,0.72,0.69,1,Cluster 1,1.1324392423073175,1,False,Normal
Kepler-319 b,Kepler-319,Transit,2014,4.362705,1.63,0.145,3.29,0.0104,1023.0,503.436,5526.0,0.933,0.903,1,Cluster 1,0.9736133565442614,1,False,Normal
Kepler-396 b,Kepler-396,Transit,2013,42.994,3.5,0.312,75.5,0.238,496.0,223.757,5656.0,0.85,1.06,1,Cluster 1,1.4779956102805165,1,False,Normal
Kepler-1085 c,Kepler-1085,Transit,2020,56.7771,3.26817741,0.29156726,10.7,0.0337,491.0,1364.53,5816.0,1.05,1.0783,1,Cluster 1,1.0339478987245083,1,False,Normal
Kepler-1084 b,Kepler-1084,Transit,2016,2.05333679,1.11,0.09902757,1.41,0.00444,1737.0,405.533,6113.0,1.12,1.28,1,Cluster 1,0.9962524761242066,1,False,Normal
Kepler-1108 b,Kepler-1108,Transit,2016,4.51005748,1.46,0.13025248,2.73,0.00859,1063.0,767.701,5406.0,0.88,0.84,1,Cluster 1,0.9833287711684084,1,False,Normal
Kepler-1214 b,Kepler-1214,Transit,2016,18.82634264,2.36,0.2105451,6.17,0.0194,591.0,729.227,5130.0,0.85,0.8,1,Cluster 1,0.9890831240590959,1,False,Normal
Kepler-155 c,Kepler-155,Transit,2014,52.661793,2.24,0.2,5.65,0.0178,286.0,293.499,4508.0,0.635,0.62,1,Cluster 1,1.0594045263665093,1,False,Normal
Kepler-396 c,Kepler-396,Transit,2013,88.505,5.3,0.473,17.9,0.056,390.0,223.757,5656.0,0.85,1.06,1,Cluster 1,1.1437644011429267,1,False,Normal
Kepler-1369 b,Kepler-1369,Transit,2016,25.873148,2.69,0.23998573,7.7,0.0242,667.0,1236.56,5761.0,0.99,0.99,1,Cluster 1,1.0013598808439046,1,False,Normal
Kepler-1370 b,Kepler-1370,Transit,2016,20.2641684,1.84,0.1641538,4.04,0.0127,770.0,1004.1,6202.0,1.19,1.29,1,Cluster 1,0.9980661820660792,1,False,Normal
Kepler-252 b,Kepler-252,Transit,2014,6.668391,1.23,0.11,2.04,0.00642,587.0,379.424,4208.0,0.61,0.549,1,Cluster 1,1.0042596913988775,1,False,Normal
Kepler-360 c,Kepler-360,Transit,2014,7.186434,2.1,0.187,5.06,0.0159,860.0,876.044,6053.0,0.994,1.058,1,Cluster 1,1.170399495872473,1,False,Normal
Kepler-245 e,Kepler-245,Transit,2016,3.219821056,1.75,0.15612454,1806.36,5.68344415,998.0,861.527,5174.0,0.86,0.8,2,Cluster 2,6.889255645353588,-1,True,Potential Outlier
Kepler-298 d,Kepler-298,Transit,2014,77.473633,2.5,0.223,6.8,0.0214,277.0,518.204,4465.0,0.66,0.582,1,Cluster 1,1.0423693264627762,1,False,Normal
Kepler-324 b,Kepler-324,Transit,2014,4.385315,1.14,0.102,2414.4,7.59655193,935.0,501.574,5194.0,0.901,0.84,6,Cluster 6,1.0699858866640777,1,False,Normal
Kepler-1796 b,Kepler-1796,Transit,2021,29.4557991,2.75047868,0.24538169,8.0,0.0252,598.0,825.883,6036.0,1.018,0.949,1,Cluster 1,1.0234639649111095,1,False,Normal
Kepler-520 c,Kepler-520,Transit,2016,5.21104261,1.07,0.09545901,1.24,0.0039,1107.0,623.901,6112.0,1.1,1.09,1,Cluster 1,1.040277655274695,1,False,Normal
Kepler-1244 b,Kepler-1244,Transit,2016,3.70428172,1.35,0.12043893,2.39,0.00752,1839.0,1075.81,6680.0,1.46,1.77,1,Cluster 1,1.2336987217131385,1,False,Normal
Kepler-169 c,Kepler-169,Transit,2014,6.195469,1.21,0.108,1.92,0.00606,776.0,406.529,4997.0,0.825,0.763,1,Cluster 1,0.9897734715878869,1,False,Normal
Kepler-97 b,Kepler-97,Transit,2014,2.58664,1.48,0.132,3.51,0.011,1328.0,400.907,5779.0,0.94,0.98,1,Cluster 1,1.068908749430874,1,False,Normal
Kepler-1336 b,Kepler-1336,Transit,2016,23.198681,1.98,0.17664377,4.58,0.0144,793.0,1126.64,5512.0,0.94,1.3,1,Cluster 1,1.0888261050848533,1,False,Normal
Kepler-417 b,Kepler-417,Transit Timing Variations,2014,12.331,2.31,0.206,11.0,0.035,671.0,973.989,5177.0,0.9,0.806,1,Cluster 1,1.2759546790980756,1,False,Normal
Kepler-301 d,Kepler-301,Transit,2014,13.751243,1.75,0.156,3.71,0.0117,725.0,719.166,5815.0,1.022,0.9,1,Cluster 1,1.0533341336051727,1,False,Normal
Kepler-104 d,Kepler-104,Transit,2014,51.755394,3.58,0.319,5.54022107,0.01743092,515.0,400.785,5711.0,0.818,1.349,1,Cluster 1,1.1930263739261762,1,False,Normal
Kepler-1192 b,Kepler-1192,Transit,2016,25.2034787,2.36,0.2105451,6.17,0.0194,600.0,1304.19,5438.0,0.86,0.83,1,Cluster 1,1.0082549483626124,1,False,Normal
Kepler-516 b,Kepler-516,Transit,2016,24.85462415,5.74,0.5120885,27.9,0.0878,1095.0,687.094,7099.0,1.62,2.02,1,Cluster 1,1.3396187696260065,1,False,Normal
Kepler-1851 b,Kepler-1851,Transit,2021,12.02289963,3.90012032,0.34794603,14.5,0.0455,776.0,1589.81,5982.0,0.967,0.879,1,Cluster 1,1.1809963341218421,1,False,Normal
Kepler-212 b,Kepler-212,Transit,2014,16.257582,1.09,0.097,1.32,0.00416,830.0,687.194,5852.0,1.166,1.455,1,Cluster 1,1.3126464911823774,1,False,Normal
Kepler-1372 b,Kepler-1372,Transit,2016,1.311555568,1.27,0.11330181,2.15,0.00678,1655.0,1303.22,5677.0,0.98,0.97,1,Cluster 1,1.0045560336880084,1,False,Normal
Kepler-364 b,Kepler-364,Transit,2014,25.745718,1.55,0.138,3.02,0.00951,753.0,891.462,6108.0,1.076,1.284,1,Cluster 1,1.0503864183539406,1,False,Normal
KELT-23 A b,KELT-23 A,Transit,2019,2.255251,14.829507,1.323,298.12454,0.938,1561.0,126.261,5899.0,0.944,0.996,0,Cluster 0,1.1219059482617681,1,False,Normal
HD 191939 d,HD 191939,Transit,2020,38.353037,2.995,0.26719646,2.8,0.00880979,540.0,53.6089,5348.0,0.81,0.94,1,Cluster 1,1.1037890621551696,1,False,Normal
HATS-77 b,HATS-77,Transit,2021,3.0876262,13.05846252,1.165,436.69623122,1.374,828.3,436.176,4071.0,0.655,0.6428,0,Cluster 0,1.0440044554512427,1,False,Normal
TOI-4479 b,TOI-4479,Transit,2022,1.1589,2.82,0.25158398,8.35,0.0263,861.0,80.6532,3400.0,0.452,0.451,1,Cluster 1,1.1731611163765794,1,False,Normal
TOI-1752 c,TOI-1752,Transit,2026,32.71443,2.29,0.20430047,5.86,0.0184,291.0,103.021,3762.0,0.524,0.53,1,Cluster 1,1.0051775311508997,1,False,Normal
Kepler-1705 c,Kepler-1705,Transit,2021,11.28,2.05,0.18288907,5.42,0.01705323,,1633.49,6312.0,1.139,1.259,1,Cluster 1,1.1741066190083547,1,False,Normal
TOI-1753 b,TOI-1753,Transit,2024,5.3846104,2.47852533,0.2211196,16.6,0.05222944,1005.43,226.671,5621.0,0.9483,0.9715,1,Cluster 1,1.1200949630209014,1,False,Normal
TOI-2274 b,TOI-2274,Transit,2024,2.67963,2.45,0.21857474,6.57,0.0207,771.46,48.876,3943.0,0.612,0.631,1,Cluster 1,1.0116136385229788,1,False,Normal
Kepler-43 b,Kepler-43,Transit,2011,3.0240949,13.663771,1.219,1026.5909,3.23,1620.0,1005.84,6041.0,1.32,1.42,0,Cluster 0,1.0773246582739855,1,False,Normal
Kepler-858 b,Kepler-858,Transit,2016,76.13602028,4.87,0.4344723,21.1,0.0664,399.0,298.532,5653.0,0.96,0.91,1,Cluster 1,1.1143001704893032,1,False,Normal
TOI-3023 b,TOI-3023,Transit,2023,3.9014971,16.43236571,1.466,197.05361234,0.62,1596.0,389.916,5760.0,1.12,1.668,0,Cluster 0,1.037004222803084,1,False,Normal
Kepler-1752 b,Kepler-1752,Transit,2021,56.35850143,4.54060463,0.40508631,18.7,0.059,419.0,962.888,5446.0,0.824,0.821,1,Cluster 1,1.1005986146234636,1,False,Normal
Kepler-1408 b,Kepler-1408,Transit,2016,2.99793191,0.89,0.07940048,0.64,0.00201,1616.0,535.048,6170.0,1.21,1.35,1,Cluster 1,1.025559160985059,1,False,Normal
HIP 54373 b,HIP 54373,Radial Velocity,2019,7.76,2.87,0.256,8.62,0.02712142,580.66,18.7168,4021.0,0.57,0.564998,1,Cluster 1,1.040671572311925,1,False,Normal
Teegarden's Star b,Teegarden's Star,Radial Velocity,2019,4.90634,1.05,0.0937,1.16,0.00364977,277.0,3.83078,3034.0,0.097,0.12,1,Cluster 1,1.0402087516197973,1,False,Normal
BD+60 1417 b,BD+60 1417,Imaging,2021,,14.68376472,1.31,4767.426105,15.0,1303.0,44.9543,4993.0,1.0,0.797,0,Cluster 0,1.7153250385382512,-1,True,Potential Outlier
TOI-1227 b,TOI-1227,Transit,2022,27.36397,9.57246952,0.854,66.5,0.209,243.77,100.641,3072.0,0.17,0.56,4,Cluster 4,1.3689812494584992,1,False,Normal
CoRoT-7 d,CoRoT-7,Radial Velocity,2022,8.966,4.31,0.384,17.142,0.05393476,,159.906,5250.0,0.915,0.8389,1,Cluster 1,1.1217161355597272,1,False,Normal
TOI-1758 b,TOI-1758,Transit,2024,20.705074685,3.62,0.32295532,6.9,0.02170983,551.44,96.6215,5169.0,0.88,0.81,1,Cluster 1,1.0630781486300875,1,False,Normal
TOI-2040 b,TOI-2040,Transit,2026,3.8608576,10.32347122,0.921,248.22398587,0.781,1070.0,144.717,5132.0,0.92,0.87,0,Cluster 0,0.991028738932813,1,False,Normal
TOI-2567 b,TOI-2567,Transit,2022,5.983944,10.92875618,0.975,63.88350981,0.201,1352.0,504.775,5611.0,1.13,1.686,0,Cluster 0,1.0255262159773537,1,False,Normal
Kepler-1410 b,Kepler-1410,Transit,2016,60.866168,1.78,0.15880096,3.82,0.012,290.0,367.0,4092.0,0.63,0.6,1,Cluster 1,1.0338736721123647,1,False,Normal
HD 24085 b,HD 24085,Radial Velocity,2019,2.0455,3.46,0.309,11.8,0.03712677,1875.43,54.9004,6034.0,1.22,1.412551,1,Cluster 1,1.1481942792861441,1,False,Normal
WASP-87 b,WASP-87,Transit,2016,1.682795,15.524465,1.385,692.8694,2.18,2049.54,298.392,6450.0,1.204,1.627,0,Cluster 0,1.0810251045333292,1,False,Normal
TOI-163 b,TOI-163,Transit,2019,4.231306,16.690201,1.489,387.7526,1.22,1669.0,411.719,6495.0,1.4352,1.648,0,Cluster 0,1.0358227995482783,1,False,Normal
K2-315 b,K2-315,Transit,2020,3.1443189,0.95,0.08475332,0.809,0.00254,460.0,56.9686,3300.0,0.174,0.196,1,Cluster 1,0.9863033007114094,1,False,Normal
HD 216520 b,HD 216520,Radial Velocity,2020,35.45,3.18,0.284,10.26,0.03228141,482.1,19.552,5103.0,0.82,0.76,1,Cluster 1,1.011278389829705,1,False,Normal
TOI-1775 b,TOI-1775,Transit,2024,10.2405549,8.04728896,0.71793227,96.0,0.30204978,707.89,149.234,5284.0,0.9218,0.8288,0,Cluster 0,1.0149379053980596,1,False,Normal
DS Tuc A b,DS Tuc A,Transit,2019,8.138268,5.7,0.50851994,413.179,1.3,850.0,44.0622,5428.0,1.01,0.964,1,Cluster 1,1.2931848228404055,1,False,Normal
Kepler-296 c,Kepler-296,Transit,2014,5.8416366,2.0,0.17842805,4.66,0.0147,606.0,167.0,3740.0,0.498,0.48,1,Cluster 1,0.9958048732443059,1,False,Normal
WASP-187 b,WASP-187,Transit,2020,5.147878,18.38276,1.64,254.264,0.8,1760.0,371.414,6150.0,1.54,2.83,0,Cluster 0,1.1256985939618938,1,False,Normal
HD 161178 b,HD 161178,Radial Velocity,2021,279.3,14.1,1.26,181.16219199,0.57,828.33,107.188,4786.0,1.06,10.95,3,Cluster 3,1.0339134250487334,1,False,Normal
GJ 514 b,GJ 514,Radial Velocity,2022,140.43,2.13,0.19,5.2,0.01636103,202.0,7.61778,3728.0,0.51,0.5,1,Cluster 1,1.1053372441646045,1,False,Normal
HD 77946 b,HD 77946,Transit,2024,6.527363,2.89646124,0.25840541,10.9,0.03429524,1128.86,99.451,6007.0,1.1973,1.3174,1,Cluster 1,1.0834388419716894,1,False,Normal
TOI-2345 c,TOI-2345,Transit,2025,21.064302,2.451,0.21866395,7.27,0.02287398,544.0,81.6541,4687.0,0.727,0.729,1,Cluster 1,1.0484740670234234,1,False,Normal
Kepler-876 b,Kepler-876,Transit,2016,5.14438011,1.43,0.12757605,2.63,0.00829,923.0,820.913,5060.0,0.81,0.77,1,Cluster 1,0.9741297831411113,1,False,Normal
Kepler-1894 c,Kepler-1894,Transit,2023,5.05368985,1.21,0.10794916,1.92,0.00606,1007.0,935.191,5772.0,0.999,0.901,1,Cluster 1,0.9795010191428579,1,False,Normal
HD 233832 b,HD 233832,Radial Velocity,2018,2058.0,13.5,1.2,565.7374,1.78,117.8,58.742,4981.0,0.71,0.68,0,Cluster 0,1.0348390100328237,1,False,Normal
GJ 687 c,GJ 687,Radial Velocity,2020,727.562,4.14,0.369,16.0,0.05034138,98.62,4.54939,3413.0,0.4,0.4183,1,Cluster 1,1.351578007470587,1,False,Normal
HIP 5763 b,HIP 5763,Radial Velocity,2021,30.014,14.2,1.27,162.09248757,0.51,440.9,31.9043,4352.0,0.72,0.750378,0,Cluster 0,1.2897033244621163,1,False,Normal
TOI-712 b,TOI-712,Transit,2022,9.531361,2.049,0.18279985,4.85,0.0153,650.0,58.6212,4622.0,0.732,0.674,1,Cluster 1,0.9963080464311673,1,False,Normal
TOI-1782.01,TOI-1782,Transit,2024,4.987641028,2.368,0.21125917,6.2,0.0195,697.84,95.2649,4336.0,0.68,0.669,1,Cluster 1,1.010760066459591,1,False,Normal
TOI-2092 b,TOI-2092,Transit,2026,4.30325528074,2.94892961,0.26308633,9.0,0.0283,1042.0,176.759,5842.06,0.956,1.0519,1,Cluster 1,1.001778846276531,1,False,Normal
Kepler-303 b,Kepler-303,Transit,2014,1.937055,0.89,0.079,0.64,0.00201,802.0,209.738,3944.0,0.575,0.485,1,Cluster 1,1.0147909034494362,1,False,Normal
Kepler-271 c,Kepler-271,Transit,2014,7.41086267,0.95,0.08475332,0.809,0.00254,850.0,404.542,5555.0,0.9,0.87,1,Cluster 1,1.0506205929696377,1,False,Normal
Kepler-82 f,Kepler-82,Transit Timing Variations,2019,75.732,4.84,0.432,20.9,0.06575842,423.57,904.326,5401.0,0.91,0.898,1,Cluster 1,1.1181931355007768,1,False,Normal
Qatar-6 b,Qatar-6,Transit,2017,3.506195,11.903958,1.062,212.31044,0.668,1006.0,100.848,5052.0,0.822,0.722,0,Cluster 0,1.0008131231387476,1,False,Normal
GJ 9066 c,GJ 9066,Radial Velocity,2020,771.36,9.6,0.856,66.74396547,0.21,65.66,4.471,3154.0,0.15,0.164,4,Cluster 4,1.3736033899118945,1,False,Normal
K2-400 b,K2-400,Transit,2022,3.865053,1.163,0.10375609,1.67,0.00525,,62.3804,3578.0,0.374,0.382,1,Cluster 1,0.9953557474197385,1,False,Normal
TOI-2094 b,TOI-2094,Transit,2026,18.793193,1.9,0.16950694,4.27,0.0134,276.0,50.0248,3435.0,0.425,0.384,1,Cluster 1,1.034017963698433,1,False,Normal
TOI-2714 b,TOI-2714,Transit,2024,2.499387,13.72,1.22401852,228.0,0.71736822,1603.0,597.873,5665.0,1.07,1.25,0,Cluster 0,1.050048784994071,1,False,Normal
HD 164922 d,HD 164922,Radial Velocity,2020,12.458,1.83,0.163,4.0,0.01258534,787.68,22.0016,5390.0,0.926,0.946,1,Cluster 1,0.9939884092291121,1,False,Normal
2MASS J01033563-5515561 AB b,2MASS J01033563-5515561 A,Imaging,2013,,12.3,1.1,4131.79,13.0,,47.2,,0.19,,0,Cluster 0,1.1106811019011897,1,False,Normal
TOI-2382 b,TOI-2382,Transit,2025,4.6612061,12.25141591,1.093,235.19302118,0.74,1426.0,434.92,6033.0,1.26,1.417,0,Cluster 0,1.042002480044059,1,False,Normal
Kepler-402 b,Kepler-402,Transit,2014,4.028751,1.22,0.109,1.98,0.00624,1311.0,625.339,6090.0,1.072,1.264,1,Cluster 1,0.9951142178006265,1,False,Normal
EPIC 201841433 b,EPIC 201841433,Transit,2019,4.1698,1.04,0.09278259,1.12,0.00352,1032.49,436.488,5053.0,0.802,0.628461,1,Cluster 1,1.014856033152856,1,False,Normal
USco1621 b,USco1621 A,Imaging,2019,,12.2,1.09,5085.28,16.0,2270.0,137.901,3460.0,0.36,0.710071,0,Cluster 0,2.1250156429479787,-1,True,Potential Outlier
K2-318 b,K2-318,Transit,2020,7.01,1.66,0.14809528,3.39,0.0107,456.0,147.866,3851.0,0.561,0.552,1,Cluster 1,0.984902536108137,1,False,Normal
K2-405 b,K2-405,Transit,2022,3.435471,4.569,0.40761958,18.9,0.0596,969.0,197.234,4927.0,1.034,0.765,1,Cluster 1,1.604297802298801,-1,True,Potential Outlier
TOI-784 b,HD 307842,Transit,2023,2.7970365,1.93,0.17218336,9.67,0.03042522,1256.0,64.5997,5558.0,0.91,0.907,1,Cluster 1,1.099792576785789,1,False,Normal
TOI-1814 b,TOI-1814,Transit,2026,6.36861010462,5.18536642,0.4626082,23.5,0.0739,977.83,362.522,4872.84,,2.3895,1,Cluster 1,1.5203504411238469,-1,True,Potential Outlier
Kepler-1419 b,Kepler-1419,Transit,2016,42.5215895,2.86,0.25515211,8.55,0.0269,510.0,1498.58,5796.0,1.01,1.01,1,Cluster 1,0.9706840089266727,1,False,Normal
EPIC 206215704 b,EPIC 206215704,Transit,2019,2.255436,1.0,0.08921418,0.972,0.00306,,109.888,3297.0,0.407,0.25,1,Cluster 1,0.979301134136921,1,False,Normal
Kepler-848 b,Kepler-848,Transit,2016,6.91134416,1.7,0.15166384,3.53,0.0111,1086.0,1378.47,5695.0,1.01,1.2,1,Cluster 1,0.9836448926870764,1,False,Normal
Kepler-819 b,Kepler-819,Transit,2016,33.1995648,2.76,0.24623071,8.05,0.0253,485.0,664.306,5279.0,0.86,0.81,1,Cluster 1,0.9842193085051105,1,False,Normal
TOI-799 b,TOI-799,Transit,2026,5.54519139676,2.06631784,0.18434485,4.92,0.0155,958.69,158.526,5662.81,1.0,0.915519,1,Cluster 1,1.0186206632631747,1,False,Normal
K2-146 c,K2-146,Transit,2019,4.00498,2.19,0.19537871,7.49,0.02358,518.53,79.3002,3385.0,0.331,0.33,1,Cluster 1,1.024073817829335,1,False,Normal
K2-324 b,K2-324,Transit,2020,3.262,2.43,0.21679008,6.48,0.0204,707.0,136.667,3752.0,0.517,0.505,1,Cluster 1,0.9935180570765707,1,False,Normal
Kepler-822 b,Kepler-822,Transit,2016,3.222969273,1.77,0.15790882,3.78,0.0119,1239.0,860.391,5928.0,1.06,1.08,1,Cluster 1,0.9823165984460391,1,False,Normal
TOI-1181 b,TOI-1181,Transit,2022,2.103189,17.02644168,1.519,374.71969185,1.179,1942.12,302.819,6054.0,1.467,1.961,0,Cluster 0,1.0209305567487104,1,False,Normal
TOI-808 b,TOI-808,Transit,2026,9.73944854026,2.20344362,0.19657841,5.49,0.0173,710.98,98.1848,5078.2,0.87,0.833198,1,Cluster 1,1.0404741581974226,1,False,Normal
TOI-815 b,TOI-815,Transit,2024,11.197259,2.94,0.26228968,7.6,0.02391227,686.0,59.7117,4869.0,0.776,0.77,1,Cluster 1,1.1099725567242622,1,False,Normal
TOI-1836 b,TOI-1836,Transit,2024,20.380799,8.00321222,0.714,38.45723725,0.121,966.0,191.649,6380.0,1.307,1.577,0,Cluster 0,1.274234149004338,1,False,Normal
TOI-1836 c,TOI-1836,Transit,2024,1.7727471,2.59987579,0.23194578,8.0,0.02517081,2007.6,191.649,6237.0,1.2518,1.6454,1,Cluster 1,1.136619799171525,1,False,Normal
TOI-2141 b,TOI-2141,Transit,2023,18.261608,3.147,0.28075702,20.1,0.06324167,728.0,77.682,5635.0,0.896,0.95,1,Cluster 1,1.1982558772106162,1,False,Normal
TOI-2447 b,TOI-2447,Transit,2024,69.33684,9.60609646,0.857,124.90656395,0.393,414.0,148.987,5730.0,1.034,1.006,0,Cluster 0,0.9939550102067269,1,False,Normal
TOI-2818 b,TOI-2818,Transit,2023,4.039709,15.27784069,1.363,225.65816897,0.71,1376.0,312.674,5721.0,0.977,1.229,0,Cluster 0,1.079809938914002,1,False,Normal
Kepler-1371 c,Kepler-1371,Transit,2016,2.00541269,0.64,0.05709698,0.196,0.000618,1216.0,515.334,5361.0,0.87,0.83,1,Cluster 1,1.0492954937102748,1,False,Normal
EPIC 212587672 b,EPIC 212587672,Transit,2019,15.28078,1.26,0.11240986,2.13,0.00669,756.0,320.07,6004.0,0.99,0.98,1,Cluster 1,1.1590377928817872,1,False,Normal
Kepler-843 b,Kepler-843,Transit,2016,2.053879821,2.59,0.23106432,7.22,0.0227,1523.0,1165.66,5830.0,1.02,1.03,1,Cluster 1,1.0266465706086785,1,False,Normal
K2-408 b,K2-408,Transit,2022,20.978959,1.677,0.14961218,3.45,0.0109,,162.306,5335.0,0.813,0.784,1,Cluster 1,1.0205276666475025,1,False,Normal
TOI-1516 b,TOI-1516,Transit,2022,2.056014,15.24421375,1.36,1004.33776612,3.16,1839.0,247.054,6520.0,1.14,1.14,0,Cluster 0,1.223992644707289,1,False,Normal
TOI-2458 b,TOI-2458,Transit,2024,3.73659,2.83,0.25247612,13.31,0.04187794,1509.4,112.958,6005.0,1.05,1.31,1,Cluster 1,1.1103661228605275,1,False,Normal
Kepler-1423 b,Kepler-1423,Transit,2016,23.955378,1.06,0.09456687,1.2,0.00377,741.0,449.0,4939.0,0.79,0.75,1,Cluster 1,0.9983185916148616,1,False,Normal
HATS-57 b,HATS-57,Transit,2019,2.350621,12.767051,1.139,1000.21101,3.147,1413.4,279.485,5587.0,1.026,0.96,0,Cluster 0,1.1454154944973456,1,False,Normal
HATS-56 b,HATS-56,Transit,2019,4.324799,18.920792,1.688,191.33366,0.602,1902.0,564.409,6536.0,1.573,2.201,0,Cluster 0,1.0296181743743942,1,False,Normal
TOI-763 b,TOI-763,Transit,2020,5.6057,2.28,0.20340798,9.79,0.03080263,1038.0,95.1274,5450.0,0.917,0.897,1,Cluster 1,1.0891408951013921,1,False,Normal
K2-409 b,K2-409,Transit,2022,1.908084,2.482,0.22142959,6.72,0.0211,,431.031,5742.0,0.886,1.228,1,Cluster 1,1.0480398664452977,1,False,Normal
TOI-1722 b,TOI-1722,Transit,2026,9.60523206943,4.38298108,0.39102405,17.6,0.0555,952.0,136.419,5999.55,1.162,1.09414,1,Cluster 1,1.1251731610694398,1,False,Normal
TOI-1873 b,TOI-1873,Transit,2026,7.00572708834,2.86356397,0.25547051,8.57,0.027,923.5,182.014,5597.99,1.015,0.971675,1,Cluster 1,1.0435806081462409,1,False,Normal
TOI-2158 b,TOI-2158,Transit,2022,8.60077,10.76062147,0.96,260.61929374,0.82,1188.0,198.473,5673.0,1.12,1.41,0,Cluster 0,1.0304880830781915,1,False,Normal
Kepler-1888 b,Kepler-1888,Transit,2021,11.39169979,1.32578716,0.11827901,2.32,0.00729,886.0,402.947,5557.0,0.897,1.249,1,Cluster 1,1.064663512583821,1,False,Normal
Kepler-1901 b,Kepler-1901,Transit,2021,3.484129906,1.47418907,0.13151857,2.77,0.00873,1132.0,1028.37,5696.0,1.022,0.921,1,Cluster 1,0.9876686574748238,1,False,Normal
GJ 433 c,GJ 433,Radial Velocity,2014,5094.105,6.27,0.56,32.422,0.10201051,53.76,9.06456,3461.0,0.48,0.5,1,Cluster 1,1.4001721845269919,1,False,Normal
K2-374 c,K2-374,Transit,2022,16.43445,2.213,0.19743098,5.53,0.0174,,359.439,5789.0,0.731,0.907,1,Cluster 1,1.166809205130955,1,False,Normal
TOI-1860 b,TOI-1860,Transit,2022,1.0662107,1.31,0.11687057,2.27,0.00714,1885.0,45.864,5752.0,0.99,0.94,1,Cluster 1,1.0587258273547853,1,False,Normal
TOI-1723 b,TOI-1723,Transit,2024,13.727012643,3.435,0.3064507,10.4,0.03272206,782.98,100.727,5777.0,1.04,1.09,1,Cluster 1,1.1413236969545344,1,False,Normal
TOI-1937 A b,TOI-1937 A,Transit,2023,0.94667944,13.97759893,1.247,638.83509807,2.01,2097.0,415.135,5814.0,1.072,1.08,0,Cluster 0,1.1633604406313776,1,False,Normal
Kepler-292 f,Kepler-292,Transit,2014,20.834237,2.35,0.21,6.12,0.0193,563.0,1056.48,5299.0,0.865,0.826,1,Cluster 1,1.0038173955011938,1,False,Normal
Kepler-1395 b,Kepler-1395,Transit,2016,3.78470649,0.8,0.07137122,0.437,0.00137,1311.0,492.894,6138.0,1.17,1.23,1,Cluster 1,1.0450204112087658,1,False,Normal
Kepler-1905 b,Kepler-1905,Transit,2021,3.42392993,1.4460734,0.12901025,2.69,0.00845,1212.0,1051.53,5788.0,1.038,1.015,1,Cluster 1,0.9871757361973283,1,False,Normal
Kepler-65 e,Kepler-65,Radial Velocity,2019,258.8,13.9,1.24,260.0,0.82,389.08,303.728,6220.0,1.248,1.437,0,Cluster 0,1.0072791381448825,1,False,Normal
GJ 682 b,GJ 682,Radial Velocity,2014,17.478,1.93,0.173,4.4,0.01384388,281.93,5.00671,3028.0,0.27,0.298255,1,Cluster 1,1.0345290875804019,1,False,Normal
TOI-132 b,TOI-132,Transit,2020,2.1097019,3.42,0.30511196,22.4,0.07047793,1395.0,163.678,5397.0,0.97,0.9,1,Cluster 1,1.288913782265066,1,False,Normal
TOI-2000 c,TOI-2000,Transit,2023,9.127055,8.14,0.727,81.7,0.257,1038.0,175.713,5611.0,1.082,1.134,0,Cluster 0,1.015318089645609,1,False,Normal
TOI-2000 b,TOI-2000,Transit,2023,3.09833,2.7,0.241,11.0,0.0347,1488.0,175.713,5611.0,1.082,1.134,1,Cluster 1,1.1260205292392211,1,False,Normal
TOI-2194 b,TOI-2194,Transit,2023,15.337597,1.9892,0.17746484,4.61,0.0145,590.88,19.5711,4756.0,0.74,0.6909,1,Cluster 1,0.9838955071660023,1,False,Normal
TOI-2498 b,TOI-2498,Transit,2023,3.738252,6.06,0.54063792,34.62,0.1089267,1443.0,275.265,5905.0,1.12,1.26,1,Cluster 1,1.1408952649501258,1,False,Normal
Kepler-102 e,Kepler-102,Transit,2013,16.1456994,2.17,0.19359477,4.7,0.01478785,590.0,107.796,4909.0,0.803,0.724,1,Cluster 1,1.1303823149631775,1,False,Normal
HD 2685 b,HD 2685,Transit,2019,4.12688,16.14096,1.44,371.8611,1.17,2061.0,196.852,6801.0,1.43,1.56,0,Cluster 0,1.062133518717653,1,False,Normal
Kepler-95 b,Kepler-95,Transit,2014,11.5231,3.42,0.305,13.0,0.041,927.0,445.656,5699.0,1.08,1.41,1,Cluster 1,1.1595906128217668,1,False,Normal
Wendelstein-2 b,Wendelstein-2,Transit,2020,1.7522239,12.9934728,1.1592,232.33373,0.731,2470.0,565.541,4591.0,0.73,0.66,0,Cluster 0,2.258990281798101,-1,True,Potential Outlier
K2-384 b,K2-384,Transit,2022,2.231527,1.076,0.09599446,1.26,0.00398,,82.6603,3623.0,0.33,0.348,1,Cluster 1,1.0026598197053347,1,False,Normal
HD 174205 b,HD 174205,Radial Velocity,2022,582.0,13.0,1.16,1334.8793094,4.2,821.72,234.027,4308.0,1.8,26.6,3,Cluster 3,1.1249117843145522,1,False,Normal
TOI-2977 b,TOI-2977,Transit,2023,2.3505614,13.15934334,1.174,533.95172376,1.68,1544.0,,5691.0,0.936,1.073,0,Cluster 0,1.0461575207545075,1,False,Normal
Kepler-430 c,Kepler-430,Transit,2015,110.979,1.75,0.16,3.71,0.0117,458.0,917.477,5884.0,1.166,1.485,1,Cluster 1,1.1828976840044312,1,False,Normal
Kepler-1656 b,Kepler-1656,Transit,2018,31.562,4.574,0.40806565,47.8,0.15,651.0,185.875,5569.0,1.03,1.1,1,Cluster 1,1.148315515456792,1,False,Normal
Kepler-647 c,Kepler-647,Transit,2020,29.6663,4.00135002,0.35697654,15.1,0.0476,644.0,1087.87,5906.74,1.07,1.54571,1,Cluster 1,1.1644282360127483,1,False,Normal
Kepler-210 b,Kepler-210,Transit,2014,2.453234,2.94,0.262,8.96,0.0282,737.0,232.75,4559.0,0.77,0.65,1,Cluster 1,1.0618004442467628,1,False,Normal
OGLE-2006-BLG-109L c,OGLE-2006-BLG-109L,Microlensing,2008,4927.5,11.1,0.994,86.0,0.27,59.0,1510.0,,0.51,,0,Cluster 0,1.541929677526421,-1,True,Potential Outlier
KMT-2016-BLG-1397L b,KMT-2016-BLG-1397L,Microlensing,2018,,12.7,1.13,2200.0,7.0,,6600.0,,0.45,,0,Cluster 0,1.345556179017943,1,False,Normal
KMT-2019-BLG-0253L b,KMT-2019-BLG-0253L,Microlensing,2022,,2.99,0.266,9.2,0.02894644,,4900.0,,0.7,,1,Cluster 1,1.2205638984178921,1,False,Normal
KMT-2023-BLG-0548L b,KMT-2023-BLG-0548L,Microlensing,2025,,13.1,1.17,1086.97315194,3.42,,6830.0,,0.72,,0,Cluster 0,1.0266165177789646,1,False,Normal
Kepler-1963 b,Kepler-1963,Transit,2021,1.962260008,0.74437023,0.06640838,0.337,0.00106,1448.0,492.847,5726.0,0.915,0.979,1,Cluster 1,1.09440598354897,1,False,Normal
Kepler-1517 b,Kepler-1517,Transit,2016,5.546083665,9.76,0.87072888,68.7,0.216,2336.0,847.299,7010.0,1.58,1.95,0,Cluster 0,1.863827506783943,-1,True,Potential Outlier
Kepler-1711 b,Kepler-1711,Transit,2021,21.06080055,1.923,0.17155886,4.36,0.0137,669.0,590.268,5706.0,0.94,1.034,1,Cluster 1,1.012828266151032,1,False,Normal
MOA-2010-BLG-328L b,MOA-2010-BLG-328L,Microlensing,2013,,2.99,0.266,9.2,0.029,,810.0,,0.11,,5,Cluster 5,1.01943380705162,1,False,Normal
MOA-2011-BLG-291L b,MOA-2011-BLG-291L,Microlensing,2018,,4.43,0.396,18.0,0.057,,4400.0,,0.15,,5,Cluster 5,0.9704920386263712,1,False,Normal
KMT-2018-BLG-1743L b,KMT-2018-BLG-1743L,Microlensing,2021,,10.5,0.937,77.86795971,0.245,,6483.0,,0.193,,5,Cluster 5,1.0963744101114934,1,False,Normal
OGLE-2018-BLG-0516L b,OGLE-2018-BLG-0516L,Microlensing,2022,,4.73,0.422,20.1,0.06324167,,7000.0,,0.47,,5,Cluster 5,1.0166168365819543,1,False,Normal
KMT-2023-BLG-0949L b,KMT-2023-BLG-0949L,Microlensing,2025,,12.8,1.14,1900.61387386,5.98,,6060.0,,0.48,,0,Cluster 0,1.2288832338721845,1,False,Normal
KMT-2024-BLG-2059L b,KMT-2024-BLG-2059L,Microlensing,2025,,2.54,0.227,6.99222495,0.022,,6070.0,,0.51,,5,Cluster 5,1.028474435284569,1,False,Normal
Kepler-146 b,Kepler-146,Transit,2014,31.158799,3.71,0.331,13.3,0.0418,639.0,716.797,5948.0,1.079,1.208,1,Cluster 1,1.0865736062954976,1,False,Normal
Kepler-1468 d,Kepler-1468,Transit,2021,19.59059906,3.33187146,0.29725017,11.1,0.0349,819.0,1899.24,5794.0,1.072,1.496,1,Cluster 1,1.1315255514223885,1,False,Normal
Kepler-348 c,Kepler-348,Transit,2014,17.265427,1.33,0.119,2.33,0.00733,888.0,570.783,6177.0,1.189,1.359,1,Cluster 1,1.0335562783286338,1,False,Normal
Kepler-1641 c,Kepler-1641,Transit,2016,32.657212,2.95,0.26318137,9.01,0.0283,767.0,860.37,6152.0,1.12,1.19,1,Cluster 1,1.01422532225481,1,False,Normal
Kepler-1641 b,Kepler-1641,Transit,2016,19.672266,3.11,0.27745562,9.85,0.031,908.0,860.37,6152.0,1.12,1.19,1,Cluster 1,1.0459785013944705,1,False,Normal
Kepler-39 b,Kepler-39,Transit,2011,21.08721,13.9,1.24,6388.1,20.1,897.0,1057.41,6350.0,1.29,1.4,0,Cluster 0,1.1615037183060224,1,False,Normal
Kepler-174 c,Kepler-174,Transit,2014,44.000529,1.49,0.133,2.83,0.00889,377.0,384.757,4880.0,0.602,0.622,1,Cluster 1,1.368587126418705,1,False,Normal
KMT-2023-BLG-1642L b,KMT-2023-BLG-1642L,Microlensing,2024,,13.8,1.23,343.25467956,1.08,,6980.0,,0.17,,0,Cluster 0,1.0146772193562756,1,False,Normal
Kepler-1468 b,Kepler-1468,Transit,2016,8.23984869,1.73,0.15434026,3.64,0.0115,1093.0,1899.24,5893.0,1.04,1.05,1,Cluster 1,0.9836046784429857,1,False,Normal
Kepler-203 b,Kepler-203,Transit,2014,3.162697,2.57,0.229,7.13,0.0224,1308.0,703.302,5821.0,1.06,1.114,1,Cluster 1,1.0515422501667473,1,False,Normal
Kepler-152 b,Kepler-152,Transit,2014,18.207973,2.79,0.249,8.2,0.0258,551.0,441.09,5088.0,0.779,0.724,1,Cluster 1,0.9968166473139046,1,False,Normal
OGLE-2015-BLG-0966L b,OGLE-2015-BLG-0966L,Microlensing,2016,,4.86,0.433,21.0,0.066,,3300.0,,0.38,,5,Cluster 5,1.0184677308934618,1,False,Normal
MOA-2011-BLG-028L b,MOA-2011-BLG-028L,Microlensing,2016,,5.99,0.535,30.0,0.09,,7380.0,,0.75,,5,Cluster 5,1.1194367758884136,1,False,Normal
OGLE-2018-BLG-0383L b,OGLE-2018-BLG-0383L,Microlensing,2022,,2.41,0.215,6.4,0.02013665,,7700.0,,0.1,,5,Cluster 5,1.023433906686232,1,False,Normal
KMT-2021-BLG-1391L b,KMT-2021-BLG-1391L,Microlensing,2022,,1.97,0.176,4.55,0.0143159,,5720.0,,0.37,,5,Cluster 5,1.0031364640861675,1,False,Normal
Kepler-195 c,Kepler-195,Transit,2014,34.096863,1.55,0.138,3.02,0.00951,469.0,652.051,5329.0,0.867,0.775,1,Cluster 1,1.0477890846581377,1,False,Normal
Kepler-880 c,Kepler-880,Transit,2023,11.8061737,2.87,0.25604469,8.6,0.0271,1407.0,601.324,6900.0,1.714,2.599,1,Cluster 1,1.4368928998360146,1,False,Normal
Kepler-608 b,Kepler-608,Transit,2016,6.412515037,3.64,0.32473905,12.9,0.0405,1069.0,946.683,5820.0,1.0,1.01,1,Cluster 1,1.0320567723144163,1,False,Normal
Kepler-1704 b,Kepler-1704,Transit,2021,988.88112,11.94877343,1.066,1322.16617312,4.16,253.8,835.455,5746.0,1.132,1.697,0,Cluster 0,1.0106873221088843,1,False,Normal
Kepler-561 c,Kepler-561,Transit,2016,5.350161983,2.68,0.23909359,7.65,0.0241,989.0,621.378,5646.0,0.96,0.94,1,Cluster 1,0.9974996936960988,1,False,Normal
OGLE-2015-BLG-0051L b,OGLE-2015-BLG-0051L,Microlensing,2016,,14.0,1.25,230.0,0.72,,8200.0,,0.1,,0,Cluster 0,1.0584738887636078,1,False,Normal
OGLE-2018-BLG-0740L b,OGLE-2018-BLG-0740L,Microlensing,2019,5480.0,12.9,1.15,1500.0,4.8,,3200.0,5912.0,1.0,,0,Cluster 0,1.1808434022026626,1,False,Normal
OGLE-2017-BLG-1099L b,OGLE-2017-BLG-1099L,Microlensing,2021,,13.1,1.17,959.84178914,3.02,,7250.0,,0.45,,0,Cluster 0,1.0135062373864225,1,False,Normal
KMT-2021-BLG-0748L b,KMT-2021-BLG-0748L,Microlensing,2022,,14.3,1.28,143.02278315,0.45,,6090.0,,0.36,,0,Cluster 0,0.9806590598379918,1,False,Normal
TOI-2267 d,TOI-2267 B,Transit,2025,2.0344671,1.77,0.1579091,3.78,0.0119,422.0,22.55,3022.0,0.0989,0.13,1,Cluster 1,1.1015097091792536,1,False,Normal
Kepler-1719 b,Kepler-1719,Transit,2021,6.149559975,3.95000623,0.35239656,14.8,0.0465,1287.0,905.406,5687.0,1.08,1.775,1,Cluster 1,1.3181392750121328,1,False,Normal
Kepler-1254 c,Kepler-1254,Transit,2016,3.60084276,1.3,0.11597823,2.24,0.00705,927.0,622.818,4985.0,0.78,0.75,1,Cluster 1,0.9975419706619533,1,False,Normal
Kepler-639 b,Kepler-639,Transit,2016,10.21420496,2.38,0.21232938,6.26,0.0197,957.0,850.242,5896.0,1.14,1.29,1,Cluster 1,1.0518293975770159,1,False,Normal
KMT-2016-BLG-0212L b,KMT-2016-BLG-0212L,Microlensing,2018,,12.2,1.08,5700.0,18.0,,6300.0,,0.48,,0,Cluster 0,1.0927377135080685,1,False,Normal
KMT-2019-BLG-1552L b,KMT-2019-BLG-1552L,Microlensing,2022,,13.0,1.16,1287.20504835,4.05,,4600.0,,0.79,,0,Cluster 0,1.0540471105886042,1,False,Normal
KMT-2024-BLG-0349L b,KMT-2024-BLG-0349L,Microlensing,2026,,12.4,1.1,3769.44490702,11.86,,5750.0,,0.68,,0,Cluster 0,1.0452534229149189,1,False,Normal
Kepler-208 d,Kepler-208,Transit,2014,11.131786,1.2,0.107,1.87,0.00588,999.0,775.328,6092.0,1.082,1.314,1,Cluster 1,1.0245260184159588,1,False,Normal
Kepler-171 b,Kepler-171,Transit,2014,4.166972,2.34,0.209,6.08,0.0191,1053.0,863.855,5642.0,0.978,0.839,1,Cluster 1,0.9916246334035417,1,False,Normal
Kepler-1525 b,Kepler-1525,Transit,2016,2.416601183,0.91,0.08118476,0.693,0.00218,1343.0,382.989,5748.0,1.07,1.04,1,Cluster 1,1.0662180964960029,1,False,Normal
Kepler-1645 b,Kepler-1645,Transit,2016,16.1779561,1.78,0.15880096,3.82,0.012,754.0,1202.47,5812.0,1.02,1.02,1,Cluster 1,0.9962913638038646,1,False,Normal
KMT-2018-BLG-1990L b,KMT-2018-BLG-1990L,Microlensing,2019,,12.9,1.16,111.0,0.348,,967.0,,0.094,,0,Cluster 0,1.069686093328153,1,False,Normal
KMT-2018-BLG-0247L b,KMT-2018-BLG-0247L,Microlensing,2022,,13.4,1.19,670.61793877,2.11,,6760.0,,0.29,,0,Cluster 0,1.0970122197606504,1,False,Normal
Kepler-30 d,Kepler-30,Transit,2012,143.34394,8.8,0.785,23.1,0.073,308.0,914.221,5498.0,0.99,0.95,0,Cluster 0,0.9912999158272326,1,False,Normal
PSR B1257+12 d,PSR B1257+12,Pulsar Timing,1992,98.2114,1.8,0.161,3.9,0.01227071,,600.0,,1.4,,1,Cluster 1,1.5850760811427695,-1,True,Potential Outlier
OGLE-2016-BLG-0263L b,OGLE-2016-BLG-0263L,Microlensing,2017,,13.0,1.16,1300.0,4.1,,6500.0,,0.13,,0,Cluster 0,1.4885826973965703,1,False,Normal
OGLE-2012-BLG-0026L c,OGLE-2012-BLG-0026L,Microlensing,2012,,13.9,1.24,270.0,0.86,,4019.0,,1.06,,0,Cluster 0,1.0013053387108415,1,False,Normal
KMT-2018-BLG-2602L b,KMT-2018-BLG-2602L,Microlensing,2022,,13.7,1.22,365.50266805,1.15,,4310.0,,0.66,,0,Cluster 0,1.0019538742728265,1,False,Normal
KMT-2016-BLG-1337L b,KMT-2016-BLG-1337L,Microlensing,2026,,11.4,1.01,88.99195396,0.28,,6920.0,,0.54,,5,Cluster 5,1.2572206672822537,1,False,Normal
Kepler-220 d,Kepler-220,Transit,2014,28.122397,0.98,0.087,0.904,0.00284,401.0,171.109,4632.0,0.729,0.666,1,Cluster 1,1.0698981556796967,1,False,Normal
Kepler-1949 b,Kepler-1949,Transit,2021,2.208280087,2.21964541,0.19802384,5.56,0.0175,1709.0,2617.35,6028.0,1.194,1.454,1,Cluster 1,1.0342305302329566,1,False,Normal
Kepler-695 b,Kepler-695,Transit,2016,3.040330424,9.21,0.82166117,62.3,0.196,1021.0,842.947,5181.0,0.84,0.8,0,Cluster 0,1.0182415240000242,1,False,Normal
Kepler-529 d,Kepler-529,Transit,2021,35.86619949,2.79502603,0.24935595,8.22,0.0259,633.0,799.008,6078.0,1.005,1.189,1,Cluster 1,1.076164320014367,1,False,Normal
OGLE-2005-BLG-390L b,OGLE-2005-BLG-390L,Microlensing,2005,3285.0,2.21,0.197,5.5,0.017,50.0,6600.0,,0.22,,1,Cluster 1,3.8701129237588177,-1,True,Potential Outlier
Kepler-220 b,Kepler-220,Transit,2014,4.159807,0.81,0.072,0.457,0.00144,759.0,171.109,4632.0,0.729,0.666,1,Cluster 1,1.0526118018993071,1,False,Normal
Kepler-1993 b,Kepler-1993,Transit,2023,26.6565737,4.15,0.37023884,16.1,0.0506,903.0,1031.91,5159.0,1.373,3.062,1,Cluster 1,1.9276615634973333,-1,True,Potential Outlier
Kepler-154 e,Kepler-154,Transit,2016,3.93276465,1.5,0.13382104,2.86,0.00899,1140.0,915.212,5769.0,0.98,0.98,1,Cluster 1,0.9774797592011402,1,False,Normal
MOA-2009-BLG-387L b,MOA-2009-BLG-387L,Microlensing,2010,1980.0,13.2,1.18,830.0,2.6,,5690.0,,0.19,,0,Cluster 0,1.2503985561851543,1,False,Normal
OGLE-2018-BLG-1647L b,OGLE-2018-BLG-1647L,Microlensing,2022,,13.8,1.23,308.29355479,0.97,,7880.0,,0.092,,0,Cluster 0,1.0653481168024133,1,False,Normal
Kepler-154 c,Kepler-154,Transit,2014,62.303276,2.95,0.263,9.01,0.0283,454.0,915.212,5690.0,0.933,1.001,1,Cluster 1,0.9996953350573013,1,False,Normal
Kepler-390 c,Kepler-390,Transit,2014,13.060022,0.79,0.07,0.418,0.00131,630.0,435.277,5166.0,0.787,0.776,1,Cluster 1,1.1149084685649147,1,False,Normal
Kepler-967 c,Kepler-967,Transit,2016,198.7112502,3.65,0.32563119,12.9,0.0407,258.0,568.546,5178.0,0.84,0.8,1,Cluster 1,1.0470653238014902,1,False,Normal
Kepler-248 c,Kepler-248,Transit,2014,16.239494,4.07,0.363,15.6,0.049,598.0,738.792,5190.0,0.838,0.831,1,Cluster 1,1.155137695754771,1,False,Normal
Kepler-648 b,Kepler-648,Transit,2016,17.4211749,3.22,0.28726916,10.5,0.0329,674.0,636.03,5741.0,1.05,0.98,1,Cluster 1,1.0573403905136964,1,False,Normal
OGLE-2017-BLG-0406L b,OGLE-2017-BLG-0406L,Microlensing,2020,,14.2,1.27,130.0,0.41,,5200.0,,0.56,,0,Cluster 0,0.9895643256429573,1,False,Normal
OGLE-2018-BLG-1367L b,OGLE-2018-BLG-1367L,Microlensing,2022,,13.8,1.23,301.93698665,0.95,,5370.0,,0.28,,0,Cluster 0,0.9873935600076775,1,False,Normal
OGLE-2018-BLG-0932L b,OGLE-2018-BLG-0932L,Microlensing,2022,,13.9,1.24,282.86728223,0.89,,6620.0,,0.72,,0,Cluster 0,1.0129330006173107,1,False,Normal
OGLE-2017-BLG-0364L b,OGLE-2017-BLG-0364L,Microlensing,2024,,10.3,0.923,75.8,0.23849347,,7860.0,,0.49,,5,Cluster 5,1.1471817705977956,1,False,Normal
Gaia23braL b,Gaia23braL,Microlensing,2026,,13.5,1.21,518.06030341,1.63,129.2,4330.0,5055.0,0.774,1.36181,0,Cluster 0,1.1307363770869472,1,False,Normal
Kepler-1814 c,Kepler-1814,Transit,2023,0.626281766,1.76,0.15701695,3.75,0.0118,1711.0,726.346,4922.0,0.79,0.823,1,Cluster 1,1.020359981092422,1,False,Normal
Kepler-1588 b,Kepler-1588,Transit,2016,7.84931739,0.76,0.06780266,0.363,0.00114,925.0,924.141,5817.0,0.96,0.99,1,Cluster 1,1.0833208139594306,1,False,Normal
Kepler-436 b,Kepler-436,Transit,2015,64.00205,2.73,0.24,7.9,0.0249,322.0,588.867,4651.0,0.729,0.697,1,Cluster 1,1.0058357735242842,1,False,Normal
KOI-3503 c,KOI-3503,Transit,2021,31.828,1.21,0.10794916,10.36,0.03259621,686.0,887.064,6001.0,0.858,1.255,1,Cluster 1,1.5015141725577204,-1,True,Potential Outlier
Kepler-1491 c,Kepler-1491,Transit,2023,61.569765,2.44,0.21768259,6.53,0.0205,530.0,2065.59,5626.0,0.991,1.389,1,Cluster 1,1.1448247496409578,1,False,Normal
Kepler-158 c,Kepler-158,Transit,2014,28.551383,1.9,0.17,4.27,0.0134,418.0,315.177,4623.0,0.655,0.624,1,Cluster 1,1.015110869392406,1,False,Normal
MOA-2011-BLG-293L b,MOA-2011-BLG-293L,Microlensing,2012,3000.0,12.9,1.15,1500.0,4.8,,7720.0,,0.86,,0,Cluster 0,1.100811338347433,1,False,Normal
OGLE-2017-BLG-0173L b,OGLE-2017-BLG-0173L,Microlensing,2018,,1.62,0.145,3.269,0.01029,,4705.0,,0.396,,5,Cluster 5,1.0299878904355186,1,False,Normal
OGLE-2018-BLG-1269L b,OGLE-2018-BLG-1269L,Microlensing,2020,,14.1,1.25,210.0,0.67,,2510.0,,1.11,,0,Cluster 0,1.025911775839122,1,False,Normal
KMT-2021-BLG-0119L b,KMT-2021-BLG-0119L,Microlensing,2022,,12.8,1.14,1754.41280664,5.52,,3130.0,,0.56,,0,Cluster 0,1.1176442383627148,1,False,Normal
Kepler-968 c,Kepler-968,Transit,2016,5.709404918,1.69,0.1507717,3.5,0.011,644.0,290.324,4598.0,0.76,0.7,1,Cluster 1,1.0210295460633205,1,False,Normal
Kepler-28 b,Kepler-28,Transit,2011,5.91,1.959,0.17477057,1.63,0.00512855,585.0,438.359,4499.3,0.684,0.664,1,Cluster 1,1.038001352206067,1,False,Normal
Kepler-122 c,Kepler-122,Transit,2014,12.465988,5.87,0.524,29.0,0.0912,897.0,1027.45,6050.0,0.982,1.216,1,Cluster 1,1.108410003913765,1,False,Normal
MOA-2008-BLG-379L b,MOA-2008-BLG-379L,Microlensing,2013,,13.0,1.16,1300.0,4.1,,3300.0,,0.56,,0,Cluster 0,1.018770104133902,1,False,Normal
MOA-2022-BLG-091L b,MOA-2022-BLG-091L,Microlensing,2025,,13.0,1.16,1141.00398113,3.59,,4250.0,,0.75,,0,Cluster 0,1.0315213660805989,1,False,Normal
KMT-2023-BLG-2209L b,KMT-2023-BLG-2209L,Microlensing,2025,,13.9,1.24,254.2627256,0.8,,5570.0,,0.73,,0,Cluster 0,1.0194405913084654,1,False,Normal
Kepler-1533 b,Kepler-1533,Transit,2016,308.5471,3.46,0.30868052,11.8,0.0372,330.0,966.801,6431.0,1.31,1.51,1,Cluster 1,1.5860271981409764,-1,True,Potential Outlier
Kepler-558 b,Kepler-558,Transit,2016,29.00790538,2.37,0.21143724,6.21,0.0195,498.0,661.876,5242.0,0.85,0.81,1,Cluster 1,0.9657562204171622,1,False,Normal
Kepler-177 c,Kepler-177,Transit,2013,49.40926,8.73,0.77883843,14.7,0.04625114,497.0,1435.44,5732.0,0.921,1.324,0,Cluster 0,1.0535178241428889,1,False,Normal
OGLE-2014-BLG-1722L b,OGLE-2014-BLG-1722L,Microlensing,2018,,8.59,0.766,55.3,0.174,,6400.0,,0.4,,5,Cluster 5,1.035767397997596,1,False,Normal
OGLE-2015-BLG-1609L b,OGLE-2015-BLG-1609L,Microlensing,2025,,10.4,0.926,76.27881768,0.24,,3300.0,,0.17,,5,Cluster 5,1.1347853258009768,1,False,Normal
Kepler-690 b,Kepler-690,Transit,2016,7.748094374,5.95,0.53082345,29.6,0.0933,964.0,1665.31,5913.0,1.11,1.16,1,Cluster 1,1.070039630903868,1,False,Normal
Kepler-46 b,Kepler-46,Transit,2012,33.60134,9.057,0.808,1907.0,6.0,543.0,777.06,5155.0,0.902,0.938,0,Cluster 0,1.4117547399782784,1,False,Normal
Kepler-188 c,Kepler-188,Transit,2014,5.996553,3.19,0.285,10.3,0.0324,1025.0,968.544,6021.0,1.021,1.141,1,Cluster 1,1.0314593544209305,1,False,Normal
Kepler-586 b,Kepler-586,Transit,2016,2.104722184,2.79,0.24890713,8.2,0.0258,1365.0,693.766,5575.0,0.94,0.92,1,Cluster 1,1.0804968878762085,1,False,Normal
Kepler-245 d,Kepler-245,Transit,2014,36.277108,3.03,0.27,21.6,0.068,445.0,861.527,5100.0,0.856,0.795,1,Cluster 1,1.1157773653486214,1,False,Normal
OGLE-2013-BLG-0341L B b,OGLE-2013-BLG-0341L B,Microlensing,2014,,1.16,0.104,1.66,0.00522,,911.0,,0.1127,,5,Cluster 5,1.1034988582188192,1,False,Normal
KMT-2018-BLG-1976L b,KMT-2018-BLG-1976L,Microlensing,2021,,13.3,1.19,705.57906354,2.22,,5840.0,,0.65,,0,Cluster 0,0.9913877405315986,1,False,Normal
KMT-2017-BLG-0428L b,KMT-2017-BLG-0428L,Microlensing,2023,,2.23,0.199,5.59,0.01758811,,5400.0,,0.34,,5,Cluster 5,0.9765875698066487,1,False,Normal
KMT-2019-BLG-1806L b,KMT-2019-BLG-1806L,Microlensing,2023,,2.0,0.179,4.67,0.01469346,,6640.0,,0.74,,1,Cluster 1,1.1185250458566165,1,False,Normal
OGLE-2014-BLG-0124L b,OGLE-2014-BLG-0124L,Microlensing,2015,,14.1,1.25,206.58846455,0.65,,3500.0,,0.9,,0,Cluster 0,1.00741635997916,1,False,Normal
Kepler-1616 b,Kepler-1616,Transit,2016,6.76284377,1.02,0.0909983,1.04,0.00328,1337.0,1137.81,6266.0,1.21,1.34,1,Cluster 1,1.0435314811263274,1,False,Normal
Kepler-362 b,Kepler-362,Transit,2014,10.327186,0.88,0.079,0.615,0.00193,838.0,1090.51,5788.0,0.904,0.722,1,Cluster 1,1.2086837524191665,1,False,Normal
Kepler-612 b,Kepler-612,Transit,2016,3.722156413,2.84,0.25336783,8.45,0.0266,1046.0,1445.53,5693.0,0.98,0.96,1,Cluster 1,0.9927951751593923,1,False,Normal
Kepler-81 c,Kepler-81,Transit,2012,12.04,2.37,0.211,4.3,0.014,502.0,348.291,4385.0,0.64,0.59,1,Cluster 1,1.0196738132083136,1,False,Normal
OGLE-2013-BLG-1761L b,OGLE-2013-BLG-1761L,Microlensing,2017,,13.2,1.18,860.0,2.7,,6900.0,,0.33,,0,Cluster 0,1.0875954401747312,1,False,Normal
KMT-2016-BLG-1105L b,KMT-2016-BLG-1105L,Microlensing,2023,,1.33,0.118,2.32,0.00729954,,5080.0,,0.41,,5,Cluster 5,1.0416447506355708,1,False,Normal
TOI-5573 b,TOI-5573,Transit,2025,8.79758977,9.75,0.87,112.0,0.35,528.0,186.562,3790.0,0.619,0.594,0,Cluster 0,1.0802799910335419,1,False,Normal
Kepler-1144 b,Kepler-1144,Transit,2016,17.14647302,1.99,0.17753591,4.62,0.0145,811.0,1140.57,5753.0,0.98,0.96,1,Cluster 1,0.9732013110064204,1,False,Normal
Kepler-172 e,Kepler-172,Transit,2014,35.118736,2.76,0.246,8.05,0.0253,550.0,828.592,5526.0,1.081,1.085,1,Cluster 1,1.364023771447704,1,False,Normal
Kepler-694 b,Kepler-694,Transit,2016,6.365841612,2.8,0.24979927,8.25,0.0259,914.0,1023.06,5700.0,0.97,0.95,1,Cluster 1,1.017897872195046,1,False,Normal
K2-108 b,K2-108,Transit,2017,4.733999,5.33,0.47551075,59.4,0.18689236,1360.0,477.295,5599.0,1.17,1.76,1,Cluster 1,1.1781507624118168,1,False,Normal
TOI-201 d,TOI-201,Transit,2026,5.84889,1.39,0.12400771,5.8,0.01824884,1237.0,113.825,6423.0,1.32,1.31,1,Cluster 1,1.2152727230252702,1,False,Normal
Kepler-373 b,Kepler-373,Transit,2014,5.535309,1.36,0.121,2.42,0.00761,1054.0,1090.45,5787.0,0.981,0.845,1,Cluster 1,0.9788224822629115,1,False,Normal
Kepler-377 c,Kepler-377,Transit,2014,27.014976,2.06,0.184,4.9,0.0154,677.0,823.804,5949.0,1.043,1.224,1,Cluster 1,1.000455296545227,1,False,Normal
Kepler-444 d,Kepler-444,Transit,2015,6.189392,0.53,0.047,0.2,0.00062927,783.0,36.4396,5046.0,0.758,0.752,1,Cluster 1,1.3617533614068165,1,False,Normal
Kepler-1649 b,Kepler-1649,Transit,2017,8.689099,1.017,0.09073066,1.03,0.00325,307.0,92.1913,3240.0,0.1977,0.2317,1,Cluster 1,0.9751985641767706,1,False,Normal
Kepler-179 c,Kepler-179,Transit,2014,6.40013,2.0,0.178,4.66,0.0147,810.0,605.68,5302.0,0.893,0.759,1,Cluster 1,0.9961610085565246,1,False,Normal
K2-179 b,K2-179,Transit,2018,5.172191,2.51267885,0.22416619,6.86,0.0216,,190.81,5015.0,0.824345,0.768067,1,Cluster 1,0.9942043634102801,1,False,Normal
Kepler-219 d,Kepler-219,Transit,2014,47.903645,2.81,0.251,19.1,0.06,598.0,787.07,5786.0,1.164,1.491,1,Cluster 1,1.2771966115897693,1,False,Normal
Kepler-50 b,Kepler-50,Transit,2012,7.81254,1.71,0.153,8.9,0.02800253,1196.0,250.11,6225.0,1.24,1.58,1,Cluster 1,1.0250231702224988,1,False,Normal
Kepler-1787 b,Kepler-1787,Transit,2021,39.31370163,2.31898181,0.20688606,5.99,0.0188,540.0,778.602,6060.0,1.008,0.925,1,Cluster 1,1.0586532335587704,1,False,Normal
Kepler-1542 b,Kepler-1542,Transit,2016,3.95116882,0.76,0.06780266,0.363,0.00114,1160.0,399.114,5564.0,0.94,0.99,1,Cluster 1,1.043827189429265,1,False,Normal
Kepler-1444 b,Kepler-1444,Transit,2016,33.42035034,2.18,0.19448657,5.39,0.017,581.0,319.675,5810.0,1.03,1.05,1,Cluster 1,0.9773134704745431,1,False,Normal
Kepler-1997 b,Kepler-1997,Transit,2023,26.7575866,2.28,0.20340833,5.82,0.0183,660.0,1502.34,6215.0,1.111,1.052,1,Cluster 1,1.0264573040747575,1,False,Normal
Kepler-241 b,Kepler-241,Transit,2014,12.718092,2.33,0.208,6.04,0.019,562.0,512.0,4699.0,0.671,0.668,1,Cluster 1,1.0125500924646587,1,False,Normal
Kepler-1624 b,Kepler-1624,Transit,2016,3.290314,6.59,0.58792143,35.3,0.111,540.0,258.979,3768.0,0.541,0.552,1,Cluster 1,1.1537572339771398,1,False,Normal
K2-168 b,K2-168,Transit,2018,15.8523,1.86,0.16593809,4.12,0.013,766.35,243.935,5502.7,0.877,0.83,1,Cluster 1,1.0237588353083413,1,False,Normal
K2-119 b,K2-119,Transit,2017,7.727283,2.53,0.22571148,6.94,0.0218,666.0,365.581,4740.0,0.76,0.71,1,Cluster 1,0.9937681124801839,1,False,Normal
Kepler-730 c,Kepler-730,Transit,2018,2.85188338,1.56926,0.14,3.09,0.00971,1607.0,1935.04,5620.0,1.047,1.411,1,Cluster 1,0.9744323508679287,1,False,Normal
TOI-5319 b,TOI-5319,Transit,2024,4.07853,2.83,0.25247612,8.4,0.0264,695.0,61.171,3580.0,0.5,0.485,1,Cluster 1,1.0615803044919088,1,False,Normal
HD 80883 b,HD 80883,Radial Velocity,2022,6383.78352,12.8,1.14,1748.0562385,5.5,88.66,34.6011,5177.91,0.88,0.814842,0,Cluster 0,1.036339418280534,1,False,Normal
Kepler-1585 b,Kepler-1585,Transit,2016,3.5827463,1.79,0.1596931,3.86,0.0121,1064.0,944.465,5538.0,0.94,0.91,1,Cluster 1,0.9891439883774925,1,False,Normal
Kepler-1961 b,Kepler-1961,Transit,2021,5.604710102,1.6187808,0.1444182,3.25,0.0102,866.0,1042.45,5401.0,0.871,0.777,1,Cluster 1,1.0430660609285813,1,False,Normal
Kepler-1446 b,Kepler-1446,Transit,2016,0.689967832,0.82,0.0731555,0.477,0.0015,1539.0,152.075,4865.0,0.81,0.75,1,Cluster 1,1.059268954003302,1,False,Normal
Kepler-342 c,Kepler-342,Transit,2014,26.234138,1.96,0.175,4.5,0.0142,754.0,781.611,6175.0,1.213,1.472,1,Cluster 1,1.007335922674201,1,False,Normal
K2-121 b,K2-121,Transit,2017,5.185738,7.16,0.63877351,51.0,0.16046394,716.0,169.398,4526.0,0.71,0.675,0,Cluster 0,1.1639640708712238,1,False,Normal
Kepler-279 e,Kepler-279,Transit,2025,98.3531,4.13,0.36845456,56.0,0.1761957,552.0,1037.4,6689.45,1.164,1.43,1,Cluster 1,1.6604300155126588,-1,True,Potential Outlier
KOI-3680 b,KOI-3680,Transit,2018,141.241671,11.09691,0.99,613.4119,1.93,347.0,921.986,5830.0,1.01,0.96,0,Cluster 0,1.2315620144281811,1,False,Normal
Kepler-1638 b,Kepler-1638,Transit,2016,259.33683,1.87,0.16683023,4.16,0.0131,304.0,1525.52,5710.0,0.97,0.95,1,Cluster 1,1.127424555279074,1,False,Normal
K2-146 b,K2-146,Transit,2018,2.6446,2.05,0.18288875,5.77,0.01816,534.0,79.3002,3385.0,0.331,0.33,1,Cluster 1,1.0093492313949304,1,False,Normal
Kepler-677 b,Kepler-677,Transit,2016,6.57531678,5.38,0.47997145,25.0,0.0786,1015.0,1954.08,5723.0,1.0,0.99,1,Cluster 1,1.1360538002378107,1,False,Normal
TOI-5344 b,TOI-5344,Transit,2023,3.792622,10.60369574,0.946,130.94530368,0.412,689.0,138.367,3747.0,0.612,0.588,0,Cluster 0,0.9661914302341825,1,False,Normal
Kepler-1811 b,Kepler-1811,Transit,2021,76.42230225,3.84829873,0.34332281,14.1,0.0445,455.0,1390.56,5561.0,0.946,1.19,1,Cluster 1,1.0793375338290037,1,False,Normal
Kepler-481 b,Kepler-481,Transit,2016,10.06082567,2.5,0.22303506,6.8,0.0214,899.0,813.724,5802.0,1.01,1.09,1,Cluster 1,0.9871240248194866,1,False,Normal
Kepler-375 c,Kepler-375,Transit,2014,19.986326,2.65,0.236,7.51,0.0236,720.0,1238.81,5826.0,0.891,0.837,1,Cluster 1,1.0798834418177252,1,False,Normal
Kepler-113 c,Kepler-113,Transit,2014,8.92507,2.18,0.194,8.7,0.02737312,628.0,262.351,4725.0,0.75,0.69,1,Cluster 1,1.084977530726626,1,False,Normal
Kepler-9 b,Kepler-9,Transit,2010,19.23891,8.29,0.73958426,43.4,0.13655099,661.0,628.257,5774.0,1.022,0.958,0,Cluster 0,1.0071774889039662,1,False,Normal
Kepler-1590 b,Kepler-1590,Transit,2016,7.61760804,1.14,0.10170399,1.55,0.00489,1020.0,771.152,6053.0,1.11,1.16,1,Cluster 1,1.0321983755277022,1,False,Normal
Kepler-1514 b,Kepler-1514,Transit,2016,217.83184,12.419572,1.108,1678.1424,5.28,387.9,397.292,6145.0,1.196,1.289,0,Cluster 0,1.0364327189024605,1,False,Normal
Kepler-175 b,Kepler-175,Transit,2014,11.903515,2.56,0.228,7.08,0.0223,827.0,1312.34,6064.0,0.969,1.01,1,Cluster 1,1.1525156087716915,1,False,Normal
K2-83 b,K2-83,Transit,2016,2.74697,1.244,0.11098225,2.08,0.00654,707.17,125.529,3910.0,0.484,0.424,1,Cluster 1,1.0178889517704175,1,False,Normal
Kepler-231 c,Kepler-231,Transit,2014,19.271566,1.93,0.172,24.1,0.076,393.0,316.618,3767.0,0.58,0.49,1,Cluster 1,1.0458852496343238,1,False,Normal
Kepler-1683 b,Kepler-1683,Transit,2020,15.0337,1.87477762,0.16725646,4.17,0.0131,669.0,733.143,5429.0,0.95,0.900327,1,Cluster 1,1.041631421824406,1,False,Normal
Kepler-1653 b,Kepler-1653,Transit,2017,140.2524,2.17,0.19359443,5.35,0.0168,284.0,755.0,4807.0,0.719,0.693,1,Cluster 1,1.0435810885450048,1,False,Normal
Kepler-150 c,Kepler-150,Transit,2014,7.381998,3.69,0.329,13.2,0.0415,876.0,891.092,5560.0,0.956,0.939,1,Cluster 1,1.1769773231187692,1,False,Normal
Kepler-239 b,Kepler-239,Transit,2014,11.763051,2.33,0.208,6.04,0.019,616.0,648.109,4914.0,0.757,0.763,1,Cluster 1,0.9888779514758109,1,False,Normal
Kepler-343 c,Kepler-343,Transit,2014,23.22182,2.02,0.18,4.74,0.0149,746.0,927.193,5807.0,1.055,1.433,1,Cluster 1,1.0065081217535485,1,False,Normal
TOI-5380 b,TOI-5380,Transit,2026,3.77229247873,3.48093238,0.31054852,11.9,0.0375,1479.0,286.781,6400.78,1.343,1.5621,1,Cluster 1,1.1899170869590878,1,False,Normal
Kepler-1022 b,Kepler-1022,Transit,2016,10.99469878,2.36,0.2105451,6.17,0.0194,512.0,420.042,4445.0,0.71,0.68,1,Cluster 1,0.974801864167185,1,False,Normal
Kepler-354 b,Kepler-354,Transit,2014,5.47666,1.84,0.164,4.04,0.0127,741.0,554.064,4648.0,0.652,0.674,1,Cluster 1,1.0401771812566367,1,False,Normal
Kepler-1434 b,Kepler-1434,Transit,2016,8.05333618,1.11,0.09902757,1.41,0.00444,1320.0,775.529,6291.0,1.47,2.04,1,Cluster 1,1.3224446787347883,1,False,Normal
Kepler-1593 b,Kepler-1593,Transit,2016,174.509835,3.17,0.28280846,10.2,0.032,260.0,638.249,4995.0,0.81,0.77,1,Cluster 1,1.0070964561198212,1,False,Normal
Kepler-1453 b,Kepler-1453,Transit,2016,47.1611696,2.67,0.23820145,7.61,0.0239,503.0,1196.04,5665.0,0.97,0.94,1,Cluster 1,0.9649750261865198,1,False,Normal
Kepler-1989 b,Kepler-1989,Transit,2023,10.161023528,4.62,0.4121695,19.3,0.0607,904.0,1252.13,6032.0,0.999,1.06,1,Cluster 1,1.1500269701278187,1,False,Normal
K2-122 b,K2-122,Transit,2017,2.2193023,1.16,0.10348845,1.65,0.00521,769.0,72.0444,4009.0,0.63,0.59,1,Cluster 1,0.9967503403804743,1,False,Normal
Kepler-1046 b,Kepler-1046,Transit,2016,14.37508035,1.71,0.15255598,3.57,0.0112,786.0,721.534,5913.0,1.04,1.04,1,Cluster 1,0.9915216063235844,1,False,Normal
Kepler-122 b,Kepler-122,Transit,2014,5.766193,2.34,0.209,6.08,0.0191,1159.0,1027.45,6050.0,0.982,1.216,1,Cluster 1,1.0972936548991437,1,False,Normal
Kepler-1907 c,Kepler-1907,Transit,2021,14.86390018,1.15547044,0.10308435,1.63,0.00513,620.0,292.111,5159.0,0.752,0.8,1,Cluster 1,1.0679232408415362,1,False,Normal
Kepler-1594 b,Kepler-1594,Transit,2016,2.71603809,1.06,0.09456687,1.2,0.00377,1360.0,976.868,5946.0,1.06,1.08,1,Cluster 1,1.0229072003375101,1,False,Normal
Kepler-80 b,Kepler-80,Transit,2012,7.05246,2.67,0.23820145,6.93,0.02180411,547.0,369.451,4540.0,0.73,0.678,1,Cluster 1,1.0492671213739462,1,False,Normal
Kepler-438 b,Kepler-438,Transit,2015,35.23319,1.12,0.1,1.46,0.00459,288.0,195.94287175,3748.0,0.544,0.52,1,Cluster 1,1.0781350691653266,1,False,Normal
Kepler-1455 b,Kepler-1455,Transit,2016,49.276764,2.16,0.19270229,5.31,0.0167,298.0,357.621,4075.0,0.62,0.6,1,Cluster 1,1.0139975596030462,1,False,Normal
Kepler-1490 b,Kepler-1490,Transit,2016,92.4362973,3.04,0.27121063,9.48,0.0298,348.0,862.92,5515.0,0.9,0.87,1,Cluster 1,0.9954136485933835,1,False,Normal
Kepler-700 b,Kepler-700,Transit,2016,80.8720639,5.99,0.53439201,30.0,0.0944,452.0,1491.76,5692.0,0.98,0.96,0,Cluster 0,1.0279811666674568,1,False,Normal
K2-345 b,K2-345,Transit,2021,10.367437,2.11,0.18824192,5.1,0.016,437.0,162.408,3779.0,0.56,0.52,1,Cluster 1,0.9626537593869156,1,False,Normal
Kepler-1133 b,Kepler-1133,Transit,2016,11.55562343,1.97,0.17575163,4.54,0.0143,703.0,753.135,5569.0,0.93,0.9,1,Cluster 1,1.0077518483066572,1,False,Normal
Kepler-1953 b,Kepler-1953,Transit,2021,6.245659828,1.28574667,0.11470683,2.2,0.00692,731.0,605.631,4858.0,0.786,0.707,1,Cluster 1,0.9976952740424327,1,False,Normal
Kepler-53 b,Kepler-53,Transit,2012,18.6489525,2.89,0.258,111.0,0.34924506,701.0,1366.07,5858.0,0.98,0.89,1,Cluster 1,1.0355136351122782,1,False,Normal
Kepler-1518 b,Kepler-1518,Transit,2016,5.11177904,3.05,0.27210277,9.53,0.03,1351.0,903.51,6846.0,1.54,1.88,1,Cluster 1,1.1889376511396432,1,False,Normal
Kepler-251 b,Kepler-251,Transit,2014,4.790936,1.33,0.119,2.33,0.00733,990.0,924.625,5526.0,0.891,0.89,1,Cluster 1,0.9756748478727963,1,False,Normal
Kepler-370 c,Kepler-370,Transit,2014,19.02293,1.91,0.17,4.31,0.0136,647.0,1167.94,5852.0,0.982,0.9,1,Cluster 1,1.0272833786552404,1,False,Normal
Kepler-1161 b,Kepler-1161,Transit,2016,10.71252541,2.13,0.19002587,5.18,0.0163,485.0,547.726,4253.0,0.59,0.57,1,Cluster 1,1.0170687460922267,1,False,Normal
Kepler-1184 b,Kepler-1184,Transit,2016,53.5991044,2.68,0.23909359,7.65,0.0241,529.0,1157.84,5983.0,1.05,1.07,1,Cluster 1,0.9787205075372338,1,False,Normal
Kepler-1181 c,Kepler-1181,Transit,2023,8.93484887,1.83,0.16326195,4.01,0.0126,1124.0,938.417,6688.0,1.336,1.347,1,Cluster 1,1.2348118708749676,1,False,Normal
Kepler-1599 b,Kepler-1599,Transit,2016,122.363553,1.62,0.14452672,3.26,0.0102,407.0,1328.2,5767.0,0.99,0.99,1,Cluster 1,1.1840683717824514,1,False,Normal
Kepler-442 b,Kepler-442,Transit,2015,112.3053,1.34,0.12,2.36,0.00742,241.0,365.965,4402.0,0.609,0.598,1,Cluster 1,1.143393150997829,1,False,Normal
Kepler-1185 b,Kepler-1185,Transit,2016,104.3518976,1.33,0.11865465,2.33,0.00733,355.0,459.273,5622.0,0.96,0.87,1,Cluster 1,1.2011017711383019,1,False,Normal
K2-181 b,K2-181,Transit,2018,6.8941,2.69,0.23998614,7.7,0.0242,949.0,360.911,5528.0,0.96,1.06,1,Cluster 1,1.019522138591975,1,False,Normal
Kepler-31 d,Kepler-31,Transit,2014,87.6451,3.9,0.3479347,2161.244,6.8,484.0,1664.64,6340.0,1.21,1.22,6,Cluster 6,1.295448294139737,1,False,Normal
Kepler-1070 b,Kepler-1070,Transit,2016,6.2216147,1.73,0.15434026,3.64,0.0115,1101.0,939.001,6261.0,1.21,1.32,1,Cluster 1,1.0092594666723442,1,False,Normal
Kepler-1162 b,Kepler-1162,Transit,2016,32.5637069,2.21,0.19716299,5.52,0.0174,490.0,940.211,5390.0,0.89,0.84,1,Cluster 1,0.9975346110163421,1,False,Normal
Kepler-1560 b,Kepler-1560,Transit,2016,3.03195744,0.89,0.07940048,0.64,0.00201,1269.0,502.497,5815.0,1.02,1.02,1,Cluster 1,1.0083108499950537,1,False,Normal
Kepler-1702 b,Kepler-1702,Transit,2020,18.5012,1.60190793,0.14291265,3.2,0.0101,555.0,857.14,5093.0,0.85,0.725742,1,Cluster 1,1.0509908876949061,1,False,Normal
Kepler-1621 b,Kepler-1621,Transit,2016,92.263714,2.16,0.19270229,5.31,0.0167,469.0,1631.66,6158.0,1.15,1.24,1,Cluster 1,1.0452924545578597,1,False,Normal
Kepler-240 c,Kepler-240,Transit,2014,7.953528,2.2,0.196,102.3,0.322,696.0,746.927,4985.0,0.868,0.739,2,Cluster 2,1.2639270504894535,1,False,Normal
Kepler-1972 c,Kepler-1972,Transit,2022,11.3295,0.868,0.07743791,2.11,0.0066388,1215.0,287.339,5818.0,1.12,1.384,1,Cluster 1,1.8894871921855223,-1,True,Potential Outlier
K2-278 b,K2-278,Transit,2018,3.334966,2.98,0.26585779,9.17,0.0288,1711.0,786.439,6747.0,1.4,1.61,1,Cluster 1,1.2198662013110957,1,False,Normal
Kepler-42 d,Kepler-42,Transit,2011,1.865169,0.57,0.051,0.357785,0.00112572,450.0,40.0595,3068.0,0.13,0.17,1,Cluster 1,1.1219558911001688,1,False,Normal
Kepler-1050 b,Kepler-1050,Transit,2016,15.3787546,1.6,0.14274244,3.19,0.01,1039.0,490.488,6010.0,1.09,1.13,1,Cluster 1,0.9992371978592389,1,False,Normal
Kepler-1001 b,Kepler-1001,Transit,2016,14.30511983,3.15,0.28102418,10.1,0.0317,693.0,928.978,5491.0,0.9,0.88,1,Cluster 1,1.039019067795526,1,False,Normal
Kepler-478 b,Kepler-478,Transit,2016,13.2217576,2.71,0.24177001,7.8,0.0245,640.0,420.0,5210.0,0.85,0.8,1,Cluster 1,0.968743966795264,1,False,Normal
Kepler-1164 b,Kepler-1164,Transit,2016,3.97599768,1.12,0.09991971,1.46,0.00459,936.0,431.622,5183.0,0.85,0.79,1,Cluster 1,0.9864297105506006,1,False,Normal
Kepler-692 b,Kepler-692,Transit,2016,21.81293494,3.11,0.27745562,9.85,0.031,639.0,991.336,5440.0,0.9,0.86,1,Cluster 1,1.049306269219764,1,False,Normal
Kepler-1464 c,Kepler-1464,Transit,2016,5.32786292,1.0,0.08921402,0.972,0.00306,1023.0,1151.73,5828.0,1.02,1.01,1,Cluster 1,0.9922713096828202,1,False,Normal
K2-268 c,K2-268,Transit,2018,9.327527,2.69,0.23998614,7.7,0.0242,696.0,327.783,5106.0,0.84,0.78,1,Cluster 1,1.0168646903245862,1,False,Normal
Kepler-594 b,Kepler-594,Transit,2016,13.64618192,2.18,0.19448657,5.39,0.017,678.0,769.2,5485.0,0.91,0.87,1,Cluster 1,0.9938306170892535,1,False,Normal
Kepler-23 c,Kepler-23,Transit,2011,10.74,3.005,0.26808861,7.81,0.02457301,1008.0,835.756,5828.0,1.078,1.548,1,Cluster 1,1.1178894962416694,1,False,Normal
Kepler-150 b,Kepler-150,Transit,2014,3.428054,1.25,0.112,2.1,0.0066,1131.0,891.092,5560.0,0.956,0.939,1,Cluster 1,0.9951700842702514,1,False,Normal
Kepler-199 b,Kepler-199,Transit,2014,23.637604,3.11,0.277,9.85,0.031,595.0,521.054,5644.0,0.96,0.967,1,Cluster 1,1.021668223558413,1,False,Normal
Kepler-1499 b,Kepler-1499,Transit,2016,44.2008,1.19,0.10616469,1.81,0.0057,409.0,309.869,5097.0,0.82,0.78,1,Cluster 1,1.2232774685923558,1,False,Normal
Kepler-1498 b,Kepler-1498,Transit,2016,48.051405,1.33,0.11865465,2.33,0.00733,564.0,740.0,5256.0,0.86,0.81,1,Cluster 1,1.0680242359561227,1,False,Normal
Kepler-611 b,Kepler-611,Transit,2016,2.437033302,1.65,0.14720314,3.36,0.0106,1513.0,1395.56,5761.0,1.01,1.01,1,Cluster 1,0.9893382559860839,1,False,Normal
TOI-5502 b,TOI-5502,Transit,2026,11.62592988285,4.1287378,0.36834195,15.9,0.0502,870.0,248.654,6088.71,1.244,1.32375,1,Cluster 1,1.1752303982345444,1,False,Normal
Kepler-1141 b,Kepler-1141,Transit,2016,2.344511944,0.82,0.0731555,0.477,0.0015,1471.0,393.642,5791.0,1.01,1.07,1,Cluster 1,0.9951478050195517,1,False,Normal
Kepler-1073 b,Kepler-1073,Transit,2016,8.67888593,2.3,0.20519226,5.9,0.0186,905.0,809.897,5792.0,1.0,1.0,1,Cluster 1,0.977288865610426,1,False,Normal
Kepler-1170 b,Kepler-1170,Transit,2016,9.98969327,2.41,0.2150058,6.39,0.0201,705.0,1050.45,5069.0,0.8,0.76,1,Cluster 1,1.0157939620166618,1,False,Normal
Kepler-157 d,Kepler-157,Transit,2016,7.02573474,1.46,0.13025248,2.73,0.00859,969.0,773.713,5866.0,1.02,1.03,1,Cluster 1,0.9729106181997583,1,False,Normal
Kepler-549 c,Kepler-549,Transit,2016,117.040498,2.93,0.26139709,8.91,0.028,349.0,635.145,5360.0,0.88,0.84,1,Cluster 1,0.9850950237052531,1,False,Normal
Kepler-688 b,Kepler-688,Transit,2016,3.895936844,9.76,0.87072888,68.7,0.216,1005.0,1357.75,5715.0,0.98,0.96,0,Cluster 0,1.0029947258733374,1,False,Normal
Kepler-632 b,Kepler-632,Transit,2016,30.99660733,2.21,0.19716299,5.52,0.0174,500.0,349.0,5322.0,0.91,0.84,1,Cluster 1,1.0248025282821893,1,False,Normal
Kepler-1502 b,Kepler-1502,Transit,2016,41.7083629,3.18,0.2837006,10.2,0.0322,608.0,1514.02,6666.0,1.44,1.72,1,Cluster 1,1.3126357939100148,1,False,Normal
Kepler-253 b,Kepler-253,Transit,2014,3.783986,1.63,0.145,3.29,0.0104,949.0,838.595,5208.0,0.86,0.786,1,Cluster 1,0.9932449534380675,1,False,Normal
Kepler-1119 b,Kepler-1119,Transit,2016,8.3265153,1.92,0.17129093,4.35,0.0137,938.0,1757.23,6083.0,1.11,1.17,1,Cluster 1,0.9816980855435851,1,False,Normal
Kepler-543 b,Kepler-543,Transit,2016,13.89961966,2.5,0.22303506,6.8,0.0214,521.0,221.802,4671.0,0.7,0.67,1,Cluster 1,0.9902359903998145,1,False,Normal
Kepler-693 b,Kepler-693,Transit,2016,15.37563332,10.18,0.90819877,73.8,0.232,600.0,1151.51,4881.0,0.76,0.72,0,Cluster 0,1.0326365227352787,1,False,Normal
Kepler-1710 b,Kepler-1710,Transit,2021,14.91110039,3.19744103,0.28525707,3.49494179,0.01099626,694.0,305.193,5650.0,0.932,0.899,1,Cluster 1,1.0163901520063214,1,False,Normal
Kepler-1928 b,Kepler-1928,Transit,2021,19.57783,1.992,0.17771464,4.63,0.0146,621.0,326.362,5720.0,1.01,0.92,1,Cluster 1,1.0069898529389898,1,False,Normal
Kepler-1999 b,Kepler-1999,Transit,2023,8.7396758,3.29,0.29351465,10.8,0.0341,577.0,701.255,4406.0,0.632,0.628,1,Cluster 1,1.1075690707860752,1,False,Normal
KOI-7368 b,KOI-7368,Transit,2022,6.8430344,2.22,0.198,5.56,0.0175,805.0,264.995,5241.0,0.879,0.874,1,Cluster 1,0.9827866673949993,1,False,Normal
K2-198 b,K2-198,Transit,2018,17.0428683,4.189,0.37371755,16.3,0.0514,715.8,110.567,5212.9,0.799,0.757,1,Cluster 1,1.1048867547098076,1,False,Normal
Kepler-227 c,Kepler-227,Transit,2014,54.418694,3.04,0.271,9.48,0.0298,443.0,1083.06,5854.0,0.954,1.091,1,Cluster 1,1.024179316939782,1,False,Normal
Kepler-26 d,Kepler-26,Transit,2014,3.543919,1.07,0.095,1.24,0.0039,652.0,335.307,4486.0,0.593,0.571,1,Cluster 1,1.0817961491084092,1,False,Normal
KELT-17 b,KELT-17,Transit,2016,3.0801716,17.093725,1.525,416.3573,1.31,2087.0,226.5,7454.0,1.635,1.645,0,Cluster 0,1.1114103371652033,1,False,Normal
IC 4651 9122 b,IC 4651 9122,Radial Velocity,2018,734.0,12.7,1.14,2002.329,6.3,513.04,859.324,4740.1,2.1,10.267424,3,Cluster 3,1.0275165650294484,1,False,Normal
GJ 229 b,GJ 229,Radial Velocity,2014,579.47495,3.97,0.354,14.93793513,0.047,111.85,5.75624,3564.0,0.509,0.46,1,Cluster 1,1.3363540339668363,1,False,Normal
GJ 180 c,GJ 180,Radial Velocity,2014,24.329,2.41,0.215,6.4,0.02013655,290.87,11.9407,3371.0,0.43,0.413049,1,Cluster 1,1.020773312169414,1,False,Normal
HD 68988 c,HD 68988,Radial Velocity,2021,16000.0,12.2,1.09,4776.96095721,15.03,87.5,60.8447,5883.41,1.171665,1.255733,0,Cluster 0,1.0474260863208058,1,False,Normal
KIC 5479689 b,KIC 5479689,Orbital Brightness Modulation,2021,1.701531,14.2,1.27,158.9142035,0.5,,454.95,5459.1,0.966,0.894,0,Cluster 0,0.9895542821056817,1,False,Normal
HD 93385 b,HD 93385,Radial Velocity,2021,7.3426,1.88,0.168,4.2,0.01321468,1141.0,43.3475,5977.0,1.04,1.18484,1,Cluster 1,0.9963957912770397,1,False,Normal
Kepler-294 c,Kepler-294,Transit,2014,6.6264,2.71,0.242,7.8,0.0245,895.0,1357.01,5913.0,0.947,0.976,1,Cluster 1,1.1288793634441634,1,False,Normal
TOI-4311 c,TOI-4311,Transit,2026,15.070425,2.47,0.22035902,13.58,0.04272746,671.0,134.988,5063.0,0.816,0.8441,1,Cluster 1,1.1407938868644028,1,False,Normal
WASP-118 b,WASP-118,Transit,2016,4.0460435,16.14096,1.44,163.36462,0.514,1729.0,376.658,6410.0,1.32,1.696,0,Cluster 0,0.9796563205743196,1,False,Normal
TAP 26 b,TAP 26,Radial Velocity,2017,10.79,13.5,1.2,527.5978,1.66,774.52,121.402,4620.0,1.04,1.17,0,Cluster 0,1.341725585117933,1,False,Normal
HD 92788 c,HD 92788,Radial Velocity,2019,11611.2975,13.0,1.16,1166.4361,3.67,91.27,34.6538,5744.0,1.15,1.14,0,Cluster 0,1.1837586395544903,1,False,Normal
GJ 422 b,GJ 422,Radial Velocity,2014,20.129,3.33,0.297,11.07,0.03482994,292.68,12.6631,3323.0,0.35,0.370328,1,Cluster 1,1.0885655676358394,1,False,Normal
GJ 414 A c,GJ 414 A,Radial Velocity,2021,749.83,8.4,0.74939781,53.83,0.16936727,124.7,11.8893,4120.0,0.65,0.68,0,Cluster 0,1.241360455011833,1,False,Normal
TOI-3593 b,TOI-3593,Transit,2025,3.8212867,11.02963701,0.984,565.73456446,1.78,1170.0,226.63,5550.0,1.015,0.918,0,Cluster 0,1.1050603978108442,1,False,Normal
WASP-195 b,WASP-195,Transit,2025,5.051928,10.31226224,0.92,33.05415433,0.104,1522.0,484.852,6300.0,1.3,1.578,0,Cluster 0,1.186317016105786,1,False,Normal
TOI-4529 b,TOI-4529,Transit,2026,5.879577,1.77,0.1579091,4.9,0.01541712,511.0,28.384,3697.0,0.482,0.48,1,Cluster 1,1.0373780347474513,1,False,Normal
HD 27631 b,HD 27631,Radial Velocity,2012,2198.14,13.5,1.21,495.81231492,1.56,147.61,50.2862,5737.0,0.944,0.923,0,Cluster 0,1.137538355351341,1,False,Normal
Wolf 503 b,Wolf 503,Transit,2018,6.00127,2.043,0.18226457,6.26,0.01969616,790.0,44.526,4716.0,0.688,0.689,1,Cluster 1,1.1525538495632675,1,False,Normal
WASP-183 b,WASP-183,Transit,2019,4.1117771,16.47723,1.47,159.55066,0.502,1111.0,325.377,5313.0,0.784,0.871,0,Cluster 0,1.6459451937575136,-1,True,Potential Outlier
Kepler-1747 b,Kepler-1747,Transit,2021,6.230319977,4.26508,0.38050561,16.8,0.053,875.0,1321.38,5477.0,0.983,0.865,1,Cluster 1,1.167920539521646,1,False,Normal
Kepler-906 b,Kepler-906,Transit,2016,41.6979976,2.11,0.18824159,5.1,0.016,537.0,757.791,6035.0,1.06,1.02,1,Cluster 1,1.0212538082797695,1,False,Normal
TOI-4551 b,TOI-4551,Transit,2023,9.95581,11.85910158,1.058,473.56432643,1.49,1655.0,215.986,4896.0,1.31,3.55,0,Cluster 0,1.7664932275082652,-1,True,Potential Outlier
HD 98649 b,HD 98649,Radial Velocity,2012,5384.0,12.5,1.11,3082.9355479,9.7,114.22,42.1727,5759.0,0.97,1.01,0,Cluster 0,0.9583002962363054,1,False,Normal
Kepler-780 b,Kepler-780,Transit,2016,0.677375164,0.89,0.07940048,0.64,0.00201,2099.0,557.652,5769.0,1.01,1.02,1,Cluster 1,1.0246243669165804,1,False,Normal
NGTS-16 b,NGTS-16,Transit,2021,4.84532,14.57167491,1.3,211.99154747,0.667,1177.0,898.168,5550.0,1.002,1.213,0,Cluster 0,1.0051348562971536,1,False,Normal
TOI-1634 b,TOI-1634,Transit,2021,0.98934551,1.759,0.15692774,4.9,0.01541712,900.0,35.2736,3550.0,0.502,0.45,1,Cluster 1,1.1079037752360652,1,False,Normal
Kepler-275 b,Kepler-275,Transit,2014,10.300682,2.34,0.209,6.08,0.0191,1015.0,2034.25,6165.0,1.189,1.383,1,Cluster 1,0.9838690227755806,1,False,Normal
Kepler-121 c,Kepler-121,Transit,2014,41.008011,2.27,0.203,5.77,0.0182,425.0,510.523,5311.0,0.859,0.701,1,Cluster 1,1.042259397200079,1,False,Normal
TOI-4342 c,TOI-4342,Transit,2023,10.688662,2.349,0.2095641,4.8,0.01510249,514.0,61.5204,3866.0,0.587,0.598,1,Cluster 1,1.0494865208789281,1,False,Normal
Kepler-168 b,Kepler-168,Transit,2014,4.425391,1.46,0.13,2.73,0.00859,1240.0,1343.6,6282.0,1.113,1.107,1,Cluster 1,1.0241409725271258,1,False,Normal
Kepler-471 b,Kepler-471,Transit,2016,5.014234575,14.96,1.33464181,,,1308.0,1249.41,6733.0,1.49,1.8,0,Cluster 0,1.3886611540444285,1,False,Normal
HD 42012 b,HD 42012,Radial Velocity,2017,857.5,13.5,1.21,508.528,1.6,182.63,36.7984,5405.0,0.83,0.82,0,Cluster 0,1.005538074910605,1,False,Normal
Qatar-10 b,Qatar-10,Transit,2019,1.645321,17.295487,1.543,233.92288,0.736,1955.0,559.068,6124.0,1.156,1.254,0,Cluster 0,1.002921046702177,1,False,Normal
GJ 720 A b,GJ 720 A,Radial Velocity,2021,19.466,3.77,0.336,13.64,0.04291624,401.0,15.5575,3837.0,0.57,0.56,1,Cluster 1,1.129971805247656,1,False,Normal
HD 137496 b,HD 137496,Transit,2021,1.62116,1.31,0.11687057,4.04,0.01271126,2130.0,155.317,5799.0,1.04,1.59,1,Cluster 1,0.9904113223120892,1,False,Normal
K2-389 b,K2-389,Transit,2022,8.58289,2.33,0.20786903,6.04,0.019,932.0,259.208,5773.0,0.99,1.094,1,Cluster 1,0.9860617970023025,1,False,Normal
Kepler-17 b,Kepler-17,Transit,2011,1.4857108,14.68,1.31,778.65,2.45,1570.0,720.753,5781.0,1.04,1.01034,0,Cluster 0,1.1239542434381964,1,False,Normal
Kepler-176 b,Kepler-176,Transit,2014,5.433074,1.43,0.128,290.537,0.91413163,841.0,527.321,5232.0,0.86,0.891,2,Cluster 2,1.9395656881440941,-1,True,Potential Outlier
NN Ser d,NN Ser,Eclipse Timing Variations,2010,2880.0,13.3,1.19,724.622,2.28,,515.818,57000.0,0.535,,7,Cluster 7,2.8060576849673327,-1,True,Potential Outlier
HD 214823 b,HD 214823,Radial Velocity,2016,1854.84424,12.1,1.08,5914.78665427,18.61,243.9,101.368,6215.0,1.115,2.04,0,Cluster 0,1.0309865261758184,1,False,Normal
Kepler-761 b,Kepler-761,Transit,2016,10.12804789,2.03,0.18110447,4.78,0.015,767.0,830.707,5706.0,0.95,0.93,1,Cluster 1,0.9779045334691837,1,False,Normal
TOI-216.01,TOI-216,Transit,2019,34.525528,10.1,0.9010632,177.98390792,0.56,497.0,177.945,5026.0,0.77,0.748,0,Cluster 0,1.0299980267222546,1,False,Normal
TOI-1259 A b,TOI-1259 A,Transit,2021,3.4779792,11.6,1.03488447,141.0,0.44363561,963.0,118.106,4775.0,0.746,0.715,0,Cluster 0,1.0372283395465445,1,False,Normal
Kepler-107 e,Kepler-107,Transit,2014,14.749143,2.903,0.25898876,14.1,0.04436356,955.0,525.997,5854.0,1.238,1.447,1,Cluster 1,1.128608251123914,1,False,Normal
Kepler-450 c,Kepler-450,Transit,2015,15.413135,2.62,0.23374074,12.5,0.0393292,944.0,455.982,6197.21,1.19,1.64162,1,Cluster 1,1.1825479900309424,1,False,Normal
TOI-4578 b,TOI-4578,Transit,2026,8.62392630369,2.26974262,0.20249322,5.77,0.0182,842.42,182.249,5951.32,1.077,0.878735,1,Cluster 1,1.0024120289862293,1,False,Normal
HD 1605 b,HD 1605,Radial Velocity,2015,577.2,13.8,1.23,296.85322,0.934,362.48,88.8047,4915.0,1.33,3.49,3,Cluster 3,1.103359457879165,1,False,Normal
HD 210193 b,HD 210193,Radial Velocity,2019,649.918,14.3,1.27,153.1,0.48170406,235.69,42.2029,5790.0,1.04,1.05971,0,Cluster 0,0.9651059409589111,1,False,Normal
HD 108236 c,HD 108236,Transit,2020,6.203449,2.071,0.18476224,4.94,0.0155,932.0,64.5978,5660.0,0.869,0.877,1,Cluster 1,1.0790401995409182,1,False,Normal
K2-392 b,K2-392,Transit,2022,15.398723,1.85,0.16504623,4.08,0.0128,,406.985,5726.0,0.841,1.058,1,Cluster 1,1.0774673634287704,1,False,Normal
TOI-4145 A b,TOI-4145 A,Transit,2023,4.0664428,13.30506009,1.187,136.66621501,0.43,1074.0,205.387,5281.0,0.905,0.859,0,Cluster 0,0.9934598531813282,1,False,Normal
TOI-4379 b,TOI-4379,Transit,2024,3.25352,16.69017226,1.489,353.74301699,1.113,1869.38,645.158,6020.0,1.372,1.976,0,Cluster 0,1.0112456308325986,1,False,Normal
Kepler-1663 b,Kepler-1663,Transit,2020,17.6046,3.30395896,0.29475948,10.9,0.0344,362.0,337.926,3844.0,0.610816,0.62859,1,Cluster 1,1.0516044060256258,1,False,Normal
Kepler-273 c,Kepler-273,Transit,2014,8.014927,1.98,0.177,4.58,0.0144,865.0,713.964,5626.0,0.756,0.815,1,Cluster 1,1.1696873419826896,1,False,Normal
GJ 3138 c,GJ 3138,Radial Velocity,2017,5.974,1.88,0.167,4.18,0.01315168,530.85,28.4712,3717.0,0.681,0.5,1,Cluster 1,1.3283473748287584,1,False,Normal
K2-291 b,K2-291,Transit,2019,2.225177,1.589,0.14176108,6.49,0.02041972,1278.0,90.0562,5520.0,0.934,0.899,1,Cluster 1,1.112618756201997,1,False,Normal
HD 39855 b,HD 39855,Radial Velocity,2019,3.2498,2.85,0.254,8.5,0.02674386,1145.89,23.2599,5576.0,0.87,0.744665,1,Cluster 1,1.0721055981019316,1,False,Normal
HIP 90988 b,HIP 90988,Radial Velocity,2021,455.73816,13.4,1.19,668.07531151,2.102,400.77,94.0349,4883.0,1.613,3.94,3,Cluster 3,1.1525219940042974,1,False,Normal
TOI-558 b,TOI-558,Transit,2021,14.574071,12.17295304,1.086,1147.36054927,3.61,1061.0,402.63,6466.0,1.349,1.496,0,Cluster 0,1.158055690153624,1,False,Normal
GPX-1 b,GPX-1,Transit,2021,1.744579,16.47720163,1.47,6261.2196179,19.7,2300.0,655.013,7000.0,1.68,1.56,0,Cluster 0,1.1614265533197419,1,False,Normal
TOI-3819 b,TOI-3819,Transit,2023,3.2443141,13.13692538,1.172,352.78953177,1.11,1633.0,558.141,5859.0,1.242,1.538,0,Cluster 0,1.0201861811841653,1,False,Normal
Kepler-181 b,Kepler-181,Transit,2014,3.137873,1.27,0.113,2.15,0.00678,1041.0,609.283,5333.0,0.81,0.749,1,Cluster 1,1.0593194441557383,1,False,Normal
K2-38 c,K2-38,Transit,2016,10.56103,2.29,0.20430047,8.3,0.02611472,916.0,192.69,5731.0,1.03,1.06,1,Cluster 1,1.1412008628118426,1,False,Normal
HD 224538 b,HD 224538,Radial Velocity,2016,1202.05199,12.7,1.13,2075.73732612,6.531,236.74,79.0608,6097.0,1.23,1.54,0,Cluster 0,1.0364332158402776,1,False,Normal
GJ 273 b,GJ 273,Radial Velocity,2017,18.6498,1.51,0.135,2.89,0.00909291,292.47,5.921535,3382.0,0.29,0.293,1,Cluster 1,0.9838841096772006,1,False,Normal
K2-292 b,K2-292,Transit,2019,16.9841,2.63,0.23463288,24.5,0.07708523,795.0,114.293,5725.0,1.0,1.09,1,Cluster 1,1.3646007733555001,1,False,Normal
GJ 4276 b,GJ 4276,Radial Velocity,2019,13.352,4.22,0.377,16.57,0.05213479,363.86,21.3362,3387.0,0.406,0.407,1,Cluster 1,1.2354827652938791,1,False,Normal
HD 102843 b,HD 102843,Radial Velocity,2019,3090.942,13.1,1.17,113.9,0.35836768,127.34,62.758,5436.0,0.95,0.961488,0,Cluster 0,1.0037915419648575,1,False,Normal
Kepler-271 b,Kepler-271,Transit,2014,10.43547805,1.23,0.10973325,2.04,0.00642,759.0,404.542,5555.0,0.9,0.87,1,Cluster 1,1.0060361007279224,1,False,Normal
CFHTWIR-Oph 98 b,CFHTWIR-Oph 98 A,Imaging,2020,8040000.0,20.8487041,1.86,2479.0615746,7.8,1800.0,,2320.0,0.0147,0.245,0,Cluster 0,2.3725967582199123,-1,True,Potential Outlier
TOI-1431 b,TOI-1431,Transit,2021,2.650237,16.70138124,1.49,991.62462984,3.12,2370.0,148.925,7690.0,1.9,1.92,0,Cluster 0,1.345215814485162,1,False,Normal
K2-395 c,K2-395,Transit,2022,8.491282,3.395,0.30288213,11.4,0.036,,286.727,5007.0,0.952,0.783,1,Cluster 1,1.3987994050620076,1,False,Normal
TOI-4406 b,TOI-4406,Transit,2023,30.08364,11.2089807,1.0,95.3485221,0.3,904.0,261.834,6219.0,1.19,1.29,0,Cluster 0,1.0048857741440425,1,False,Normal
Kepler-149 d,Kepler-149,Transit,2014,160.018032,3.96,0.353,14.9,0.0467,306.0,571.034,5381.0,1.013,0.953,1,Cluster 1,1.2761564220000585,1,False,Normal
TOI-4405 b,TOI-4405,Transit,2026,5.92143995316,2.55505441,0.22794708,7.06,0.0222,671.87,155.501,4467.38,0.68,0.687025,1,Cluster 1,1.0068719647524402,1,False,Normal
TOI-5027 b,TOI-5027,Transit,2025,10.24368,10.76062147,0.96,642.01338214,2.02,1056.0,204.429,5909.0,1.02,0.92,0,Cluster 0,1.2224057706374691,1,False,Normal
GJ 273 c,GJ 273,Radial Velocity,2017,4.7234,1.06,0.0942,1.18,0.00371268,462.26,5.921535,3382.0,0.29,0.293,1,Cluster 1,1.0011337955696313,1,False,Normal
HD 20781 d,HD 20781,Radial Velocity,2019,29.158,3.25,0.29,10.61,0.0334,570.19,35.9715,5256.0,0.7,0.833609,1,Cluster 1,1.5358554314069242,-1,True,Potential Outlier
HD 110113 b,HD 110113,Transit,2021,2.541,2.05,0.18288875,4.55,0.01431583,1371.0,106.307,5732.0,0.997,0.968,1,Cluster 1,1.051788871356425,1,False,Normal
HAT-P-63 b,HAT-P-63,Transit,2021,3.377728,12.5428494,1.119,195.1466419,0.614,1237.0,403.458,5400.0,0.925,0.9661,0,Cluster 0,0.9809801113007153,1,False,Normal
K2-398 b,K2-398,Transit,2022,6.393025,2.274,0.20287304,5.79,0.0182,,606.992,5946.0,0.945,1.239,1,Cluster 1,1.096059582715148,1,False,Normal
TOI-3862 b,TOI-3862,Transit,2026,1.55745774,5.53,0.493,53.7,0.1688,1539.0,249.02,5300.0,0.9,0.92,1,Cluster 1,1.3790062552512936,1,False,Normal
Kepler-284 c,Kepler-284,Transit,2014,37.514456,2.61,0.233,7.32,0.023,478.0,1031.95,5615.0,0.766,0.814,1,Cluster 1,1.2729590067127965,1,False,Normal
TOI-4662 b,TOI-4662,Transit,2026,4.70343764575,2.87998299,0.25693531,8.65,0.0272,741.0,111.047,4520.41,0.703,0.69375,1,Cluster 1,0.9931935621075982,1,False,Normal
HD 7924 c,HD 7924,Radial Velocity,2015,15.299,,,1762.67634522,5.546,583.6,16.9922,5075.0,0.832,0.7821,6,Cluster 6,1.0738851033642864,1,False,Normal
NGC 2682 YBP 401 b,NGC 2682 YBP 401,Radial Velocity,2016,4.087,14.3,1.27,146.2018,0.46,,830.822,6165.0,1.14,1.215821,0,Cluster 0,1.0758919961695126,1,False,Normal
WASP-142 b,WASP-142,Transit,2016,2.052868,17.14977,1.53,266.9772,0.84,2000.0,730.933,6010.0,1.33,1.64,0,Cluster 0,1.0340436839669163,1,False,Normal
WASP-171 b,WASP-171,Transit,2019,3.8186244,10.98482,0.98,344.52772,1.084,1642.0,757.84,5965.0,1.171,1.637,0,Cluster 0,1.138711428366451,1,False,Normal
TOI-1789 b,TOI-1789,Transit,2021,3.208664,16.14093221,1.44,222.4798849,0.7,1927.0,229.067,5991.0,1.507,2.168,0,Cluster 0,1.0768392490180336,1,False,Normal
HD 35843 c,HD 35843,Transit,2025,46.9622,2.54,0.22660401,11.32,0.0356167,479.0,69.6026,5666.0,0.94,0.897,1,Cluster 1,1.1783671679578183,1,False,Normal
TOI-4666 b,TOI-4666,Transit,2025,2.9089165,12.53164042,1.118,155.41809102,0.489,695.0,154.749,3793.0,0.576,0.585,0,Cluster 0,0.9637148505164459,1,False,Normal
BD+20 594 b,BD+20 594,Transit,2016,41.6855,2.57807,0.23,22.2481,0.07,546.0,179.461,5766.0,1.67,1.08,1,Cluster 1,1.6787994400673902,-1,True,Potential Outlier
Kepler-19 d,Kepler-19,Radial Velocity,2017,62.95,5.06,0.451,22.5,0.07079256,,218.562,5544.0,0.936,0.859,1,Cluster 1,1.0907339423671794,1,False,Normal
GJ 143 b,GJ 143,Transit,2019,35.61253,2.61,0.2328486,22.7,0.07142183,422.0,16.32,4640.0,0.73,0.695,1,Cluster 1,1.1560229276539755,1,False,Normal
WASP-182 b,WASP-182,Transit,2019,3.3769848,9.52765,0.85,47.03884,0.148,1479.0,327.602,5638.0,1.076,1.34,0,Cluster 0,1.0443164053405076,1,False,Normal
HD 107148 c,HD 107148,Radial Velocity,2021,18.3267,4.7,0.42,19.89605828,0.0626,799.68,49.4156,5752.92,1.105215,1.169193,1,Cluster 1,1.1209638673230033,1,False,Normal
Kepler-833 b,Kepler-833,Transit,2016,18.7546998,2.02,0.18021233,4.74,0.0149,382.0,467.37,4339.0,0.64,0.62,1,Cluster 1,0.985442157230786,1,False,Normal
Kepler-94 b,Kepler-94,Transit,2014,2.50806,3.51,0.313,10.84,0.034,997.0,191.904,4781.0,0.81,0.76,1,Cluster 1,1.2529977807743389,1,False,Normal
TOI-4463 A b,TOI-4463 A,Transit,2023,2.8807198,13.26022417,1.183,252.35575516,0.794,1395.0,173.117,5640.0,1.056,1.062,0,Cluster 0,0.9622770801185154,1,False,Normal
HATS-9 b,HATS-9,Transit,2015,1.915291,13.85,1.23561424,266.02371,0.837,1746.0,638.7,5599.0,1.1,1.56,0,Cluster 0,1.0522863998948337,1,False,Normal
TYC 0434-04538-1 b,TYC 0434-04538-1,Radial Velocity,2021,193.2,12.7,1.14,1938.763,6.1,877.8,613.422,4679.0,1.04,9.99,3,Cluster 3,1.038136895884478,1,False,Normal
Kepler-839 b,Kepler-839,Transit,2016,37.8144514,2.57,0.22928004,7.13,0.0224,626.0,944.561,6058.0,1.22,1.31,1,Cluster 1,0.9941601532703463,1,False,Normal
HD 27969 b,HD 27969,Radial Velocity,2021,654.5,12.9,1.15,1525.5763536,4.8,261.0,67.9328,5966.0,1.16,1.27,0,Cluster 0,0.9968976576260387,1,False,Normal
TOI-3912 b,TOI-3912,Transit,2023,3.4936264,14.28024141,1.274,129.03833324,0.406,1512.0,465.992,5725.0,1.088,1.392,0,Cluster 0,0.9887136531970292,1,False,Normal
Kepler-294 b,Kepler-294,Transit,2014,3.701212,1.77,0.158,3.78,0.0119,1087.0,1357.01,5913.0,0.947,0.976,1,Cluster 1,1.0593694151090625,1,False,Normal
TOI-4487 A b,TOI-4487 A,Transit,2025,3.9540709,14.60530185,1.303,397.28550875,1.25,1639.0,479.145,6206.0,1.378,1.634,0,Cluster 0,1.0033160979913864,1,False,Normal
K2-251 b,K2-251,Transit,2018,9.30075,2.35,0.20965296,6.12,0.0193,437.0,147.03,3717.0,0.52,0.49,1,Cluster 1,0.964600084668987,1,False,Normal
GJ 3512 b,GJ 3512,Radial Velocity,2019,203.109,14.3,1.27,146.51889563,0.461,97.19,9.48637,3141.0,0.123,0.139,4,Cluster 4,1.2214178663410764,1,False,Normal
HD 145675 c,14 Her,Radial Velocity,2021,15732.45889,12.6,1.12,2510.8444153,7.9,55.51,17.9323,5338.0,0.97,0.93,0,Cluster 0,0.9874585502887736,1,False,Normal
HD 95544 b,HD 95544,Radial Velocity,2021,2041.54152,12.8,1.14,1913.64483855,6.021,156.5,87.8049,5722.0,1.01,1.088,0,Cluster 0,0.9824966817134296,1,False,Normal
Kepler-309 b,Kepler-309,Transit,2014,5.923653,1.56,0.139,3.05,0.00961,531.0,544.568,4713.0,0.816,0.721,1,Cluster 1,1.1632452274341918,1,False,Normal
WASP-74 b,WASP-74,Transit,2015,2.13775,15.24424,1.36,228.8376,0.72,1865.0,149.216,5990.0,0.98,1.42,0,Cluster 0,1.1325379998522127,1,False,Normal
Qatar-7 b,Qatar-7,Transit,2019,2.032046,19.0553,1.7,597.5204,1.88,2053.0,705.981,6387.0,1.409,1.564,0,Cluster 0,1.079301196768281,1,False,Normal
Kepler-270 b,Kepler-270,Transit,2014,11.476094,2.01,0.179,4.7,0.0148,984.0,948.781,6067.0,1.17,1.461,1,Cluster 1,0.9931680999799586,1,False,Normal
TOI-628 b,TOI-628,Transit,2021,3.4095675,11.88154,1.06,2011.8639,6.33,1586.0,178.68,6250.0,1.311,1.345,0,Cluster 0,1.2177124150088405,1,False,Normal
HD 168009 b,HD 168009,Radial Velocity,2021,15.1479,3.05,0.272,9.53485221,0.03,887.57,23.3032,5778.33,0.986073,1.209505,1,Cluster 1,1.033800526271778,1,False,Normal
HD 164922 e,HD 164922,Radial Velocity,2021,41.763,3.23,0.288,10.52012027,0.0331,543.73,22.0016,5393.43,0.921146,1.001813,1,Cluster 1,1.0477093275933664,1,False,Normal
HD 115954 b,HD 115954,Radial Velocity,2021,3700.0,12.6,1.12,2685.65003915,8.45,144.9,87.6437,5957.0,1.18,1.213,0,Cluster 0,1.0024485323556667,1,False,Normal
TOI-1278 b,TOI-1278,Transit,2021,14.47567,12.21778896,1.09,5879.8255295,18.5,407.87,75.5759,3799.0,0.54,0.573,0,Cluster 0,1.105081089593558,1,False,Normal
LHS 1678 b,LHS 1678,Transit,2021,0.8602325,0.685,0.06111171,0.35,0.00110122,830.44,19.8782,3490.0,0.345,0.329,1,Cluster 1,1.0089073900940093,1,False,Normal
TOI-3980 b,TOI-3980,Transit,2025,3.6089254,14.4595851,1.29,187.51876013,0.59,1621.0,486.721,5840.0,1.24,1.626,0,Cluster 0,0.979817612185402,1,False,Normal
Kepler-903 b,Kepler-903,Transit,2016,10.3507721,2.01,0.17932019,4.7,0.0148,842.0,1369.24,5682.0,0.98,0.97,1,Cluster 1,0.9609419618056545,1,False,Normal
Kepler-84 c,Kepler-84,Transit,2012,12.883,2.36,0.211,20.2,0.064,865.0,1023.9,6039.0,1.0,1.43,1,Cluster 1,1.4256849501522486,1,False,Normal
TOI-4507 b,TOI-4507,Transit,2025,104.61611,8.2,0.73155626,20.0,0.06292704,464.8,178.26,6260.0,1.11,1.04,0,Cluster 0,1.060139585216156,1,False,Normal
TOI-5160 b,TOI-5160,Transit,2026,4.280773256,2.39729851,0.21387302,6.33,0.0199,1016.0,151.465,5622.14,1.003,1.03315,1,Cluster 1,0.9952470043829186,1,False,Normal
EPIC 211822797 b,EPIC 211822797,Transit,2016,21.1701963,1.92,0.17129122,4.35,0.0137,431.0,186.197,4057.0,0.62,0.58,1,Cluster 1,0.9976044617422554,1,False,Normal
K2-254 c,K2-254,Transit,2018,12.11839,2.19,0.19537871,5.43,0.0171,551.0,227.775,4629.0,0.71,0.67,1,Cluster 1,0.9887112556222455,1,False,Normal
GJ 160.2 b,GJ 160.2,Radial Velocity,2014,5.2354,3.17,0.283,10.2,0.03209263,736.99,25.8557,4347.0,0.69,0.655173,1,Cluster 1,1.0527763790810092,1,False,Normal
HD 39194 d,HD 39194,Radial Velocity,2021,33.874,2.12,0.19,5.16,0.01623518,503.31,26.4131,5205.0,0.86,0.783742,1,Cluster 1,0.9614762078298323,1,False,Normal
Kepler-304 b,Kepler-304,Transit,2014,3.295709,2.86,0.255,8.55,0.0269,875.0,434.684,4731.0,0.737,0.687,1,Cluster 1,1.1950394587747406,1,False,Normal
Kepler-1756 b,Kepler-1756,Transit,2021,2.355750084,1.47199944,0.13132322,2.77,0.00871,1093.0,,4915.0,0.781,0.812,1,Cluster 1,1.0505109986267462,1,False,Normal
EPIC 206317286 c,EPIC 206317286,Transit,2022,17.515472,2.094,0.18681449,5.03,0.0158,,314.35,4752.0,0.832,0.758,1,Cluster 1,1.0599668650172522,1,False,Normal
Kepler-195 b,Kepler-195,Transit,2014,8.307872,2.03,0.181,4.78,0.015,751.0,652.051,5329.0,0.867,0.775,1,Cluster 1,0.9889118845504831,1,False,Normal
K2-28 b,K2-28,Transit,2016,2.260455,2.32,0.20697654,5.99,0.0189,568.0,62.9969,3214.0,0.257,0.288,1,Cluster 1,1.0691259493075589,1,False,Normal
Kepler-1724 b,Kepler-1724,Transit,2021,6.45442009,2.83677238,0.25308032,8.43,0.0265,999.0,1060.77,6092.0,1.016,0.943,1,Cluster 1,1.0615141224716405,1,False,Normal
HAT-P-7 b,HAT-P-7,Transit,2008,2.20474,16.92559,1.51,584.8072,1.84,2733.0,341.079,6389.0,1.56,2.0,0,Cluster 0,1.3461616824542895,1,False,Normal
Kepler-551 b,Kepler-551,Transit,2016,12.3764661,2.73,0.24355429,7.9,0.0249,483.0,311.175,4286.0,0.65,0.63,1,Cluster 1,0.9931485174232609,1,False,Normal
K2-44 b,K2-44,Transit,2016,5.657,2.433,0.21705772,6.5,0.0204,1211.0,476.703,5912.0,1.15,1.58,1,Cluster 1,1.1073490230936842,1,False,Normal
K2-27 b,K2-27,Transit,2016,6.771347,4.74,0.4228752,30.2,0.09501983,836.0,249.645,5246.0,0.88,0.876,1,Cluster 1,1.2137988715651828,1,False,Normal
K2-378 b,K2-378,Transit,2022,2.060438,2.88,0.25693683,8.65,0.0272,,687.973,4823.0,0.923,0.732,1,Cluster 1,1.4247420480197743,1,False,Normal
K2-42 b,K2-42,Transit,2016,6.68796,2.15,0.19181015,5.27,0.0166,718.09,396.913,4613.0,0.702,0.643,1,Cluster 1,0.9878915139840038,1,False,Normal
K2-193 b,K2-193,Transit,2018,14.786889,3.95,0.3523954,14.8,0.0465,739.0,411.923,5817.0,1.01,0.98,1,Cluster 1,1.0848422447307082,1,False,Normal
Kepler-452 b,Kepler-452,Transit,2015,384.843,1.63,0.14541886,3.29,0.0104,265.0,551.727,5757.0,1.037,1.11,1,Cluster 1,1.3199500155231187,1,False,Normal
Kepler-220 c,Kepler-220,Transit,2014,9.034199,1.57,0.14,3.09,0.00972,586.0,171.109,4632.0,0.729,0.666,1,Cluster 1,1.0272290041361538,1,False,Normal
Kepler-228 d,Kepler-228,Transit,2014,11.094286,4.04,0.36,15.4,0.0483,835.0,1644.61,6043.0,1.006,1.014,1,Cluster 1,1.1835692548295778,1,False,Normal
Kepler-565 b,Kepler-565,Transit,2016,4.243747226,3.64,0.32473905,12.9,0.0405,1063.0,1041.0,5735.0,0.98,0.95,1,Cluster 1,1.0344275506635507,1,False,Normal
K2-35 b,K2-35,Transit,2016,2.399964,1.32,0.11776251,2.3,0.00724,979.0,252.596,4402.71,0.701968,0.619575,1,Cluster 1,1.0526996298571292,1,False,Normal
Kepler-1720 b,Kepler-1720,Transit,2021,12.70639992,3.21585295,0.28689968,10.4,0.0328,697.0,629.445,5573.0,0.939,0.839,1,Cluster 1,1.0103366654787531,1,False,Normal
K2-368 b,K2-368,Transit,2022,5.025598,1.332,0.11883329,2.34,0.00735,,206.608,4663.0,0.746,0.663,1,Cluster 1,0.9874786519612595,1,False,Normal
